2023-05-22 10:51:51,359 [INFO] Activator:176 - 


2023-05-22 10:51:51,364 [INFO] Activator:177 - !SESSION log4j initialized
2023-05-22 10:51:56,594 [ERROR] LogOutputStream:75 - [STDERR_REDIRECT] 
2023-05-22 10:51:57,237 [INFO] LogOutputStream:77 - [STDOUT_REDIRECT] 
2023-05-22 10:52:00,131 [INFO] LogOutputStream:77 - [STDOUT_REDIRECT] 
2023-05-22 10:52:21,642 [ERROR] LogOutputStream:75 - [STDERR_REDIRECT] SLF4J: Failed to load class "org.slf4j.impl.StaticLoggerBinder".
2023-05-22 10:52:21,643 [ERROR] LogOutputStream:75 - [STDERR_REDIRECT] SLF4J: Defaulting to no-operation (NOP) logger implementation
2023-05-22 10:52:21,643 [ERROR] LogOutputStream:75 - [STDERR_REDIRECT] SLF4J: See http://www.slf4j.org/codes.html#StaticLoggerBinder for further details.
2023-05-22 21:44:48,757 [ERROR] ApiDbMcu:1630 - Can't use Application install path:
2023-05-22 21:44:48,762 [WARN] RulesReader:66 - Compatibility file://mcu/compatibility.xml not found
2023-05-22 21:45:37,774 [INFO] McuFinderGlobals:53 - Set McuFinder mode to 2 (CubeIDE integrated)
2023-05-22 21:45:38,096 [INFO] ApplicationProperties:184 - Using Application install path: /Applications/STM32CubeIDE.app/Contents/Eclipse/plugins/com.st.stm32cube.common.mx_6.8.0.202302231600
2023-05-22 21:45:38,107 [INFO] DbMcusXml:78 - Set database path to: /Applications/STM32CubeIDE.app/Contents/Eclipse/plugins/com.st.stm32cube.common.mx_6.8.0.202302231600//db//mcu/
2023-05-22 21:45:38,107 [INFO] ApiDb:274 - Set plugin database path to: /Applications/STM32CubeIDE.app/Contents/Eclipse/plugins/com.st.stm32cube.common.mx_6.8.0.202302231600//db//plugins/boardmanager/
2023-05-22 21:45:38,109 [WARN] ApiDb:259 - Overriding images path with different value:  => /Applications/STM32CubeIDE.app/Contents/Eclipse/plugins/com.st.stm32cube.common.mx_6.8.0.202302231600//db//plugins/mcufinder/images/
2023-05-22 21:45:38,122 [INFO] ApiDb:250 - Set database path to: /Users/neelbagayatkar/.stmcufinder/plugins/mcufinder//mcu/
2023-05-22 21:45:38,126 [INFO] DbMcusAds:125 - Set database path to: /Users/neelbagayatkar/.stmcufinder/plugins/mcufinder//mcu/
2023-05-22 21:45:38,230 [INFO] CrossReferenceDbSqlite:203 - Set database path to: /Users/neelbagayatkar/.stmcufinder/plugins/mcufinder//mcu/cs/
2023-05-22 21:45:38,278 [INFO] DbMcusXml:78 - Set database path to: /Applications/STM32CubeIDE.app/Contents/Eclipse/plugins/com.st.stm32cube.common.mx_6.8.0.202302231600//db//mcu/
2023-05-22 21:45:38,278 [INFO] ApiDb:274 - Set plugin database path to: /Applications/STM32CubeIDE.app/Contents/Eclipse/plugins/com.st.stm32cube.common.mx_6.8.0.202302231600//db//plugins/boardmanager/
2023-05-22 21:45:38,279 [INFO] ApiDb:261 - Set plugin images path to: /Applications/STM32CubeIDE.app/Contents/Eclipse/plugins/com.st.stm32cube.common.mx_6.8.0.202302231600//db//plugins/mcufinder/images/
2023-05-22 21:45:38,279 [WARN] DbFile:41 - Overriding database path with different value: /Users/neelbagayatkar/.stmcufinder/plugins/mcufinder/ => /Users/neelbagayatkar/.stmcufinder/plugins/mcufinder
2023-05-22 21:45:38,279 [INFO] ApiDb:250 - Set database path to: /Users/neelbagayatkar/.stmcufinder/plugins/mcufinder//mcu/
2023-05-22 21:45:38,279 [WARN] DbFile:41 - Overriding database path with different value: /Users/neelbagayatkar/.stmcufinder/plugins/mcufinder/ => /Users/neelbagayatkar/.stmcufinder/plugins/mcufinder
2023-05-22 21:45:38,279 [INFO] DbMcusAds:125 - Set database path to: /Users/neelbagayatkar/.stmcufinder/plugins/mcufinder//mcu/
2023-05-22 21:45:38,279 [WARN] DbFile:41 - Overriding database path with different value: /Users/neelbagayatkar/.stmcufinder/plugins/mcufinder/ => /Users/neelbagayatkar/.stmcufinder/plugins/mcufinder
2023-05-22 21:45:38,279 [WARN] DbFile:41 - Overriding database path with different value: /Users/neelbagayatkar/.stmcufinder/plugins/mcufinder/ => /Users/neelbagayatkar/.stmcufinder/plugins/mcufinder
2023-05-22 21:45:38,279 [INFO] CrossReferenceDbSqlite:203 - Set database path to: /Users/neelbagayatkar/.stmcufinder/plugins/mcufinder//mcu/cs/
2023-05-22 21:45:38,342 [INFO] MainPanel:253 - HeapMemory: 592445440
2023-05-22 21:45:38,426 [INFO] DbMcusXml:78 - Set database path to: /Applications/STM32CubeIDE.app/Contents/Eclipse/plugins/com.st.stm32cube.common.mx_6.8.0.202302231600//db//mcu/
2023-05-22 21:45:38,426 [INFO] ApiDb:274 - Set plugin database path to: /Applications/STM32CubeIDE.app/Contents/Eclipse/plugins/com.st.stm32cube.common.mx_6.8.0.202302231600//db//plugins/boardmanager/
2023-05-22 21:45:38,426 [INFO] ApiDb:261 - Set plugin images path to: /Applications/STM32CubeIDE.app/Contents/Eclipse/plugins/com.st.stm32cube.common.mx_6.8.0.202302231600//db//plugins/mcufinder/images/
2023-05-22 21:45:38,426 [WARN] DbFile:41 - Overriding database path with different value: /Users/neelbagayatkar/.stmcufinder/plugins/mcufinder/ => /Users/neelbagayatkar/.stmcufinder/plugins/mcufinder
2023-05-22 21:45:38,426 [INFO] ApiDb:250 - Set database path to: /Users/neelbagayatkar/.stmcufinder/plugins/mcufinder//mcu/
2023-05-22 21:45:38,426 [WARN] DbFile:41 - Overriding database path with different value: /Users/neelbagayatkar/.stmcufinder/plugins/mcufinder/ => /Users/neelbagayatkar/.stmcufinder/plugins/mcufinder
2023-05-22 21:45:38,427 [INFO] DbMcusAds:125 - Set database path to: /Users/neelbagayatkar/.stmcufinder/plugins/mcufinder//mcu/
2023-05-22 21:45:38,427 [WARN] DbFile:41 - Overriding database path with different value: /Users/neelbagayatkar/.stmcufinder/plugins/mcufinder/ => /Users/neelbagayatkar/.stmcufinder/plugins/mcufinder
2023-05-22 21:45:38,427 [WARN] DbFile:41 - Overriding database path with different value: /Users/neelbagayatkar/.stmcufinder/plugins/mcufinder/ => /Users/neelbagayatkar/.stmcufinder/plugins/mcufinder
2023-05-22 21:45:38,427 [INFO] CrossReferenceDbSqlite:203 - Set database path to: /Users/neelbagayatkar/.stmcufinder/plugins/mcufinder//mcu/cs/
2023-05-22 21:45:38,445 [INFO] ApplicationProperties:184 - Using Application install path: /Applications/STM32CubeIDE.app/Contents/Eclipse/plugins/com.st.stm32cube.common.mx_6.8.0.202302231600
2023-05-22 21:45:38,446 [INFO] PluginManage:196 - Search for loadable plugins [exclusion list=, ]
2023-05-22 21:45:38,448 [INFO] PluginManage:310 - Check plugin analytics
2023-05-22 21:45:38,678 [INFO] AnalyticsPlugin:253 - Accepted Software Licenses: 
2023-05-22 21:45:38,679 [INFO] AnalyticsPlugin:255 - Accepted CMSIS Pack Licenses: 
2023-05-22 21:45:38,679 [INFO] AnalyticsPlugin:257 - Accepted Firmware Licenses: 
2023-05-22 21:45:38,683 [INFO] PluginManage:359 - Loaded plugin analytics (category:tool,tabindex:-1)
2023-05-22 21:45:38,684 [INFO] PluginManage:310 - Check plugin cadmodel
2023-05-22 21:45:39,199 [INFO] CADModel:105 - Init CAD model plugin
2023-05-22 21:45:39,199 [INFO] PluginManage:359 - Loaded plugin cadmodel (category:power,tabindex:5)
2023-05-22 21:45:39,200 [INFO] PluginManage:310 - Check plugin clock
2023-05-22 21:45:39,215 [INFO] PluginManage:359 - Loaded plugin clock (category:base,tabindex:2)
2023-05-22 21:45:39,215 [INFO] PluginManage:310 - Check plugin ddr
2023-05-22 21:45:39,216 [INFO] PluginManage:359 - Loaded plugin ddr (category:tool,tabindex:6)
2023-05-22 21:45:39,216 [INFO] PluginManage:310 - Check plugin filemanager
2023-05-22 21:45:39,343 [INFO] PluginManage:359 - Loaded plugin filemanager (category:base,tabindex:10)
2023-05-22 21:45:39,344 [INFO] PluginManage:310 - Check plugin ipmanager
2023-05-22 21:45:39,352 [INFO] PluginManage:359 - Loaded plugin ipmanager (category:base,tabindex:5)
2023-05-22 21:45:39,352 [INFO] PluginManage:310 - Check plugin lpbam
2023-05-22 21:45:39,359 [INFO] PluginManage:359 - Loaded plugin lpbam (category:base,tabindex:0)
2023-05-22 21:45:39,359 [INFO] PluginManage:310 - Check plugin pinoutandconfiguration
2023-05-22 21:45:39,364 [INFO] PluginManage:359 - Loaded plugin pinoutandconfiguration (category:base,tabindex:1)
2023-05-22 21:45:39,365 [INFO] PluginManage:310 - Check plugin pinoutconfig
2023-05-22 21:45:39,451 [WARN] SupportedApi:132 - Cannot load RTOS API schema: s4s-elt-must-match.1: The content of 'definitions' must match (annotation?, (simpleType | complexType)?, (unique | key | keyref)*)). A problem was found starting at: attribute.
2023-05-22 21:45:39,592 [INFO] PluginManage:359 - Loaded plugin pinoutconfig (category:base,tabindex:0)
2023-05-22 21:45:39,592 [INFO] PluginManage:310 - Check plugin power
2023-05-22 21:45:39,610 [INFO] PluginManage:359 - Loaded plugin power (category:power,tabindex:4)
2023-05-22 21:45:39,610 [INFO] PluginManage:310 - Check plugin projectmanager
2023-05-22 21:45:39,632 [INFO] PluginManage:359 - Loaded plugin projectmanager (category:projectmanager,tabindex:3)
2023-05-22 21:45:39,633 [INFO] PluginManage:310 - Check plugin thirdparty
2023-05-22 21:45:39,733 [INFO] PluginManage:359 - Loaded plugin thirdparty (category:base,tabindex:-1)
2023-05-22 21:45:39,733 [INFO] PluginManage:310 - Check plugin tools
2023-05-22 21:45:39,732 [WARN] IntegrityCheckThread:84 - waiting for thirdparty lock release [integrity check]
2023-05-22 21:45:39,733 [INFO] IntegrityCheckThread:86 - entering critical section [integrity check]
2023-05-22 21:45:39,735 [INFO] PluginManage:359 - Loaded plugin tools (category:base,tabindex:7)
2023-05-22 21:45:39,735 [INFO] PluginManage:310 - Check plugin tutovideos
2023-05-22 21:45:39,737 [INFO] ThirdPartyUpdaterWithRetryManager:70 - Updater plugin not ready yet. [1/15]
2023-05-22 21:45:39,886 [INFO] PluginManage:359 - Loaded plugin tutovideos (category:base,tabindex:-1)
2023-05-22 21:45:39,886 [INFO] PluginManage:310 - Check plugin updater
2023-05-22 21:45:39,904 [INFO] PluginManage:359 - Loaded plugin updater (category:base,tabindex:12)
2023-05-22 21:45:39,906 [INFO] PluginManage:283 - PluginManage : Loaded plugins [15]
2023-05-22 21:45:40,151 [INFO] PinOutPanel:1499 - setPackage(No Configuration,No Configuration)
2023-05-22 21:45:40,215 [INFO] CADModel:165 - CPN selected for project level
2023-05-22 21:45:40,215 [INFO] CADModel:114 - Register for checkConnection events
2023-05-22 21:45:40,226 [INFO] IPUIPlugin:80 - create IPUIPlugin
2023-05-22 21:45:40,226 [INFO] PluginManager:220 - loadIPPluginJar : add mdma
2023-05-22 21:45:40,232 [INFO] IPUIPlugin:80 - create IPUIPlugin
2023-05-22 21:45:40,232 [INFO] PluginManager:220 - loadIPPluginJar : add freertos
2023-05-22 21:45:40,235 [INFO] IPUIPlugin:80 - create IPUIPlugin
2023-05-22 21:45:40,235 [INFO] PluginManager:220 - loadIPPluginJar : add gic
2023-05-22 21:45:40,241 [INFO] IPUIPlugin:80 - create IPUIPlugin
2023-05-22 21:45:40,241 [INFO] PluginManager:220 - loadIPPluginJar : add adc
2023-05-22 21:45:40,242 [INFO] IPUIPlugin:80 - create IPUIPlugin
2023-05-22 21:45:40,242 [INFO] PluginManager:220 - loadIPPluginJar : add gtzc
2023-05-22 21:45:40,242 [INFO] IPUIPlugin:80 - create IPUIPlugin
2023-05-22 21:45:40,243 [INFO] PluginManager:220 - loadIPPluginJar : add quadspi
2023-05-22 21:45:40,244 [INFO] IPUIPlugin:80 - create IPUIPlugin
2023-05-22 21:45:40,244 [INFO] PluginManager:220 - loadIPPluginJar : add aes
2023-05-22 21:45:40,246 [INFO] IPUIPlugin:80 - create IPUIPlugin
2023-05-22 21:45:40,246 [INFO] PluginManager:220 - loadIPPluginJar : add pdm2pcm
2023-05-22 21:45:40,247 [INFO] IPUIPlugin:80 - create IPUIPlugin
2023-05-22 21:45:40,247 [INFO] PluginManager:220 - loadIPPluginJar : add hash
2023-05-22 21:45:40,249 [INFO] IPUIPlugin:80 - create IPUIPlugin
2023-05-22 21:45:40,249 [INFO] PluginManager:220 - loadIPPluginJar : add tim
2023-05-22 21:45:40,249 [INFO] IPUIPlugin:80 - create IPUIPlugin
2023-05-22 21:45:40,249 [INFO] PluginManager:220 - loadIPPluginJar : add tsc
2023-05-22 21:45:40,250 [INFO] IPUIPlugin:80 - create IPUIPlugin
2023-05-22 21:45:40,250 [INFO] PluginManager:220 - loadIPPluginJar : add ts
2023-05-22 21:45:40,251 [INFO] IPUIPlugin:80 - create IPUIPlugin
2023-05-22 21:45:40,251 [INFO] PluginManager:220 - loadIPPluginJar : add can
2023-05-22 21:45:40,252 [INFO] IPUIPlugin:80 - create IPUIPlugin
2023-05-22 21:45:40,252 [INFO] PluginManager:220 - loadIPPluginJar : add dma3
2023-05-22 21:45:40,253 [INFO] IPUIPlugin:80 - create IPUIPlugin
2023-05-22 21:45:40,254 [INFO] PluginManager:220 - loadIPPluginJar : add dfsdm
2023-05-22 21:45:40,255 [INFO] IPUIPlugin:80 - create IPUIPlugin
2023-05-22 21:45:40,255 [INFO] PluginManager:220 - loadIPPluginJar : add spi
2023-05-22 21:45:40,256 [INFO] IPUIPlugin:80 - create IPUIPlugin
2023-05-22 21:45:40,256 [INFO] PluginManager:220 - loadIPPluginJar : add gfxmmu
2023-05-22 21:45:40,258 [INFO] IPUIPlugin:80 - create IPUIPlugin
2023-05-22 21:45:40,258 [INFO] PluginManager:220 - loadIPPluginJar : add genericplugin
2023-05-22 21:45:40,259 [INFO] IPUIPlugin:80 - create IPUIPlugin
2023-05-22 21:45:40,259 [INFO] PluginManager:220 - loadIPPluginJar : add cryp
2023-05-22 21:45:40,261 [INFO] IPUIPlugin:80 - create IPUIPlugin
2023-05-22 21:45:40,261 [INFO] PluginManager:220 - loadIPPluginJar : add gpio
2023-05-22 21:45:40,262 [INFO] IPUIPlugin:80 - create IPUIPlugin
2023-05-22 21:45:40,262 [INFO] PluginManager:220 - loadIPPluginJar : add comp
2023-05-22 21:45:40,263 [INFO] IPUIPlugin:80 - create IPUIPlugin
2023-05-22 21:45:40,263 [INFO] PluginManager:220 - loadIPPluginJar : add tracer_emb
2023-05-22 21:45:40,265 [INFO] IPUIPlugin:80 - create IPUIPlugin
2023-05-22 21:45:40,265 [INFO] PluginManager:220 - loadIPPluginJar : add openamp
2023-05-22 21:45:40,268 [INFO] IPUIPlugin:80 - create IPUIPlugin
2023-05-22 21:45:40,268 [INFO] PluginManager:220 - loadIPPluginJar : add stm32_wpan
2023-05-22 21:45:40,271 [INFO] IPUIPlugin:80 - create IPUIPlugin
2023-05-22 21:45:40,274 [INFO] PluginManager:220 - loadIPPluginJar : add plateformsettings
2023-05-22 21:45:40,276 [INFO] IPUIPlugin:80 - create IPUIPlugin
2023-05-22 21:45:40,276 [INFO] PluginManager:220 - loadIPPluginJar : add ipddr
2023-05-22 21:45:40,277 [INFO] IPUIPlugin:80 - create IPUIPlugin
2023-05-22 21:45:40,277 [INFO] PluginManager:220 - loadIPPluginJar : add usart
2023-05-22 21:45:40,279 [INFO] IPUIPlugin:80 - create IPUIPlugin
2023-05-22 21:45:40,279 [INFO] PluginManager:220 - loadIPPluginJar : add ltdc
2023-05-22 21:45:40,281 [INFO] IPUIPlugin:80 - create IPUIPlugin
2023-05-22 21:45:40,281 [INFO] PluginManager:220 - loadIPPluginJar : add nvic
2023-05-22 21:45:40,282 [INFO] IPUIPlugin:80 - create IPUIPlugin
2023-05-22 21:45:40,282 [INFO] PluginManager:220 - loadIPPluginJar : add fatfs
2023-05-22 21:45:40,286 [INFO] IPUIPlugin:80 - create IPUIPlugin
2023-05-22 21:45:40,286 [INFO] PluginManager:220 - loadIPPluginJar : add linkedlist
2023-05-22 21:45:40,289 [INFO] IPUIPlugin:80 - create IPUIPlugin
2023-05-22 21:45:40,289 [INFO] PluginManager:220 - loadIPPluginJar : add dma
2023-05-22 21:45:40,291 [INFO] IPUIPlugin:80 - create IPUIPlugin
2023-05-22 21:45:40,291 [INFO] PluginManager:220 - loadIPPluginJar : add fmc
2023-05-22 21:45:40,292 [INFO] IPUIPlugin:80 - create IPUIPlugin
2023-05-22 21:45:40,292 [INFO] PluginManager:220 - loadIPPluginJar : add i2s
2023-05-22 21:45:40,293 [INFO] IPUIPlugin:80 - create IPUIPlugin
2023-05-22 21:45:40,293 [INFO] PluginManager:220 - loadIPPluginJar : add ucpd
2023-05-22 21:45:40,294 [INFO] IPUIPlugin:80 - create IPUIPlugin
2023-05-22 21:45:40,294 [INFO] PluginManager:220 - loadIPPluginJar : add lorawan
2023-05-22 21:45:40,296 [INFO] IPUIPlugin:80 - create IPUIPlugin
2023-05-22 21:45:40,296 [INFO] PluginManager:220 - loadIPPluginJar : add opamp
2023-05-22 21:45:40,297 [INFO] IPUIPlugin:80 - create IPUIPlugin
2023-05-22 21:45:40,297 [INFO] PluginManager:220 - loadIPPluginJar : add i3c
2023-05-22 21:45:40,299 [INFO] IPUIPlugin:80 - create IPUIPlugin
2023-05-22 21:45:40,299 [INFO] PluginManager:220 - loadIPPluginJar : add touchsensing
2023-05-22 21:45:40,300 [INFO] IPUIPlugin:80 - create IPUIPlugin
2023-05-22 21:45:40,300 [INFO] PluginManager:220 - loadIPPluginJar : add i2c
2023-05-22 21:45:40,302 [INFO] IPUIPlugin:80 - create IPUIPlugin
2023-05-22 21:45:40,302 [INFO] PluginManager:220 - loadIPPluginJar : add resmgrutility
2023-05-22 21:45:40,304 [INFO] IPUIPlugin:80 - create IPUIPlugin
2023-05-22 21:45:40,304 [INFO] PluginManager:220 - loadIPPluginJar : add sai
2023-05-22 21:45:40,306 [INFO] IPUIPlugin:80 - create IPUIPlugin
2023-05-22 21:45:40,306 [INFO] PluginManager:220 - loadIPPluginJar : add usbx
2023-05-22 21:45:40,426 [INFO] CADModel:165 - CPN selected for project level
2023-05-22 21:45:40,426 [INFO] CADModel:114 - Register for checkConnection events
2023-05-22 21:45:40,426 [FATAL] Updater:308 - Updater called before beeing initialized
2023-05-22 21:45:40,426 [ERROR] CADModel:125 - Updater not yet initialized, retry later 
2023-05-22 21:45:40,656 [INFO] CADModel:165 - CPN selected for project level
2023-05-22 21:45:40,656 [INFO] CADModel:114 - Register for checkConnection events
2023-05-22 21:45:40,656 [FATAL] Updater:308 - Updater called before beeing initialized
2023-05-22 21:45:40,656 [ERROR] CADModel:125 - Updater not yet initialized, retry later 
2023-05-22 21:45:40,659 [FATAL] Updater:308 - Updater called before beeing initialized
2023-05-22 21:45:40,932 [FATAL] Updater:308 - Updater called before beeing initialized
2023-05-22 21:45:40,947 [INFO] DbMcusAds:53 - JSON generation date=Tue Mar 07 19:50:54 AEDT 2023 (1678179054945)
2023-05-22 21:45:40,948 [FATAL] Updater:308 - Updater called before beeing initialized
2023-05-22 21:45:41,010 [WARN] DetailPanel:346 - Failed to get advertising image, set to default
2023-05-22 21:45:41,123 [FATAL] Updater:308 - Updater called before beeing initialized
2023-05-22 21:45:41,127 [FATAL] Updater:308 - Updater called before beeing initialized
2023-05-22 21:45:41,127 [FATAL] Updater:308 - Updater called before beeing initialized
2023-05-22 21:45:41,127 [WARN] DetailPanel:346 - Failed to get advertising image, set to default
2023-05-22 21:45:41,131 [FATAL] Updater:308 - Updater called before beeing initialized
2023-05-22 21:45:41,233 [ERROR] Updater:1120 - MainUpdater not yet initialized. External WinMGr cannot be set.
2023-05-22 21:45:41,238 [INFO] Updater:1056 - Updater Version found : 6.8.0
2023-05-22 21:45:41,256 [INFO] ApplicationProperties:184 - Using Application install path: /Applications/STM32CubeIDE.app/Contents/Eclipse/plugins/com.st.stm32cube.common.mx_6.8.0.202302231600
2023-05-22 21:45:42,689 [INFO] MainUpdater:2854 - connection check result : 10
2023-05-22 21:45:42,691 [INFO] MainUpdater:283 - Updater Check For Update Now.
2023-05-22 21:45:42,691 [INFO] MicroXplorer:498 - Change Database Version : DB.6.0.80
2023-05-22 21:45:42,744 [WARN] MainUpdater:1187 - Updater busy. Cannot search thirdparties
2023-05-22 21:45:42,745 [INFO] ThirdPartyUpdaterWithRetryManager:96 - Updater plugin is busy. [1/15]
2023-05-22 21:45:42,919 [INFO] CheckServerUpdateThread:120 - End of CheckServer Thread
2023-05-22 21:45:43,110 [INFO] MainUpdater:2854 - connection check result : 10
2023-05-22 21:45:43,114 [INFO] MainUpdater:2854 - connection check result : 10
2023-05-22 21:45:43,816 [INFO] MicroXplorer:468 - Change Database Path : 
2023-05-22 21:45:43,816 [INFO] MicroXplorer:498 - Change Database Version : DB.6.0.80
2023-05-22 21:45:43,818 [WARN] ThirdParty:871 - waiting for thirdparty lock release [close project]
2023-05-22 21:45:45,893 [WARN] PackLoader:240 - Cannot read IP mode file for STMicroelectronics.X-CUBE-GNSS1.6.0.0
2023-05-22 21:45:45,952 [WARN] PackLoader:240 - Cannot read IP mode file for STMicroelectronics.X-CUBE-AZRTOS-F4.1.1.0
2023-05-22 21:45:46,001 [WARN] PackLoader:240 - Cannot read IP mode file for STMicroelectronics.X-CUBE-SMBUS.2.1.0
2023-05-22 21:45:46,059 [WARN] PackLoader:240 - Cannot read IP mode file for STMicroelectronics.X-CUBE-AZRTOS-F7.1.1.0
2023-05-22 21:45:46,217 [WARN] PackLoader:240 - Cannot read IP mode file for STMicroelectronics.X-CUBE-MEMS1.9.6.0
2023-05-22 21:45:46,451 [ERROR] RealEvaluatedCondition:428 - Found unsupported composite condition: CLASS='Data Exchange' GROUP='STM32_MetaDataManager'
2023-05-22 21:45:46,451 [ERROR] RealEvaluatedCondition:428 - Found unsupported composite condition: CLASS='Data Exchange' GROUP='STM32_MetaDataManager'
2023-05-22 21:45:46,469 [WARN] PackLoader:240 - Cannot read IP mode file for STMicroelectronics.FP-SNS-MOTENV1.4.3.0
2023-05-22 21:45:46,476 [WARN] PackLoader:240 - Cannot read IP mode file for STMicroelectronics.FP-SNS-FLIGHT1.5.0.0
2023-05-22 21:45:46,499 [WARN] PackLoader:240 - Cannot read IP mode file for STMicroelectronics.X-CUBE-BLE1.6.2.4
2023-05-22 21:45:46,525 [WARN] PackLoader:240 - Cannot read IP mode file for emotas.I-CUBE-CANOPEN.1.1.3
2023-05-22 21:45:46,538 [WARN] PackLoader:240 - Cannot read IP mode file for STMicroelectronics.X-CUBE-BLEMGR.2.0.0
2023-05-22 21:45:46,573 [WARN] ConditionMgr:438 - getConditionDescription Invalid condition id : UX DEVICE CLASS RTOS Condition cause : null
2023-05-22 21:45:46,573 [WARN] ConditionMgr:438 - getConditionDescription Invalid condition id : UX DEVICE CLASS RTOS Condition cause : null
2023-05-22 21:45:46,581 [WARN] PackLoader:240 - Cannot read IP mode file for STMicroelectronics.X-CUBE-AZRTOS-H7.3.1.0
2023-05-22 21:45:46,595 [WARN] ConditionMgr:1039 - genDependencies : Invalid condition id : UX DEVICE CLASS RTOS Condition cause : null
2023-05-22 21:45:46,595 [WARN] ConditionMgr:1039 - genDependencies : Invalid condition id : UX DEVICE CLASS RTOS Condition cause : null
2023-05-22 21:45:46,596 [WARN] ConditionMgr:1039 - genDependencies : Invalid condition id : UX DEVICE CLASS RTOS Condition cause : null
2023-05-22 21:45:46,597 [WARN] ConditionMgr:1039 - genDependencies : Invalid condition id : UX DEVICE CLASS RTOS Condition cause : null
2023-05-22 21:45:46,597 [WARN] ConditionMgr:1039 - genDependencies : Invalid condition id : UX DEVICE CLASS RTOS Condition cause : null
2023-05-22 21:45:46,613 [WARN] PackLoader:240 - Cannot read IP mode file for STMicroelectronics.X-CUBE-DISPLAY.3.0.0
2023-05-22 21:45:46,626 [WARN] PackLoader:240 - Cannot read IP mode file for wolfSSL.I-CUBE-wolfSSL.5.5.4
2023-05-22 21:45:46,631 [WARN] PackLoader:240 - Cannot read IP mode file for STMicroelectronics.X-CUBE-NFC7.1.0.0
2023-05-22 21:45:46,636 [WARN] PackLoader:240 - Cannot read IP mode file for STMicroelectronics.X-CUBE-EEPRMA1.4.1.0
2023-05-22 21:45:46,652 [WARN] PackLoader:240 - Cannot read IP mode file for WES.I-CUBE-Cesium.1.3.0
2023-05-22 21:45:46,660 [WARN] PackLoader:240 - Cannot read IP mode file for STMicroelectronics.X-CUBE-SFXS2LP1.4.0.0
2023-05-22 21:45:46,667 [WARN] PackLoader:240 - Cannot read IP mode file for STMicroelectronics.X-CUBE-BLE2.3.3.0
2023-05-22 21:45:46,679 [WARN] PackLoader:240 - Cannot read IP mode file for STMicroelectronics.X-CUBE-TOF1.3.2.0
2023-05-22 21:45:46,727 [WARN] PackLoader:240 - Cannot read IP mode file for STMicroelectronics.X-CUBE-AZRTOS-H7.3.0.0
2023-05-22 21:45:46,740 [WARN] PackLoader:240 - Cannot read IP mode file for STMicroelectronics.X-CUBE-ISPU.1.1.0
2023-05-22 21:45:46,751 [WARN] PackLoader:240 - Cannot read IP mode file for RoweBots.I-CUBE-UNISONRTOS.5.5.0-4
2023-05-22 21:45:46,756 [WARN] PackLoader:240 - Cannot read IP mode file for STMicroelectronics.X-CUBE-AI.8.0.0
2023-05-22 21:45:46,764 [WARN] PackLoader:240 - Cannot read IP mode file for STMicroelectronics.X-CUBE-FREERTOS.1.0.0
2023-05-22 21:45:46,768 [WARN] PackLoader:240 - Cannot read IP mode file for STMicroelectronics.X-CUBE-FREERTOS.1.0.1
2023-05-22 21:45:46,772 [WARN] PackLoader:240 - Cannot read IP mode file for STMicroelectronics.X-CUBE-TOUCHGFX.4.21.1
2023-05-22 21:45:46,774 [WARN] PackLoader:240 - Cannot read IP mode file for STMicroelectronics.X-CUBE-TOUCHGFX.4.21.3
2023-05-22 21:45:46,775 [WARN] PackLoader:240 - Cannot read IP mode file for STMicroelectronics.X-CUBE-TOUCHGFX.4.21.4
2023-05-22 21:45:46,779 [WARN] PackLoader:240 - Cannot read IP mode file for STMicroelectronics.X-CUBE-ALGOBUILD.1.3.0
2023-05-22 21:45:46,799 [WARN] PackLoader:240 - Cannot read IP mode file for STMicroelectronics.X-CUBE-AZRTOS-L5.1.1.0
2023-05-22 21:45:46,823 [WARN] PackLoader:240 - Cannot read IP mode file for STMicroelectronics.X-CUBE-AZRTOS-G0.1.1.0
2023-05-22 21:45:46,844 [WARN] PackLoader:240 - Cannot read IP mode file for STMicroelectronics.X-CUBE-AI.8.0.1
2023-05-22 21:45:46,856 [WARN] PackLoader:240 - Cannot read IP mode file for STMicroelectronics.X-CUBE-SUBG2.5.0.0
2023-05-22 21:45:46,870 [WARN] PackLoader:240 - Cannot read IP mode file for STMicroelectronics.X-CUBE-NFC4.3.0.0
2023-05-22 21:45:46,891 [WARN] PackLoader:240 - Cannot read IP mode file for STMicroelectronics.X-CUBE-AZRTOS-G4.2.0.0
2023-05-22 21:45:47,066 [WARN] PackLoader:240 - Cannot read IP mode file for STMicroelectronics.X-CUBE-TOF1.3.3.0
2023-05-22 21:45:47,130 [WARN] PackLoader:240 - Cannot read IP mode file for STMicroelectronics.FP-ATR-ASTRA1.1.1.1
2023-05-22 21:45:47,157 [WARN] PackLoader:240 - Cannot read IP mode file for STMicroelectronics.X-CUBE-AZRTOS-G4.1.0.0
2023-05-22 21:45:47,175 [WARN] PackLoader:240 - Cannot read IP mode file for STMicroelectronics.FP-ATR-SIGFOX1.3.2.0
2023-05-22 21:45:47,208 [WARN] PackLoader:240 - Cannot read IP mode file for STMicroelectronics.X-CUBE-AZRTOS-L4.1.0.0
2023-05-22 21:45:47,232 [WARN] PackLoader:240 - Cannot read IP mode file for STMicroelectronics.X-CUBE-AZRTOS-WL.1.0.0
2023-05-22 21:45:47,240 [WARN] PackLoader:240 - Cannot read IP mode file for portGmbH.I-Cube-SoM-uGOAL.1.1.0
2023-05-22 21:45:47,243 [WARN] PackLoader:240 - Cannot read IP mode file for STMicroelectronics.X-CUBE-ALS.1.0.1
2023-05-22 21:45:47,306 [WARN] PackLoader:240 - Cannot read IP mode file for STMicroelectronics.X-CUBE-MEMS1.9.5.0
2023-05-22 21:45:47,428 [WARN] PackLoader:240 - Cannot read IP mode file for STMicroelectronics.X-CUBE-AZRTOS-WB.1.1.0
2023-05-22 21:45:47,492 [WARN] PackLoader:240 - Cannot read IP mode file for SEGGER.I-CUBE-embOS.1.3.1
2023-05-22 21:45:47,560 [WARN] PackLoader:240 - Cannot read IP mode file for STMicroelectronics.FP-ATR-ASTRA1.2.0.0
2023-05-22 21:45:47,567 [INFO] ThirdParty:978 - Integrity check success = true
2023-05-22 21:45:47,567 [INFO] IntegrityCheckThread:100 - exiting critical section [integrity check]
2023-05-22 21:45:47,568 [INFO] IntegrityCheckThread:103 - End integrity checks thread
2023-05-22 21:45:47,568 [INFO] ThirdParty:873 - entering critical section [close project]
2023-05-22 21:45:47,571 [INFO] ThirdParty:883 - exiting critical section [close project]
2023-05-22 21:45:47,599 [INFO] PinOutPanel:1499 - setPackage(No Configuration,No Configuration)
2023-05-22 21:45:47,630 [INFO] UtilMem:75 - Begin LoadConfig() Used Memory: 457377768 Bytes (592445440)
2023-05-22 21:45:47,650 [INFO] MicroXplorer:468 - Change Database Path : /Users/neelbagayatkar/.stm32cubemx/databases/DB.6.0.60/db/
2023-05-22 21:45:47,651 [INFO] MicroXplorer:498 - Change Database Version : DB.6.0.60
2023-05-22 21:45:49,148 [INFO] OpenFileManager:308 - Change cursor
2023-05-22 21:45:49,375 [INFO] Mcu:1937 - Initializing MCU STM32F303V(B-C)Tx STM32F303VCTx STM32F303VCT6
2023-05-22 21:45:51,062 [INFO] Context:659 - Trying to add GPIOservice into a context  which must be forbidden
2023-05-22 21:45:52,246 [INFO] RtosManager:555 - Registered RTOS mode: class=CMSIS, group=RTOS, mode=CMSIS_V1, owner=FREERTOS
2023-05-22 21:45:52,248 [INFO] RtosManager:555 - Registered RTOS mode: class=CMSIS, group=RTOS2, mode=CMSIS_V2, owner=FREERTOS
2023-05-22 21:45:52,248 [INFO] RtosManager:555 - Registered RTOS mode: class=RTOS, group=Core, mode=CMSIS_V1, owner=FREERTOS
2023-05-22 21:45:52,248 [INFO] RtosManager:555 - Registered RTOS mode: class=RTOS, group=Core, mode=CMSIS_V2, owner=FREERTOS
2023-05-22 21:45:52,248 [WARN] ModelIntegratedComponent:184 - Missing modes for component STMicroelectronics:FreeRTOS:0.0.1:STMicroelectronics:RTOS:FreeRTOS:Core:::10.2.0:
2023-05-22 21:45:52,271 [WARN] ModelIntegratedComponent:63 - No mode defined for component null
2023-05-22 21:45:52,271 [WARN] ModelIntegratedComponent:63 - No mode defined for component null
2023-05-22 21:45:52,271 [WARN] ModelIntegratedComponent:63 - No mode defined for component null
2023-05-22 21:45:52,271 [WARN] ModelIntegratedComponent:63 - No mode defined for component null
2023-05-22 21:45:52,271 [WARN] ModelIntegratedComponent:63 - No mode defined for component null
2023-05-22 21:45:52,271 [WARN] ModelIntegratedComponent:63 - No mode defined for component null
2023-05-22 21:45:52,271 [WARN] ModelIntegratedComponent:63 - No mode defined for component null
2023-05-22 21:45:52,272 [WARN] ModelIntegratedComponent:63 - No mode defined for component null
2023-05-22 21:45:52,272 [WARN] ModelIntegratedComponent:63 - No mode defined for component null
2023-05-22 21:45:52,272 [WARN] ModelIntegratedComponent:63 - No mode defined for component null
2023-05-22 21:45:52,272 [WARN] ModelIntegratedComponent:63 - No mode defined for component null
2023-05-22 21:45:52,272 [WARN] ModelIntegratedComponent:63 - No mode defined for component null
2023-05-22 21:45:52,272 [WARN] ModelIntegratedComponent:63 - No mode defined for component null
2023-05-22 21:45:52,272 [WARN] ModelIntegratedComponent:63 - No mode defined for component null
2023-05-22 21:45:52,272 [WARN] ModelIntegratedComponent:63 - No mode defined for component null
2023-05-22 21:45:52,272 [WARN] ModelIntegratedComponent:63 - No mode defined for component null
2023-05-22 21:45:52,272 [WARN] ModelIntegratedComponent:63 - No mode defined for component null
2023-05-22 21:45:52,272 [WARN] ModelIntegratedComponent:63 - No mode defined for component null
2023-05-22 21:45:52,272 [WARN] ModelIntegratedComponent:63 - No mode defined for component null
2023-05-22 21:45:52,272 [WARN] ModelIntegratedComponent:63 - No mode defined for component null
2023-05-22 21:45:52,272 [WARN] ModelIntegratedComponent:63 - No mode defined for component null
2023-05-22 21:45:52,272 [WARN] ModelIntegratedComponent:63 - No mode defined for component null
2023-05-22 21:45:52,272 [WARN] ModelIntegratedComponent:63 - No mode defined for component null
2023-05-22 21:45:52,272 [WARN] ModelIntegratedComponent:63 - No mode defined for component null
2023-05-22 21:45:52,272 [WARN] ModelIntegratedComponent:63 - No mode defined for component null
2023-05-22 21:45:52,272 [WARN] ModelIntegratedComponent:63 - No mode defined for component null
2023-05-22 21:45:52,272 [WARN] ModelIntegratedComponent:63 - No mode defined for component null
2023-05-22 21:45:52,272 [WARN] ModelIntegratedComponent:63 - No mode defined for component null
2023-05-22 21:45:52,272 [WARN] ModelIntegratedComponent:63 - No mode defined for component null
2023-05-22 21:45:52,272 [WARN] ModelIntegratedComponent:63 - No mode defined for component null
2023-05-22 21:45:52,272 [WARN] ModelIntegratedComponent:63 - No mode defined for component null
2023-05-22 21:45:52,272 [WARN] ModelIntegratedComponent:63 - No mode defined for component null
2023-05-22 21:45:52,272 [WARN] ModelIntegratedComponent:63 - No mode defined for component null
2023-05-22 21:45:52,615 [INFO] ThirdPartyModel:298 - Start build external matchings
2023-05-22 21:45:52,962 [INFO] ThirdPartyModel:316 - End build external matchings
2023-05-22 21:45:53,027 [INFO] ImportTextPane:194 - (OptionalMessage_ERROR) IP (RCC) : Invalid parameter (FamilyName)
2023-05-22 21:45:53,029 [INFO] ImportTextPane:194 - (OptionalMessage_ERROR) IP (RCC) : Invalid parameter (TIM2Freq_Value)
2023-05-22 21:45:53,467 [INFO] UtilMem:75 - End LoadConfig() Used Memory: 517374376 Bytes (592445440)
2023-05-22 21:45:54,062 [INFO] ApiDb:581 - Connected to CubeFinder SQLite database (/Users/neelbagayatkar/.stmcufinder/plugins/mcufinder/mcu/cube-finder-db.db)
2023-05-22 21:45:54,108 [INFO] ApiDb:668 - CubeFinder database Data Model version=2.1
2023-05-22 21:45:54,108 [INFO] ApiDb:669 - CubeFinder database Configuration version=3.0.35
2023-05-22 21:45:54,110 [INFO] ApiDb:670 - CubeFinder database generation date=2023-05-12 (1683877179)
2023-05-22 21:45:54,111 [INFO] ApiDb:671 - CubeFinder database FW Pack versions=[FP-ATR-ASTRA1_V2.0.0, FP-SNS-FLIGHT1_V5.0.0, FP-SNS-MOTENV1_V4.3.0, STM32Cube_FW_C0_V1.0.1, STM32Cube_FW_F0_V1.11.4, STM32Cube_FW_F3_V1.11.4, STM32Cube_FW_F4_V1.27.1, STM32Cube_FW_F7_V1.17.0, STM32Cube_FW_G0_V1.6.1, STM32Cube_FW_G4_V1.5.1, STM32Cube_FW_H5_V0.5.1, STM32Cube_FW_H5_V1.0.0, STM32Cube_FW_H7_V1.11.0, STM32Cube_FW_L0_V1.12.2, STM32Cube_FW_L5_V1.5.0, STM32Cube_FW_U5_V1.2.0, STM32Cube_FW_WBA_V1.0.0, STM32Cube_FW_WBA_V1.0.0RC1, STM32Cube_FW_WBA_V1.0.0RC3, STM32Cube_FW_WB_V1.15.0RC1, STM32Cube_FW_WB_V1.16.0, STM32Cube_FW_WB_V1.16.0RC2, STM32Cube_FW_WL_V1.3.0, X-CUBE-ALGOBUILD_V1.3.0, X-CUBE-ALS_V1.0.1, X-CUBE-AZRTOS-F4_V1.1.0, X-CUBE-AZRTOS-F7_V1.1.0, X-CUBE-AZRTOS-G0_V1.1.0, X-CUBE-AZRTOS-G4_V2.0.0, X-CUBE-AZRTOS-H7_V3.1.0, X-CUBE-AZRTOS-L4_V1.0.0, X-CUBE-AZRTOS-L5_V1.1.0, X-CUBE-AZRTOS-WB_V1.1.0, X-CUBE-AZRTOS-WL_V1.0.0, X-CUBE-BLE1_V6.2.4, X-CUBE-BLE2_V3.3.0, X-CUBE-BLEMGR_V2.0.0, X-CUBE-EEPRMA1_V4.1.0, X-CUBE-FREERTOS_V1.0.1, X-CUBE-GNSS1_V6.0.0, X-CUBE-MEMS1_V9.1.0, X-CUBE-MEMS1_V9.4.0, X-CUBE-MEMS1_V9.6.0, X-CUBE-NFC4_V3.0.0, X-CUBE-NFC7_V1.0.0, X-CUBE-SFXS2LP1_V4.0.0, X-CUBE-SUBG2_V5.0.0]
2023-05-22 21:45:55,147 [INFO] ApiDb:240 - Found 297 in-development CPN: [B-G473E-ZEST1S, B-WB1M-WPAN1, B-WL5M-SUBG1, NUCLEO-C031C6, NUCLEO-H503RB, NUCLEO-H563ZI, NUCLEO-U545RE-Q, NUCLEO-U5A5ZJ-Q, NUCLEO-WBA52CG, STEVAL-PROTEUS1, STEVAL-STWINBX1, STM320518-EVAL, STM32C0116-DK, STM32C011D6Y3TR, STM32C011D6Y6TR, STM32C011F4P3, STM32C011F4P6, STM32C011F4U3, STM32C011F4U6TR, STM32C011F6P3, STM32C011F6P6, STM32C011F6U3, STM32C011F6U6TR, STM32C011J4M3, STM32C011J4M6, STM32C011J6M3, STM32C011J6M6, STM32C0316-DK, STM32C031C4T3, STM32C031C4T6, STM32C031C4U3, STM32C031C4U6, STM32C031C6T3, STM32C031C6T6, STM32C031C6U3, STM32C031C6U6, STM32C031F4P3, STM32C031F4P6, STM32C031F6P3, STM32C031F6P6, STM32C031G4U3, STM32C031G4U6, STM32C031G6U3, STM32C031G6U6, STM32C031K4T3, STM32C031K4T6, STM32C031K4U3, STM32C031K4U6, STM32C031K6T3, STM32C031K6T6, STM32C031K6U3, STM32C031K6U6, STM32G071K8TXN, STM32G071K8UXN, STM32G081GBU6N, STM32G081KBT6N, STM32G081KBUXN, STM32G0B1CCT6N, STM32G0B1KCT6, STM32G0B1NEY6TR, STM32G0B1RCT6N, STM32G0C1CCT6, STM32G0C1CCT6N, STM32G0C1CCU6N, STM32G0C1CET6N, STM32G0C1CEU6N, STM32G0C1KCT6, STM32G0C1NEY6TR, STM32G0C1RCI6N, STM32G0C1RCT6N, STM32G0C1REI6N, STM32G0C1RET6N, STM32G0C1VCI6, STM32G0C1VEI6, STM32G471CCT6, STM32G471CCU6, STM32G471CET3, STM32G471CET6, STM32G471CEU3, STM32G471CEU6, STM32G471MCT6, STM32G471MET3, STM32G471MET6, STM32G471MEY6TR, STM32G471QCT6, STM32G471QET3, STM32G471RCT6, STM32G471RET3, STM32G471RET6, STM32G471VCH6, STM32G471VCI6, STM32G471VCT6, STM32G471VEH3, STM32G471VEH6, STM32G471VEI3, STM32G471VEI6, STM32G471VET3, STM32G471VET6, STM32G474CCT6, STM32H503CBT6, STM32H503CBU6, STM32H503EBY6TR, STM32H503KBU6, STM32H503RBT6, STM32H562AGI6, STM32H562AII6, STM32H562IGK6, STM32H562IGT6, STM32H562IIK6, STM32H562IIT6, STM32H562RGT6, STM32H562RGV6, STM32H562RIT6, STM32H562RIV6, STM32H562VGT6, STM32H562VIT6, STM32H562ZGT6, STM32H562ZIT6, STM32H563AGI6, STM32H563AII3Q, STM32H563AII6, STM32H563IGK6, STM32H563IGT6, STM32H563IIK3Q, STM32H563IIK6, STM32H563IIT3Q, STM32H563IIT6, STM32H563MIY3QTR, STM32H563RGT6, STM32H563RGV6, STM32H563RIT6, STM32H563RIV6, STM32H563VGT6, STM32H563VIT3Q, STM32H563VIT6, STM32H563ZGT6, STM32H563ZIT3Q, STM32H563ZIT6, STM32H573AII3Q, STM32H573AII6, STM32H573I-DK, STM32H573IIK3Q, STM32H573IIK6, STM32H573IIT3Q, STM32H573IIT6, STM32H573MIY3QTR, STM32H573RIT6, STM32H573RIV6, STM32H573VIT3Q, STM32H573VIT6, STM32H573ZIT3Q, STM32H573ZIT6, STM32L4R5QGI6STR, STM32MP131AAE3, STM32MP131AAF3, STM32MP131AAG3, STM32MP131CAE3, STM32MP131CAF3, STM32MP131CAG3, STM32MP131DAE7, STM32MP131DAF7, STM32MP131DAG7, STM32MP131FAE7, STM32MP131FAF7, STM32MP131FAG7, STM32MP133AAE3, STM32MP133AAF3, STM32MP133AAG3, STM32MP133CAE3, STM32MP133CAF3, STM32MP133CAG3, STM32MP133DAE7, STM32MP133DAF7, STM32MP133DAG7, STM32MP133FAE7, STM32MP133FAF7, STM32MP133FAG7, STM32MP135AAE3, STM32MP135AAF3, STM32MP135AAG3, STM32MP135CAE3, STM32MP135CAF3, STM32MP135CAG3, STM32MP135DAE7, STM32MP135DAF7, STM32MP135DAG7, STM32MP135F-DK, STM32MP135FAE7, STM32MP135FAF7, STM32MP135FAF7T, STM32MP135FAF7U, STM32MP135FAG7, STM32U535CBT6, STM32U535CBT6Q, STM32U535CBU6, STM32U535CBU6Q, STM32U535CCT6, STM32U535CCT6Q, STM32U535CCU6, STM32U535CCU6Q, STM32U535CET6, STM32U535CET6Q, STM32U535CEU6, STM32U535CEU6Q, STM32U535JEY6QTR, STM32U535NCY6QTR, STM32U535NEY6QTR, STM32U535RBI6, STM32U535RBI6Q, STM32U535RBT6, STM32U535RBT6Q, STM32U535RCI6, STM32U535RCI6Q, STM32U535RCT6, STM32U535RCT6Q, STM32U535REI6, STM32U535REI6Q, STM32U535RET6, STM32U535RET6Q, STM32U535VCI6, STM32U535VCI6Q, STM32U535VCT6, STM32U535VCT6Q, STM32U535VEI6, STM32U535VEI6Q, STM32U535VET6, STM32U535VET6Q, STM32U545CET6, STM32U545CET6Q, STM32U545CEU6, STM32U545CEU6Q, STM32U545JEY6QTR, STM32U545NEY6QTR, STM32U545REI6, STM32U545REI6Q, STM32U545RET6, STM32U545RET6Q, STM32U545VEI6, STM32U545VEI6Q, STM32U545VET6, STM32U545VET6Q, STM32U595AIH6, STM32U595AIH6Q, STM32U595AJH6, STM32U595AJH6Q, STM32U595QII6, STM32U595QII6Q, STM32U595QJI6, STM32U595QJI6Q, STM32U595RIT6, STM32U595RIT6Q, STM32U595RJT6, STM32U595RJT6Q, STM32U595VIT6, STM32U595VIT6Q, STM32U595VJT6, STM32U595VJT6Q, STM32U595ZIT6, STM32U595ZIT6Q, STM32U595ZIY6QTR, STM32U595ZJT6, STM32U595ZJT6Q, STM32U595ZJY6QTR, STM32U599BJY6QTR, STM32U599NIH6Q, STM32U599NJH6Q, STM32U599VIT6Q, STM32U599VJT6, STM32U599VJT6Q, STM32U599ZIT6Q, STM32U599ZIY6QTR, STM32U599ZJT6Q, STM32U599ZJY6QTR, STM32U5A5AJH6, STM32U5A5AJH6Q, STM32U5A5QJI6, STM32U5A5QJI6Q, STM32U5A5RJT6, STM32U5A5RJT6Q, STM32U5A5VJT6, STM32U5A5VJT6Q, STM32U5A5ZJT6, STM32U5A5ZJT6Q, STM32U5A5ZJY6QTR, STM32U5A9BJY6QTR, STM32U5A9J-DK, STM32U5A9NJH6Q, STM32U5A9VJT6Q, STM32U5A9ZJT6Q, STM32U5A9ZJY6QTR, STM32WB1MMCH6, STM32WBA52CEU6, STM32WBA52CEU6T, STM32WBA52CGU6, STM32WBA52CGU6T, STM32WL5MOCH6, STM32WL5MOCH6TR]
2023-05-22 21:45:55,151 [INFO] DbMcus:216 - Found 3775 MCUs, 3775 are supported
2023-05-22 21:45:55,153 [INFO] ApiDb:423 - Load user favorites file /Users/neelbagayatkar/.stm32cubeide/favorites.mcus.txt: 0 item(s)
2023-05-22 21:45:55,154 [INFO] ApiDb:427 - User favorites MCUs=[]
2023-05-22 21:45:55,154 [INFO] DbMcus:222 - Set 0 / 0 favorites MCUs
2023-05-22 21:45:55,444 [WARN] ThirdParty:833 - waiting for thirdparty lock release [change project]
2023-05-22 21:45:55,444 [INFO] ThirdParty:835 - entering critical section [change project]
2023-05-22 21:45:55,445 [INFO] ThirdParty:1030 - CMSIS Pack Vendor :STMicroelectronics X-CUBE-ISPU 1.1.0
2023-05-22 21:45:55,445 [INFO] ThirdParty:1030 - CMSIS Pack Vendor :RoweBots I-CUBE-UNISONRTOS 5.5.0-4
2023-05-22 21:45:55,445 [INFO] ThirdParty:1030 - CMSIS Pack Vendor :STMicroelectronics X-CUBE-GNSS1 6.0.0
2023-05-22 21:45:55,445 [INFO] ThirdParty:1030 - CMSIS Pack Vendor :STMicroelectronics USB_HOST 2.0.0
2023-05-22 21:45:55,445 [INFO] ThirdParty:1030 - CMSIS Pack Vendor :STMicroelectronics X-CUBE-AZRTOS-F4 1.1.0
2023-05-22 21:45:55,445 [INFO] ThirdParty:1030 - CMSIS Pack Vendor :STMicroelectronics LIBJPEG 8.0.0
2023-05-22 21:45:55,445 [INFO] ThirdParty:1030 - CMSIS Pack Vendor :STMicroelectronics X-CUBE-SMBUS 2.1.0
2023-05-22 21:45:55,445 [INFO] ThirdParty:1030 - CMSIS Pack Vendor :STMicroelectronics USB_DEVICE 3.0.0
2023-05-22 21:45:55,445 [INFO] ThirdParty:1030 - CMSIS Pack Vendor :STMicroelectronics X-CUBE-AI 8.0.0
2023-05-22 21:45:55,445 [INFO] ThirdParty:1030 - CMSIS Pack Vendor :STMicroelectronics X-CUBE-FREERTOS 1.0.0
2023-05-22 21:45:55,445 [INFO] ThirdParty:1030 - CMSIS Pack Vendor :STMicroelectronics X-CUBE-FREERTOS 1.0.1
2023-05-22 21:45:55,445 [INFO] ThirdParty:1030 - CMSIS Pack Vendor :STMicroelectronics X-CUBE-TOUCHGFX 4.21.1
2023-05-22 21:45:55,445 [INFO] ThirdParty:1030 - CMSIS Pack Vendor :STMicroelectronics X-CUBE-TOUCHGFX 4.21.3
2023-05-22 21:45:55,445 [INFO] ThirdParty:1030 - CMSIS Pack Vendor :STMicroelectronics X-CUBE-AZRTOS-F7 1.1.0
2023-05-22 21:45:55,445 [INFO] ThirdParty:1030 - CMSIS Pack Vendor :STMicroelectronics X-CUBE-TOUCHGFX 4.21.4
2023-05-22 21:45:55,445 [INFO] ThirdParty:1030 - CMSIS Pack Vendor :STMicroelectronics USB_DEVICE 2.0.0
2023-05-22 21:45:55,445 [INFO] ThirdParty:1030 - CMSIS Pack Vendor :STMicroelectronics X-CUBE-MEMS1 9.6.0
2023-05-22 21:45:55,445 [INFO] ThirdParty:1030 - CMSIS Pack Vendor :STMicroelectronics FP-SNS-MOTENV1 4.3.0
2023-05-22 21:45:55,445 [INFO] ThirdParty:1030 - CMSIS Pack Vendor :STMicroelectronics FP-SNS-FLIGHT1 5.0.0
2023-05-22 21:45:55,445 [INFO] ThirdParty:1030 - CMSIS Pack Vendor :STMicroelectronics X-CUBE-ALGOBUILD 1.3.0
2023-05-22 21:45:55,445 [INFO] ThirdParty:1030 - CMSIS Pack Vendor :STMicroelectronics X-CUBE-BLE1 6.2.4
2023-05-22 21:45:55,445 [INFO] ThirdParty:1030 - CMSIS Pack Vendor :STMicroelectronics X-CUBE-AZRTOS-L5 1.1.0
2023-05-22 21:45:55,445 [INFO] ThirdParty:1030 - CMSIS Pack Vendor :STMicroelectronics FreeRTOS 0.0.1
2023-05-22 21:45:55,445 [INFO] ThirdParty:1030 - CMSIS Pack Vendor :emotas I-CUBE-CANOPEN 1.1.3
2023-05-22 21:45:55,445 [INFO] ThirdParty:1030 - CMSIS Pack Vendor :STMicroelectronics X-CUBE-AZRTOS-G0 1.1.0
2023-05-22 21:45:55,446 [INFO] ThirdParty:1030 - CMSIS Pack Vendor :STMicroelectronics X-CUBE-BLEMGR 2.0.0
2023-05-22 21:45:55,446 [INFO] ThirdParty:1030 - CMSIS Pack Vendor :STMicroelectronics X-CUBE-AI 8.0.1
2023-05-22 21:45:55,446 [INFO] ThirdParty:1030 - CMSIS Pack Vendor :STMicroelectronics X-CUBE-SUBG2 5.0.0
2023-05-22 21:45:55,446 [INFO] ThirdParty:1030 - CMSIS Pack Vendor :STMicroelectronics X-CUBE-NFC4 3.0.0
2023-05-22 21:45:55,446 [INFO] ThirdParty:1030 - CMSIS Pack Vendor :STMicroelectronics STM32_WPAN 1.0.0
2023-05-22 21:45:55,446 [INFO] ThirdParty:1030 - CMSIS Pack Vendor :STMicroelectronics lwIP 2.0.3
2023-05-22 21:45:55,446 [INFO] ThirdParty:1030 - CMSIS Pack Vendor :STMicroelectronics USB_HOST 1.0.0
2023-05-22 21:45:55,446 [INFO] ThirdParty:1030 - CMSIS Pack Vendor :STMicroelectronics X-CUBE-AZRTOS-G4 2.0.0
2023-05-22 21:45:55,446 [INFO] ThirdParty:1030 - CMSIS Pack Vendor :STMicroelectronics PDM2PCM 3.1.0
2023-05-22 21:45:55,446 [INFO] ThirdParty:1030 - CMSIS Pack Vendor :STMicroelectronics X-CUBE-AZRTOS-H7 3.1.0
2023-05-22 21:45:55,446 [INFO] ThirdParty:1030 - CMSIS Pack Vendor :STMicroelectronics X-CUBE-TOF1 3.3.0
2023-05-22 21:45:55,446 [INFO] ThirdParty:1030 - CMSIS Pack Vendor :STMicroelectronics FP-ATR-ASTRA1 1.1.1
2023-05-22 21:45:55,446 [INFO] ThirdParty:1030 - CMSIS Pack Vendor :STMicroelectronics PDM2PCM 3.3.0
2023-05-22 21:45:55,446 [INFO] ThirdParty:1030 - CMSIS Pack Vendor :STMicroelectronics X-CUBE-DISPLAY 3.0.0
2023-05-22 21:45:55,446 [INFO] ThirdParty:1030 - CMSIS Pack Vendor :STMicroelectronics X-CUBE-AZRTOS-G4 1.0.0
2023-05-22 21:45:55,446 [INFO] ThirdParty:1030 - CMSIS Pack Vendor :STMicroelectronics FP-ATR-SIGFOX1 3.2.0
2023-05-22 21:45:55,446 [INFO] ThirdParty:1030 - CMSIS Pack Vendor :wolfSSL I-CUBE-wolfSSL 5.5.4
2023-05-22 21:45:55,446 [INFO] ThirdParty:1030 - CMSIS Pack Vendor :STMicroelectronics X-CUBE-AZRTOS-L4 1.0.0
2023-05-22 21:45:55,446 [INFO] ThirdParty:1030 - CMSIS Pack Vendor :STMicroelectronics HAL Drivers 0.0.0
2023-05-22 21:45:55,446 [INFO] ThirdParty:1030 - CMSIS Pack Vendor :STMicroelectronics MBEDTLS 2.16.2
2023-05-22 21:45:55,446 [INFO] ThirdParty:1030 - CMSIS Pack Vendor :STMicroelectronics MBEDTLS 2.14.1
2023-05-22 21:45:55,446 [INFO] ThirdParty:1030 - CMSIS Pack Vendor :STMicroelectronics X-CUBE-NFC7 1.0.0
2023-05-22 21:45:55,446 [INFO] ThirdParty:1030 - CMSIS Pack Vendor :STMicroelectronics X-CUBE-AZRTOS-WL 1.0.0
2023-05-22 21:45:55,446 [INFO] ThirdParty:1030 - CMSIS Pack Vendor :STMicroelectronics X-CUBE-EEPRMA1 4.1.0
2023-05-22 21:45:55,446 [INFO] ThirdParty:1030 - CMSIS Pack Vendor :portGmbH I-Cube-SoM-uGOAL 1.1.0
2023-05-22 21:45:55,446 [INFO] ThirdParty:1030 - CMSIS Pack Vendor :STMicroelectronics X-CUBE-ALS 1.0.1
2023-05-22 21:45:55,446 [INFO] ThirdParty:1030 - CMSIS Pack Vendor :STMicroelectronics X-CUBE-MEMS1 9.5.0
2023-05-22 21:45:55,446 [INFO] ThirdParty:1030 - CMSIS Pack Vendor :STMicroelectronics ThreadX 1.0.0
2023-05-22 21:45:55,446 [INFO] ThirdParty:1030 - CMSIS Pack Vendor :STMicroelectronics X-CUBE-AZRTOS-WB 1.1.0
2023-05-22 21:45:55,446 [INFO] ThirdParty:1030 - CMSIS Pack Vendor :SEGGER I-CUBE-embOS 1.3.1
2023-05-22 21:45:55,446 [INFO] ThirdParty:1030 - CMSIS Pack Vendor :STMicroelectronics USB_DEVICE 1.0.0
2023-05-22 21:45:55,446 [INFO] ThirdParty:1030 - CMSIS Pack Vendor :STMicroelectronics ThreadX 0.0.2
2023-05-22 21:45:55,446 [INFO] ThirdParty:1030 - CMSIS Pack Vendor :WES I-CUBE-Cesium 1.3.0
2023-05-22 21:45:55,446 [INFO] ThirdParty:1030 - CMSIS Pack Vendor :STMicroelectronics FP-ATR-ASTRA1 2.0.0
2023-05-22 21:45:55,446 [INFO] ThirdParty:1030 - CMSIS Pack Vendor :STMicroelectronics lwIP 2.1.2
2023-05-22 21:45:55,447 [INFO] ThirdParty:1030 - CMSIS Pack Vendor :STMicroelectronics X-CUBE-SFXS2LP1 4.0.0
2023-05-22 21:45:55,447 [INFO] ThirdParty:1030 - CMSIS Pack Vendor :STMicroelectronics X-CUBE-BLE2 3.3.0
2023-05-22 21:45:55,447 [INFO] ThirdParty:1030 - CMSIS Pack Vendor :STMicroelectronics X-CUBE-TOF1 3.2.0
2023-05-22 21:45:55,447 [INFO] ThirdParty:1030 - CMSIS Pack Vendor :STMicroelectronics PDM2PCM 3.2.0
2023-05-22 21:45:55,447 [INFO] ThirdParty:1030 - CMSIS Pack Vendor :STMicroelectronics X-CUBE-AZRTOS-H7 3.0.0
2023-05-22 21:45:55,448 [INFO] ThirdParty:841 - exiting critical section [change project]
2023-05-22 21:45:56,575 [INFO] PinOutPanel:1499 - setPackage(No Configuration,No Configuration)
2023-05-22 21:45:56,580 [INFO] PinOutPanel:1499 - setPackage(STM32F303VCTx,LQFP100)
2023-05-22 21:45:57,768 [INFO] UtilMem:75 - Before build in PCC Used Memory: 461241208 Bytes (592445440)
2023-05-22 21:45:59,361 [INFO] UtilMem:75 - After build in PCC Used Memory: 503798136 Bytes (592445440)
2023-05-22 21:45:59,453 [INFO] IPUIPlugin:80 - create IPUIPlugin
2023-05-22 21:45:59,453 [INFO] IPUIPlugin:80 - create IPUIPlugin
2023-05-22 21:45:59,453 [INFO] IPUIPlugin:80 - create IPUIPlugin
2023-05-22 21:45:59,453 [INFO] IPUIPlugin:80 - create IPUIPlugin
2023-05-22 21:45:59,455 [INFO] IPUIPlugin:80 - create IPUIPlugin
2023-05-22 21:45:59,456 [INFO] IPUIPlugin:80 - create IPUIPlugin
2023-05-22 21:45:59,456 [INFO] IPUIPlugin:80 - create IPUIPlugin
2023-05-22 21:45:59,456 [INFO] IPUIPlugin:80 - create IPUIPlugin
2023-05-22 21:45:59,456 [INFO] IPUIPlugin:80 - create IPUIPlugin
2023-05-22 21:45:59,456 [INFO] IPUIPlugin:80 - create IPUIPlugin
2023-05-22 21:45:59,456 [INFO] IPUIPlugin:80 - create IPUIPlugin
2023-05-22 21:45:59,456 [INFO] IPUIPlugin:80 - create IPUIPlugin
2023-05-22 21:45:59,456 [INFO] IPUIPlugin:80 - create IPUIPlugin
2023-05-22 21:45:59,457 [INFO] IPUIPlugin:80 - create IPUIPlugin
2023-05-22 21:45:59,457 [INFO] IPUIPlugin:80 - create IPUIPlugin
2023-05-22 21:45:59,457 [INFO] IPUIPlugin:80 - create IPUIPlugin
2023-05-22 21:45:59,457 [INFO] IPUIPlugin:80 - create IPUIPlugin
2023-05-22 21:45:59,458 [INFO] IPUIPlugin:80 - create IPUIPlugin
2023-05-22 21:45:59,461 [INFO] IPUIPlugin:80 - create IPUIPlugin
2023-05-22 21:45:59,461 [INFO] IPUIPlugin:80 - create IPUIPlugin
2023-05-22 21:45:59,461 [INFO] IPUIPlugin:80 - create IPUIPlugin
2023-05-22 21:45:59,461 [INFO] IPUIPlugin:80 - create IPUIPlugin
2023-05-22 21:45:59,461 [INFO] IPUIPlugin:80 - create IPUIPlugin
2023-05-22 21:45:59,462 [INFO] IPUIPlugin:80 - create IPUIPlugin
2023-05-22 21:45:59,462 [INFO] IPUIPlugin:80 - create IPUIPlugin
2023-05-22 21:45:59,462 [INFO] IPUIPlugin:80 - create IPUIPlugin
2023-05-22 21:45:59,462 [INFO] IPUIPlugin:80 - create IPUIPlugin
2023-05-22 21:45:59,462 [INFO] IPUIPlugin:80 - create IPUIPlugin
2023-05-22 21:45:59,462 [INFO] IPUIPlugin:80 - create IPUIPlugin
2023-05-22 21:45:59,463 [INFO] IPUIPlugin:80 - create IPUIPlugin
2023-05-22 21:45:59,463 [INFO] IPUIPlugin:80 - create IPUIPlugin
2023-05-22 21:45:59,463 [INFO] IPUIPlugin:80 - create IPUIPlugin
2023-05-22 21:45:59,463 [INFO] IPUIPlugin:80 - create IPUIPlugin
2023-05-22 21:45:59,463 [INFO] IPUIPlugin:80 - create IPUIPlugin
2023-05-22 21:45:59,463 [INFO] IPUIPlugin:80 - create IPUIPlugin
2023-05-22 21:45:59,463 [INFO] IPUIPlugin:80 - create IPUIPlugin
2023-05-22 21:45:59,463 [INFO] IPUIPlugin:80 - create IPUIPlugin
2023-05-22 21:45:59,463 [INFO] IPUIPlugin:80 - create IPUIPlugin
2023-05-22 21:45:59,463 [INFO] IPUIPlugin:80 - create IPUIPlugin
2023-05-22 21:45:59,463 [INFO] IPUIPlugin:80 - create IPUIPlugin
2023-05-22 21:45:59,463 [INFO] IPUIPlugin:80 - create IPUIPlugin
2023-05-22 21:45:59,464 [INFO] IPUIPlugin:80 - create IPUIPlugin
2023-05-22 21:45:59,464 [INFO] IPUIPlugin:80 - create IPUIPlugin
2023-05-22 21:45:59,464 [INFO] IPUIPlugin:80 - create IPUIPlugin
2023-05-22 21:45:59,464 [INFO] IPUIPlugin:80 - create IPUIPlugin
2023-05-22 21:45:59,464 [INFO] IPUIPlugin:80 - create IPUIPlugin
2023-05-22 21:45:59,464 [INFO] IPUIPlugin:80 - create IPUIPlugin
2023-05-22 21:45:59,464 [INFO] IPUIPlugin:80 - create IPUIPlugin
2023-05-22 21:45:59,464 [INFO] IPUIPlugin:80 - create IPUIPlugin
2023-05-22 21:45:59,465 [INFO] IPUIPlugin:80 - create IPUIPlugin
2023-05-22 21:45:59,465 [INFO] IPUIPlugin:80 - create IPUIPlugin
2023-05-22 21:45:59,465 [INFO] IPUIPlugin:80 - create IPUIPlugin
2023-05-22 21:45:59,465 [INFO] IPUIPlugin:80 - create IPUIPlugin
2023-05-22 21:45:59,465 [INFO] IPUIPlugin:80 - create IPUIPlugin
2023-05-22 21:45:59,465 [INFO] IPUIPlugin:80 - create IPUIPlugin
2023-05-22 21:46:00,109 [INFO] CADModel:165 - CPN selected for project levelSTM32F303VCT6
2023-05-22 21:46:00,110 [INFO] CADModel:114 - Register for checkConnection events
2023-05-22 21:46:00,157 [INFO] OpenFileManager:328 - Restore cursor
2023-05-22 21:46:00,486 [WARN] IP:2113 - lpm_enable not found: check if there is a RefParameter without a condition.
2023-05-22 21:46:00,487 [WARN] IP:2113 - lpm_enable not found: check if there is a RefParameter without a condition.
2023-05-22 21:53:02,444 [INFO] Mcu:1596 - InternalPropertyChange: try BijectiveRequest:Output Compare CH1
2023-05-22 21:54:44,251 [INFO] UtilMem:75 - End SaveConfig() Used Memory: 490146096 Bytes (592445440)
2023-05-22 21:54:46,003 [INFO] UtilMem:75 - End SaveConfig() Used Memory: 513578168 Bytes (592445440)
2023-05-22 21:54:46,072 [ERROR] RegexParser:59 - Issue caught when parsing regex: null
2023-05-22 21:54:48,866 [INFO] UtilMem:75 - End SaveConfig() Used Memory: 495497536 Bytes (592445440)
2023-05-22 21:54:50,176 [INFO] BlockDiagram:2759 - set Specific Code input for plugin: SPI
2023-05-22 21:54:50,178 [INFO] BlockDiagram:2759 - set Specific Code input for plugin: TIM1_8F3
2023-05-22 21:54:50,178 [INFO] BlockDiagram:2759 - set Specific Code input for plugin: TIM1_8F3
2023-05-22 21:54:50,178 [INFO] BlockDiagram:2759 - set Specific Code input for plugin: TIM1_8F3
2023-05-22 21:54:50,178 [INFO] BlockDiagram:2759 - set Specific Code input for plugin: SYS
2023-05-22 21:54:50,178 [INFO] BlockDiagram:2759 - set Specific Code input for plugin: RCC
2023-05-22 21:54:50,178 [INFO] BlockDiagram:2759 - set Specific Code input for plugin: I2C
2023-05-22 21:54:50,178 [INFO] BlockDiagram:2759 - set Specific Code input for plugin: NVIC
2023-05-22 21:54:50,178 [INFO] BlockDiagram:2759 - set Specific Code input for plugin: USB
2023-05-22 21:54:50,178 [INFO] BlockDiagram:2759 - set Specific Code input for plugin: TIM1_8F3
2023-05-22 21:54:50,178 [INFO] BlockDiagram:2759 - set Specific Code input for plugin: GPIO
2023-05-22 21:54:50,179 [INFO] CodeGenerator:793 - code generatio: config db path: /Users/neelbagayatkar/.stm32cubemx/databases/DB.6.0.60/db/
2023-05-22 21:54:50,262 [WARN] IP:2113 - lpm_enable not found: check if there is a RefParameter without a condition.
2023-05-22 21:54:50,802 [INFO] CodeEngine:255 - oldGeneratedFile, /Users/neelbagayatkar/Documents/MTRX2700_Backup/LiDar_lock/MXTmpFiles/license.tmp_save
2023-05-22 21:54:51,426 [INFO] CodeEngine:279 - Generated code: /Users/neelbagayatkar/Documents/MTRX2700_Backup/LiDar_lock/MXTmpFiles/license.tmp
2023-05-22 21:54:51,769 [INFO] CodeEngine:255 - oldGeneratedFile, /Users/neelbagayatkar/Documents/MTRX2700_Backup/LiDar_lock/MXTmpFiles/gpio.tmp_save
2023-05-22 21:54:52,087 [INFO] CodeEngine:279 - Generated code: /Users/neelbagayatkar/Documents/MTRX2700_Backup/LiDar_lock/MXTmpFiles/gpio.tmp
2023-05-22 21:54:53,204 [INFO] CodeEngine:255 - oldGeneratedFile, /Users/neelbagayatkar/Documents/MTRX2700_Backup/LiDar_lock/Core/Src/stm32f3xx_it.c_save
2023-05-22 21:54:53,497 [INFO] CodeEngine:279 - Generated code: /Users/neelbagayatkar/Documents/MTRX2700_Backup/LiDar_lock/Core/Src/stm32f3xx_it.c
2023-05-22 21:54:53,507 [INFO] CodeEngine:255 - oldGeneratedFile, /Users/neelbagayatkar/Documents/MTRX2700_Backup/LiDar_lock/Core/Inc/stm32f3xx_it.h_save
2023-05-22 21:54:53,572 [INFO] CodeEngine:279 - Generated code: /Users/neelbagayatkar/Documents/MTRX2700_Backup/LiDar_lock/Core/Inc/stm32f3xx_it.h
2023-05-22 21:54:53,582 [INFO] CodeEngine:255 - oldGeneratedFile, /Users/neelbagayatkar/Documents/MTRX2700_Backup/LiDar_lock/Core/Src/stm32f3xx_hal_msp.c_save
2023-05-22 21:54:53,743 [INFO] CodeEngine:279 - Generated code: /Users/neelbagayatkar/Documents/MTRX2700_Backup/LiDar_lock/Core/Src/stm32f3xx_hal_msp.c
2023-05-22 21:54:53,746 [INFO] CodeEngine:255 - oldGeneratedFile, /Users/neelbagayatkar/Documents/MTRX2700_Backup/LiDar_lock/MXTmpFiles/system.tmp_save
2023-05-22 21:54:53,835 [INFO] CodeEngine:279 - Generated code: /Users/neelbagayatkar/Documents/MTRX2700_Backup/LiDar_lock/MXTmpFiles/system.tmp
2023-05-22 21:54:53,840 [INFO] CodeEngine:311 - oldGeneratedFile, /Users/neelbagayatkar/Documents/MTRX2700_Backup/LiDar_lock/Core/Inc/stm32f3xx_hal_conf.h_save
2023-05-22 21:54:53,901 [INFO] CodeEngine:335 - Generated code: /Users/neelbagayatkar/Documents/MTRX2700_Backup/LiDar_lock/Core/Inc/stm32f3xx_hal_conf.h
2023-05-22 21:54:54,082 [WARN] IPConfigManager:3431 - IP not found : TIM
2023-05-22 21:54:54,085 [WARN] CodeGenerator:3754 - IP not found : null
2023-05-22 21:54:54,094 [INFO] CodeEngine:255 - oldGeneratedFile, /Users/neelbagayatkar/Documents/MTRX2700_Backup/LiDar_lock/Core/Inc/main.h_save
2023-05-22 21:54:54,255 [INFO] CodeEngine:279 - Generated code: /Users/neelbagayatkar/Documents/MTRX2700_Backup/LiDar_lock/Core/Inc/main.h
2023-05-22 21:54:54,258 [INFO] CodeEngine:255 - oldGeneratedFile, /Users/neelbagayatkar/Documents/MTRX2700_Backup/LiDar_lock/Core/Src/main.c_save
2023-05-22 21:54:54,449 [INFO] CodeEngine:279 - Generated code: /Users/neelbagayatkar/Documents/MTRX2700_Backup/LiDar_lock/Core/Src/main.c
2023-05-22 21:54:55,237 [INFO] ProjectBuilder:2996 - Time for Copy HAL[1] : 92mS.
2023-05-22 21:54:55,262 [INFO] ProjectBuilder:4304 - Project Generator version: 3.19.2
2023-05-22 21:54:55,783 [INFO] ConfigFileManager:1483 - The Die is : DIE422
2023-05-22 21:54:55,808 [INFO] ApiDbMcu:507 - Load IP Config File for FATFS
2023-05-22 21:54:55,812 [INFO] ApiDbMcu:507 - Load IP Config File for FREERTOS
2023-05-22 21:54:55,864 [INFO] ApiDbMcu:507 - Load IP Config File for TOUCHSENSING
2023-05-22 21:54:55,873 [INFO] ApiDbMcu:507 - Load IP Config File for USB_DEVICE
2023-05-22 21:54:57,060 [INFO] LogOutputStream:77 - [STDOUT_REDIRECT] 
2023-05-22 21:54:58,979 [INFO] ProjectBuilder:4505 - Time for Generating toolchain IDE Files: 3557mS.
2023-05-22 21:54:59,040 [INFO] ProjectBuilder:2867 - Time for Copy CMSIS : 6mS.
2023-05-22 21:54:59,048 [INFO] ProjectBuilder:2867 - Time for Copy CMSIS : 1mS.
2023-05-22 21:54:59,974 [INFO] NvicIntPanel:101 - NVIC parent = com.st.microxplorer.plugins.ip.nvic.MultiNvicIntPanel[,0,0,0x0,invalid,layout=javax.swing.BoxLayout,alignmentX=0.0,alignmentY=0.0,border=,flags=9,maximumSize=,minimumSize=,preferredSize=]
2023-05-22 21:58:10,205 [INFO] UtilMem:75 - End SaveConfig() Used Memory: 642818160 Bytes (831520768)
2023-05-22 22:14:31,023 [INFO] MainUpdater:2854 - connection check result : 10
2023-05-22 22:14:31,030 [INFO] MainUpdater:2854 - connection check result : 10
2023-05-22 22:14:31,604 [ERROR] IocParser:57 - IOException caught: /Users/neelbagayatkar/Documents/MTRX2700_Backup/LiDar_lock/major-project-base.ioc (No such file or directory)
2023-05-22 22:14:31,606 [ERROR] PeripheralListParser:95 - Something went wrong with ioc file reading: /Users/neelbagayatkar/Documents/MTRX2700_Backup/LiDar_lock/major-project-base.ioc (No such file or directory)
2023-05-22 22:14:31,606 [ERROR] RegexParser:59 - Issue caught when parsing regex: /Users/neelbagayatkar/Documents/MTRX2700_Backup/LiDar_lock/major-project-base.ioc (No such file or directory)
2023-05-22 22:14:31,710 [INFO] I2cTimingTraitement:330 - 0x2000090E
2023-05-22 22:14:31,722 [INFO] MicroXplorer:468 - Change Database Path : 
2023-05-22 22:14:31,722 [INFO] MicroXplorer:498 - Change Database Version : DB.6.0.80
2023-05-22 22:14:31,881 [WARN] ThirdParty:871 - waiting for thirdparty lock release [close project]
2023-05-22 22:14:31,881 [INFO] ThirdParty:873 - entering critical section [close project]
2023-05-22 22:14:31,881 [INFO] ThirdParty:883 - exiting critical section [close project]
2023-05-22 22:14:31,888 [INFO] PinOutPanel:1499 - setPackage(No Configuration,No Configuration)
2023-05-22 22:14:31,899 [INFO] UtilMem:75 - Begin LoadConfig() Used Memory: 624649984 Bytes (831520768)
2023-05-22 22:14:31,904 [INFO] MicroXplorer:468 - Change Database Path : /Users/neelbagayatkar/.stm32cubemx/databases/DB.6.0.60/db/
2023-05-22 22:14:31,904 [INFO] MicroXplorer:498 - Change Database Version : DB.6.0.60
2023-05-22 22:14:38,504 [INFO] OpenFileManager:308 - Change cursor
2023-05-22 22:14:38,591 [INFO] RulesReader:64 - Compatibility file has been processed (282 Rules)
2023-05-22 22:14:38,599 [INFO] Mcu:1937 - Initializing MCU STM32F303V(B-C)Tx STM32F303VCTx STM32F303VCT6
2023-05-22 22:14:39,978 [INFO] Context:659 - Trying to add GPIOservice into a context  which must be forbidden
2023-05-22 22:14:40,594 [INFO] RtosManager:555 - Registered RTOS mode: class=CMSIS, group=RTOS, mode=CMSIS_V1, owner=FREERTOS
2023-05-22 22:14:40,596 [INFO] RtosManager:555 - Registered RTOS mode: class=CMSIS, group=RTOS2, mode=CMSIS_V2, owner=FREERTOS
2023-05-22 22:14:40,596 [INFO] RtosManager:555 - Registered RTOS mode: class=RTOS, group=Core, mode=CMSIS_V1, owner=FREERTOS
2023-05-22 22:14:40,596 [INFO] RtosManager:555 - Registered RTOS mode: class=RTOS, group=Core, mode=CMSIS_V2, owner=FREERTOS
2023-05-22 22:14:40,596 [WARN] ModelIntegratedComponent:184 - Missing modes for component STMicroelectronics:FreeRTOS:0.0.1:STMicroelectronics:RTOS:FreeRTOS:Core:::10.2.0:
2023-05-22 22:14:40,612 [WARN] ModelIntegratedComponent:63 - No mode defined for component null
2023-05-22 22:14:40,612 [WARN] ModelIntegratedComponent:63 - No mode defined for component null
2023-05-22 22:14:40,612 [WARN] ModelIntegratedComponent:63 - No mode defined for component null
2023-05-22 22:14:40,612 [WARN] ModelIntegratedComponent:63 - No mode defined for component null
2023-05-22 22:14:40,612 [WARN] ModelIntegratedComponent:63 - No mode defined for component null
2023-05-22 22:14:40,612 [WARN] ModelIntegratedComponent:63 - No mode defined for component null
2023-05-22 22:14:40,612 [WARN] ModelIntegratedComponent:63 - No mode defined for component null
2023-05-22 22:14:40,612 [WARN] ModelIntegratedComponent:63 - No mode defined for component null
2023-05-22 22:14:40,612 [WARN] ModelIntegratedComponent:63 - No mode defined for component null
2023-05-22 22:14:40,612 [WARN] ModelIntegratedComponent:63 - No mode defined for component null
2023-05-22 22:14:40,613 [WARN] ModelIntegratedComponent:63 - No mode defined for component null
2023-05-22 22:14:40,613 [WARN] ModelIntegratedComponent:63 - No mode defined for component null
2023-05-22 22:14:40,613 [WARN] ModelIntegratedComponent:63 - No mode defined for component null
2023-05-22 22:14:40,613 [WARN] ModelIntegratedComponent:63 - No mode defined for component null
2023-05-22 22:14:40,613 [WARN] ModelIntegratedComponent:63 - No mode defined for component null
2023-05-22 22:14:40,613 [WARN] ModelIntegratedComponent:63 - No mode defined for component null
2023-05-22 22:14:40,613 [WARN] ModelIntegratedComponent:63 - No mode defined for component null
2023-05-22 22:14:40,613 [WARN] ModelIntegratedComponent:63 - No mode defined for component null
2023-05-22 22:14:40,613 [WARN] ModelIntegratedComponent:63 - No mode defined for component null
2023-05-22 22:14:40,613 [WARN] ModelIntegratedComponent:63 - No mode defined for component null
2023-05-22 22:14:40,613 [WARN] ModelIntegratedComponent:63 - No mode defined for component null
2023-05-22 22:14:40,613 [WARN] ModelIntegratedComponent:63 - No mode defined for component null
2023-05-22 22:14:40,613 [WARN] ModelIntegratedComponent:63 - No mode defined for component null
2023-05-22 22:14:40,613 [WARN] ModelIntegratedComponent:63 - No mode defined for component null
2023-05-22 22:14:40,613 [WARN] ModelIntegratedComponent:63 - No mode defined for component null
2023-05-22 22:14:40,613 [WARN] ModelIntegratedComponent:63 - No mode defined for component null
2023-05-22 22:14:40,613 [WARN] ModelIntegratedComponent:63 - No mode defined for component null
2023-05-22 22:14:40,613 [WARN] ModelIntegratedComponent:63 - No mode defined for component null
2023-05-22 22:14:40,613 [WARN] ModelIntegratedComponent:63 - No mode defined for component null
2023-05-22 22:14:40,613 [WARN] ModelIntegratedComponent:63 - No mode defined for component null
2023-05-22 22:14:40,613 [WARN] ModelIntegratedComponent:63 - No mode defined for component null
2023-05-22 22:14:40,613 [WARN] ModelIntegratedComponent:63 - No mode defined for component null
2023-05-22 22:14:40,613 [WARN] ModelIntegratedComponent:63 - No mode defined for component null
2023-05-22 22:14:40,678 [INFO] ThirdPartyModel:298 - Start build external matchings
2023-05-22 22:14:40,968 [INFO] ThirdPartyModel:316 - End build external matchings
2023-05-22 22:14:40,990 [INFO] ImportTextPane:194 - (OptionalMessage_ERROR) IP (RCC) : Invalid parameter (FamilyName)
2023-05-22 22:14:40,991 [INFO] ImportTextPane:194 - (OptionalMessage_ERROR) IP (RCC) : Invalid parameter (TIM2Freq_Value)
2023-05-22 22:14:41,231 [INFO] UtilMem:75 - End LoadConfig() Used Memory: 680832512 Bytes (831520768)
2023-05-22 22:14:41,287 [WARN] ThirdParty:833 - waiting for thirdparty lock release [change project]
2023-05-22 22:14:41,289 [INFO] ThirdParty:835 - entering critical section [change project]
2023-05-22 22:14:41,290 [INFO] ThirdParty:1030 - CMSIS Pack Vendor :STMicroelectronics X-CUBE-ISPU 1.1.0
2023-05-22 22:14:41,290 [INFO] ThirdParty:1030 - CMSIS Pack Vendor :RoweBots I-CUBE-UNISONRTOS 5.5.0-4
2023-05-22 22:14:41,290 [INFO] ThirdParty:1030 - CMSIS Pack Vendor :STMicroelectronics X-CUBE-GNSS1 6.0.0
2023-05-22 22:14:41,290 [INFO] ThirdParty:1030 - CMSIS Pack Vendor :STMicroelectronics USB_HOST 2.0.0
2023-05-22 22:14:41,290 [INFO] ThirdParty:1030 - CMSIS Pack Vendor :STMicroelectronics X-CUBE-AZRTOS-F4 1.1.0
2023-05-22 22:14:41,290 [INFO] ThirdParty:1030 - CMSIS Pack Vendor :STMicroelectronics LIBJPEG 8.0.0
2023-05-22 22:14:41,290 [INFO] ThirdParty:1030 - CMSIS Pack Vendor :STMicroelectronics X-CUBE-SMBUS 2.1.0
2023-05-22 22:14:41,290 [INFO] ThirdParty:1030 - CMSIS Pack Vendor :STMicroelectronics USB_DEVICE 3.0.0
2023-05-22 22:14:41,290 [INFO] ThirdParty:1030 - CMSIS Pack Vendor :STMicroelectronics X-CUBE-AI 8.0.0
2023-05-22 22:14:41,290 [INFO] ThirdParty:1030 - CMSIS Pack Vendor :STMicroelectronics X-CUBE-FREERTOS 1.0.0
2023-05-22 22:14:41,290 [INFO] ThirdParty:1030 - CMSIS Pack Vendor :STMicroelectronics X-CUBE-FREERTOS 1.0.1
2023-05-22 22:14:41,290 [INFO] ThirdParty:1030 - CMSIS Pack Vendor :STMicroelectronics X-CUBE-TOUCHGFX 4.21.1
2023-05-22 22:14:41,290 [INFO] ThirdParty:1030 - CMSIS Pack Vendor :STMicroelectronics X-CUBE-TOUCHGFX 4.21.3
2023-05-22 22:14:41,290 [INFO] ThirdParty:1030 - CMSIS Pack Vendor :STMicroelectronics X-CUBE-AZRTOS-F7 1.1.0
2023-05-22 22:14:41,290 [INFO] ThirdParty:1030 - CMSIS Pack Vendor :STMicroelectronics X-CUBE-TOUCHGFX 4.21.4
2023-05-22 22:14:41,290 [INFO] ThirdParty:1030 - CMSIS Pack Vendor :STMicroelectronics USB_DEVICE 2.0.0
2023-05-22 22:14:41,290 [INFO] ThirdParty:1030 - CMSIS Pack Vendor :STMicroelectronics X-CUBE-MEMS1 9.6.0
2023-05-22 22:14:41,290 [INFO] ThirdParty:1030 - CMSIS Pack Vendor :STMicroelectronics FP-SNS-MOTENV1 4.3.0
2023-05-22 22:14:41,290 [INFO] ThirdParty:1030 - CMSIS Pack Vendor :STMicroelectronics FP-SNS-FLIGHT1 5.0.0
2023-05-22 22:14:41,290 [INFO] ThirdParty:1030 - CMSIS Pack Vendor :STMicroelectronics X-CUBE-ALGOBUILD 1.3.0
2023-05-22 22:14:41,290 [INFO] ThirdParty:1030 - CMSIS Pack Vendor :STMicroelectronics X-CUBE-BLE1 6.2.4
2023-05-22 22:14:41,290 [INFO] ThirdParty:1030 - CMSIS Pack Vendor :STMicroelectronics X-CUBE-AZRTOS-L5 1.1.0
2023-05-22 22:14:41,290 [INFO] ThirdParty:1030 - CMSIS Pack Vendor :STMicroelectronics FreeRTOS 0.0.1
2023-05-22 22:14:41,290 [INFO] ThirdParty:1030 - CMSIS Pack Vendor :emotas I-CUBE-CANOPEN 1.1.3
2023-05-22 22:14:41,290 [INFO] ThirdParty:1030 - CMSIS Pack Vendor :STMicroelectronics X-CUBE-AZRTOS-G0 1.1.0
2023-05-22 22:14:41,290 [INFO] ThirdParty:1030 - CMSIS Pack Vendor :STMicroelectronics X-CUBE-BLEMGR 2.0.0
2023-05-22 22:14:41,290 [INFO] ThirdParty:1030 - CMSIS Pack Vendor :STMicroelectronics X-CUBE-AI 8.0.1
2023-05-22 22:14:41,290 [INFO] ThirdParty:1030 - CMSIS Pack Vendor :STMicroelectronics X-CUBE-SUBG2 5.0.0
2023-05-22 22:14:41,290 [INFO] ThirdParty:1030 - CMSIS Pack Vendor :STMicroelectronics X-CUBE-NFC4 3.0.0
2023-05-22 22:14:41,290 [INFO] ThirdParty:1030 - CMSIS Pack Vendor :STMicroelectronics STM32_WPAN 1.0.0
2023-05-22 22:14:41,290 [INFO] ThirdParty:1030 - CMSIS Pack Vendor :STMicroelectronics lwIP 2.0.3
2023-05-22 22:14:41,290 [INFO] ThirdParty:1030 - CMSIS Pack Vendor :STMicroelectronics USB_HOST 1.0.0
2023-05-22 22:14:41,290 [INFO] ThirdParty:1030 - CMSIS Pack Vendor :STMicroelectronics X-CUBE-AZRTOS-G4 2.0.0
2023-05-22 22:14:41,290 [INFO] ThirdParty:1030 - CMSIS Pack Vendor :STMicroelectronics PDM2PCM 3.1.0
2023-05-22 22:14:41,290 [INFO] ThirdParty:1030 - CMSIS Pack Vendor :STMicroelectronics X-CUBE-AZRTOS-H7 3.1.0
2023-05-22 22:14:41,291 [INFO] ThirdParty:1030 - CMSIS Pack Vendor :STMicroelectronics X-CUBE-TOF1 3.3.0
2023-05-22 22:14:41,291 [INFO] ThirdParty:1030 - CMSIS Pack Vendor :STMicroelectronics FP-ATR-ASTRA1 1.1.1
2023-05-22 22:14:41,291 [INFO] ThirdParty:1030 - CMSIS Pack Vendor :STMicroelectronics PDM2PCM 3.3.0
2023-05-22 22:14:41,291 [INFO] ThirdParty:1030 - CMSIS Pack Vendor :STMicroelectronics X-CUBE-DISPLAY 3.0.0
2023-05-22 22:14:41,291 [INFO] ThirdParty:1030 - CMSIS Pack Vendor :STMicroelectronics X-CUBE-AZRTOS-G4 1.0.0
2023-05-22 22:14:41,291 [INFO] ThirdParty:1030 - CMSIS Pack Vendor :STMicroelectronics FP-ATR-SIGFOX1 3.2.0
2023-05-22 22:14:41,291 [INFO] ThirdParty:1030 - CMSIS Pack Vendor :wolfSSL I-CUBE-wolfSSL 5.5.4
2023-05-22 22:14:41,291 [INFO] ThirdParty:1030 - CMSIS Pack Vendor :STMicroelectronics X-CUBE-AZRTOS-L4 1.0.0
2023-05-22 22:14:41,291 [INFO] ThirdParty:1030 - CMSIS Pack Vendor :STMicroelectronics HAL Drivers 0.0.0
2023-05-22 22:14:41,291 [INFO] ThirdParty:1030 - CMSIS Pack Vendor :STMicroelectronics MBEDTLS 2.16.2
2023-05-22 22:14:41,291 [INFO] ThirdParty:1030 - CMSIS Pack Vendor :STMicroelectronics MBEDTLS 2.14.1
2023-05-22 22:14:41,291 [INFO] ThirdParty:1030 - CMSIS Pack Vendor :STMicroelectronics X-CUBE-NFC7 1.0.0
2023-05-22 22:14:41,291 [INFO] ThirdParty:1030 - CMSIS Pack Vendor :STMicroelectronics X-CUBE-AZRTOS-WL 1.0.0
2023-05-22 22:14:41,291 [INFO] ThirdParty:1030 - CMSIS Pack Vendor :STMicroelectronics X-CUBE-EEPRMA1 4.1.0
2023-05-22 22:14:41,291 [INFO] ThirdParty:1030 - CMSIS Pack Vendor :portGmbH I-Cube-SoM-uGOAL 1.1.0
2023-05-22 22:14:41,291 [INFO] ThirdParty:1030 - CMSIS Pack Vendor :STMicroelectronics X-CUBE-ALS 1.0.1
2023-05-22 22:14:41,291 [INFO] ThirdParty:1030 - CMSIS Pack Vendor :STMicroelectronics X-CUBE-MEMS1 9.5.0
2023-05-22 22:14:41,291 [INFO] ThirdParty:1030 - CMSIS Pack Vendor :STMicroelectronics ThreadX 1.0.0
2023-05-22 22:14:41,291 [INFO] ThirdParty:1030 - CMSIS Pack Vendor :STMicroelectronics X-CUBE-AZRTOS-WB 1.1.0
2023-05-22 22:14:41,291 [INFO] ThirdParty:1030 - CMSIS Pack Vendor :SEGGER I-CUBE-embOS 1.3.1
2023-05-22 22:14:41,291 [INFO] ThirdParty:1030 - CMSIS Pack Vendor :STMicroelectronics USB_DEVICE 1.0.0
2023-05-22 22:14:41,291 [INFO] ThirdParty:1030 - CMSIS Pack Vendor :STMicroelectronics ThreadX 0.0.2
2023-05-22 22:14:41,291 [INFO] ThirdParty:1030 - CMSIS Pack Vendor :WES I-CUBE-Cesium 1.3.0
2023-05-22 22:14:41,291 [INFO] ThirdParty:1030 - CMSIS Pack Vendor :STMicroelectronics FP-ATR-ASTRA1 2.0.0
2023-05-22 22:14:41,291 [INFO] ThirdParty:1030 - CMSIS Pack Vendor :STMicroelectronics lwIP 2.1.2
2023-05-22 22:14:41,291 [INFO] ThirdParty:1030 - CMSIS Pack Vendor :STMicroelectronics X-CUBE-SFXS2LP1 4.0.0
2023-05-22 22:14:41,291 [INFO] ThirdParty:1030 - CMSIS Pack Vendor :STMicroelectronics X-CUBE-BLE2 3.3.0
2023-05-22 22:14:41,291 [INFO] ThirdParty:1030 - CMSIS Pack Vendor :STMicroelectronics X-CUBE-TOF1 3.2.0
2023-05-22 22:14:41,291 [INFO] ThirdParty:1030 - CMSIS Pack Vendor :STMicroelectronics PDM2PCM 3.2.0
2023-05-22 22:14:41,291 [INFO] ThirdParty:1030 - CMSIS Pack Vendor :STMicroelectronics X-CUBE-AZRTOS-H7 3.0.0
2023-05-22 22:14:41,292 [INFO] ThirdParty:841 - exiting critical section [change project]
2023-05-22 22:14:41,863 [INFO] PinOutPanel:1499 - setPackage(No Configuration,No Configuration)
2023-05-22 22:14:41,868 [INFO] PinOutPanel:1499 - setPackage(STM32F303VCTx,LQFP100)
2023-05-22 22:14:42,240 [INFO] UtilMem:75 - Before build in PCC Used Memory: 537502192 Bytes (831520768)
2023-05-22 22:14:42,745 [INFO] UtilMem:75 - After build in PCC Used Memory: 582593008 Bytes (831520768)
2023-05-22 22:14:42,787 [INFO] IPUIPlugin:80 - create IPUIPlugin
2023-05-22 22:14:42,787 [INFO] IPUIPlugin:80 - create IPUIPlugin
2023-05-22 22:14:42,787 [INFO] IPUIPlugin:80 - create IPUIPlugin
2023-05-22 22:14:42,787 [INFO] IPUIPlugin:80 - create IPUIPlugin
2023-05-22 22:14:42,788 [INFO] IPUIPlugin:80 - create IPUIPlugin
2023-05-22 22:14:42,788 [INFO] IPUIPlugin:80 - create IPUIPlugin
2023-05-22 22:14:42,788 [INFO] IPUIPlugin:80 - create IPUIPlugin
2023-05-22 22:14:42,788 [INFO] IPUIPlugin:80 - create IPUIPlugin
2023-05-22 22:14:42,788 [INFO] IPUIPlugin:80 - create IPUIPlugin
2023-05-22 22:14:42,788 [INFO] IPUIPlugin:80 - create IPUIPlugin
2023-05-22 22:14:42,788 [INFO] IPUIPlugin:80 - create IPUIPlugin
2023-05-22 22:14:42,788 [INFO] IPUIPlugin:80 - create IPUIPlugin
2023-05-22 22:14:42,788 [INFO] IPUIPlugin:80 - create IPUIPlugin
2023-05-22 22:14:42,789 [INFO] IPUIPlugin:80 - create IPUIPlugin
2023-05-22 22:14:42,791 [INFO] IPUIPlugin:80 - create IPUIPlugin
2023-05-22 22:14:42,794 [INFO] IPUIPlugin:80 - create IPUIPlugin
2023-05-22 22:14:42,794 [INFO] IPUIPlugin:80 - create IPUIPlugin
2023-05-22 22:14:42,795 [INFO] IPUIPlugin:80 - create IPUIPlugin
2023-05-22 22:14:42,795 [INFO] IPUIPlugin:80 - create IPUIPlugin
2023-05-22 22:14:42,795 [INFO] IPUIPlugin:80 - create IPUIPlugin
2023-05-22 22:14:42,795 [INFO] IPUIPlugin:80 - create IPUIPlugin
2023-05-22 22:14:42,795 [INFO] IPUIPlugin:80 - create IPUIPlugin
2023-05-22 22:14:42,795 [INFO] IPUIPlugin:80 - create IPUIPlugin
2023-05-22 22:14:42,795 [INFO] IPUIPlugin:80 - create IPUIPlugin
2023-05-22 22:14:42,795 [INFO] IPUIPlugin:80 - create IPUIPlugin
2023-05-22 22:14:42,795 [INFO] IPUIPlugin:80 - create IPUIPlugin
2023-05-22 22:14:42,796 [INFO] IPUIPlugin:80 - create IPUIPlugin
2023-05-22 22:14:42,796 [INFO] IPUIPlugin:80 - create IPUIPlugin
2023-05-22 22:14:42,796 [INFO] IPUIPlugin:80 - create IPUIPlugin
2023-05-22 22:14:42,796 [INFO] IPUIPlugin:80 - create IPUIPlugin
2023-05-22 22:14:42,796 [INFO] IPUIPlugin:80 - create IPUIPlugin
2023-05-22 22:14:42,796 [INFO] IPUIPlugin:80 - create IPUIPlugin
2023-05-22 22:14:42,796 [INFO] IPUIPlugin:80 - create IPUIPlugin
2023-05-22 22:14:42,796 [INFO] IPUIPlugin:80 - create IPUIPlugin
2023-05-22 22:14:42,796 [INFO] IPUIPlugin:80 - create IPUIPlugin
2023-05-22 22:14:42,796 [INFO] IPUIPlugin:80 - create IPUIPlugin
2023-05-22 22:14:42,797 [INFO] IPUIPlugin:80 - create IPUIPlugin
2023-05-22 22:14:42,797 [INFO] IPUIPlugin:80 - create IPUIPlugin
2023-05-22 22:14:42,797 [INFO] IPUIPlugin:80 - create IPUIPlugin
2023-05-22 22:14:42,797 [INFO] IPUIPlugin:80 - create IPUIPlugin
2023-05-22 22:14:42,797 [INFO] IPUIPlugin:80 - create IPUIPlugin
2023-05-22 22:14:42,797 [INFO] IPUIPlugin:80 - create IPUIPlugin
2023-05-22 22:14:42,797 [INFO] IPUIPlugin:80 - create IPUIPlugin
2023-05-22 22:14:42,797 [INFO] IPUIPlugin:80 - create IPUIPlugin
2023-05-22 22:14:42,797 [INFO] IPUIPlugin:80 - create IPUIPlugin
2023-05-22 22:14:42,797 [INFO] IPUIPlugin:80 - create IPUIPlugin
2023-05-22 22:14:42,797 [INFO] IPUIPlugin:80 - create IPUIPlugin
2023-05-22 22:14:42,797 [INFO] IPUIPlugin:80 - create IPUIPlugin
2023-05-22 22:14:42,797 [INFO] IPUIPlugin:80 - create IPUIPlugin
2023-05-22 22:14:42,797 [INFO] IPUIPlugin:80 - create IPUIPlugin
2023-05-22 22:14:42,798 [INFO] IPUIPlugin:80 - create IPUIPlugin
2023-05-22 22:14:42,798 [INFO] IPUIPlugin:80 - create IPUIPlugin
2023-05-22 22:14:42,798 [INFO] IPUIPlugin:80 - create IPUIPlugin
2023-05-22 22:14:42,798 [INFO] IPUIPlugin:80 - create IPUIPlugin
2023-05-22 22:14:42,798 [INFO] IPUIPlugin:80 - create IPUIPlugin
2023-05-22 22:14:42,874 [INFO] CADModel:165 - CPN selected for project levelSTM32F303VCT6
2023-05-22 22:14:42,874 [INFO] CADModel:114 - Register for checkConnection events
2023-05-22 22:14:42,927 [INFO] OpenFileManager:328 - Restore cursor
2023-05-22 22:14:43,223 [WARN] IP:2113 - lpm_enable not found: check if there is a RefParameter without a condition.
2023-05-22 22:14:43,225 [WARN] IP:2113 - lpm_enable not found: check if there is a RefParameter without a condition.
2023-05-22 22:15:50,156 [INFO] Mcu:1596 - InternalPropertyChange: try BijectiveRequest:Output Compare CH1
2023-05-22 22:16:18,876 [INFO] NvicIntPanel:101 - NVIC parent = com.st.microxplorer.plugins.ip.nvic.MultiNvicIntPanel[,0,0,0x0,invalid,layout=javax.swing.BoxLayout,alignmentX=0.0,alignmentY=0.0,border=,flags=9,maximumSize=,minimumSize=,preferredSize=]
2023-05-22 22:16:21,690 [INFO] UtilMem:75 - End SaveConfig() Used Memory: 549772192 Bytes (831520768)
2023-05-22 22:16:23,261 [INFO] UtilMem:75 - End SaveConfig() Used Memory: 575460256 Bytes (831520768)
2023-05-22 22:16:24,750 [INFO] UtilMem:75 - End SaveConfig() Used Memory: 616354720 Bytes (831520768)
2023-05-22 22:16:25,032 [INFO] BlockDiagram:2759 - set Specific Code input for plugin: SPI
2023-05-22 22:16:25,032 [INFO] BlockDiagram:2759 - set Specific Code input for plugin: TIM1_8F3
2023-05-22 22:16:25,032 [INFO] BlockDiagram:2759 - set Specific Code input for plugin: TIM1_8F3
2023-05-22 22:16:25,032 [INFO] BlockDiagram:2759 - set Specific Code input for plugin: TIM1_8F3
2023-05-22 22:16:25,032 [INFO] BlockDiagram:2759 - set Specific Code input for plugin: SYS
2023-05-22 22:16:25,032 [INFO] BlockDiagram:2759 - set Specific Code input for plugin: RCC
2023-05-22 22:16:25,032 [INFO] BlockDiagram:2759 - set Specific Code input for plugin: I2C
2023-05-22 22:16:25,032 [INFO] BlockDiagram:2759 - set Specific Code input for plugin: NVIC
2023-05-22 22:16:25,033 [INFO] BlockDiagram:2759 - set Specific Code input for plugin: USB
2023-05-22 22:16:25,033 [INFO] BlockDiagram:2759 - set Specific Code input for plugin: TIM1_8F3
2023-05-22 22:16:25,033 [INFO] BlockDiagram:2759 - set Specific Code input for plugin: GPIO
2023-05-22 22:16:25,034 [INFO] CodeGenerator:793 - code generatio: config db path: /Users/neelbagayatkar/.stm32cubemx/databases/DB.6.0.60/db/
2023-05-22 22:16:25,094 [WARN] IP:2113 - lpm_enable not found: check if there is a RefParameter without a condition.
2023-05-22 22:16:25,466 [INFO] CodeEngine:255 - oldGeneratedFile, /Users/neelbagayatkar/Documents/MTRX2700_Backup/LiDar_Lock/MXTmpFiles/license.tmp_save
2023-05-22 22:16:25,651 [INFO] CodeEngine:279 - Generated code: /Users/neelbagayatkar/Documents/MTRX2700_Backup/LiDar_Lock/MXTmpFiles/license.tmp
2023-05-22 22:16:25,749 [INFO] CodeEngine:255 - oldGeneratedFile, /Users/neelbagayatkar/Documents/MTRX2700_Backup/LiDar_Lock/MXTmpFiles/gpio.tmp_save
2023-05-22 22:16:25,836 [INFO] CodeEngine:279 - Generated code: /Users/neelbagayatkar/Documents/MTRX2700_Backup/LiDar_Lock/MXTmpFiles/gpio.tmp
2023-05-22 22:16:26,528 [INFO] CodeEngine:255 - oldGeneratedFile, /Users/neelbagayatkar/Documents/MTRX2700_Backup/LiDar_Lock/Core/Src/stm32f3xx_it.c_save
2023-05-22 22:16:26,730 [INFO] CodeEngine:279 - Generated code: /Users/neelbagayatkar/Documents/MTRX2700_Backup/LiDar_Lock/Core/Src/stm32f3xx_it.c
2023-05-22 22:16:26,732 [INFO] CodeEngine:255 - oldGeneratedFile, /Users/neelbagayatkar/Documents/MTRX2700_Backup/LiDar_Lock/Core/Inc/stm32f3xx_it.h_save
2023-05-22 22:16:26,796 [INFO] CodeEngine:279 - Generated code: /Users/neelbagayatkar/Documents/MTRX2700_Backup/LiDar_Lock/Core/Inc/stm32f3xx_it.h
2023-05-22 22:16:26,800 [INFO] CodeEngine:255 - oldGeneratedFile, /Users/neelbagayatkar/Documents/MTRX2700_Backup/LiDar_Lock/Core/Src/stm32f3xx_hal_msp.c_save
2023-05-22 22:16:26,960 [INFO] CodeEngine:279 - Generated code: /Users/neelbagayatkar/Documents/MTRX2700_Backup/LiDar_Lock/Core/Src/stm32f3xx_hal_msp.c
2023-05-22 22:16:26,962 [INFO] CodeEngine:255 - oldGeneratedFile, /Users/neelbagayatkar/Documents/MTRX2700_Backup/LiDar_Lock/MXTmpFiles/system.tmp_save
2023-05-22 22:16:27,014 [INFO] CodeEngine:279 - Generated code: /Users/neelbagayatkar/Documents/MTRX2700_Backup/LiDar_Lock/MXTmpFiles/system.tmp
2023-05-22 22:16:27,019 [INFO] CodeEngine:311 - oldGeneratedFile, /Users/neelbagayatkar/Documents/MTRX2700_Backup/LiDar_Lock/Core/Inc/stm32f3xx_hal_conf.h_save
2023-05-22 22:16:27,077 [INFO] CodeEngine:335 - Generated code: /Users/neelbagayatkar/Documents/MTRX2700_Backup/LiDar_Lock/Core/Inc/stm32f3xx_hal_conf.h
2023-05-22 22:16:27,109 [WARN] IPConfigManager:3431 - IP not found : TIM
2023-05-22 22:16:27,109 [WARN] CodeGenerator:3754 - IP not found : null
2023-05-22 22:16:27,111 [INFO] CodeEngine:255 - oldGeneratedFile, /Users/neelbagayatkar/Documents/MTRX2700_Backup/LiDar_Lock/Core/Inc/main.h_save
2023-05-22 22:16:27,206 [INFO] CodeEngine:279 - Generated code: /Users/neelbagayatkar/Documents/MTRX2700_Backup/LiDar_Lock/Core/Inc/main.h
2023-05-22 22:16:27,208 [INFO] CodeEngine:255 - oldGeneratedFile, /Users/neelbagayatkar/Documents/MTRX2700_Backup/LiDar_Lock/Core/Src/main.c_save
2023-05-22 22:16:27,424 [INFO] CodeEngine:279 - Generated code: /Users/neelbagayatkar/Documents/MTRX2700_Backup/LiDar_Lock/Core/Src/main.c
2023-05-22 22:16:27,993 [INFO] ProjectBuilder:2996 - Time for Copy HAL[1] : 67mS.
2023-05-22 22:16:28,000 [INFO] ProjectBuilder:4304 - Project Generator version: 3.19.2
2023-05-22 22:16:28,324 [INFO] ConfigFileManager:1483 - The Die is : DIE422
2023-05-22 22:16:28,330 [INFO] ApiDbMcu:507 - Load IP Config File for FATFS
2023-05-22 22:16:28,334 [INFO] ApiDbMcu:507 - Load IP Config File for FREERTOS
2023-05-22 22:16:28,347 [INFO] ApiDbMcu:507 - Load IP Config File for TOUCHSENSING
2023-05-22 22:16:28,366 [INFO] ApiDbMcu:507 - Load IP Config File for USB_DEVICE
2023-05-22 22:16:30,141 [INFO] ProjectBuilder:4505 - Time for Generating toolchain IDE Files: 2138mS.
2023-05-22 22:16:30,142 [INFO] ProjectBuilder:2867 - Time for Copy CMSIS : 0mS.
2023-05-22 22:16:30,144 [INFO] ProjectBuilder:2867 - Time for Copy CMSIS : 0mS.
2023-05-22 22:17:57,047 [INFO] UtilMem:75 - End SaveConfig() Used Memory: 742857504 Bytes (878706688)
2023-05-22 22:54:35,889 [INFO] MainUpdater:2854 - connection check result : 10
2023-05-22 22:54:35,891 [INFO] MainUpdater:2854 - connection check result : 10
2023-05-22 22:54:37,035 [INFO] I2cTimingTraitement:330 - 0x2000090E
2023-05-22 22:54:37,043 [INFO] MicroXplorer:468 - Change Database Path : 
2023-05-22 22:54:37,043 [INFO] MicroXplorer:498 - Change Database Version : DB.6.0.80
2023-05-22 22:54:37,203 [WARN] ThirdParty:871 - waiting for thirdparty lock release [close project]
2023-05-22 22:54:37,203 [INFO] ThirdParty:873 - entering critical section [close project]
2023-05-22 22:54:37,203 [INFO] ThirdParty:883 - exiting critical section [close project]
2023-05-22 22:54:37,211 [INFO] PinOutPanel:1499 - setPackage(No Configuration,No Configuration)
2023-05-22 22:54:37,218 [INFO] UtilMem:75 - Begin LoadConfig() Used Memory: 703653776 Bytes (878706688)
2023-05-22 22:54:37,223 [INFO] MicroXplorer:468 - Change Database Path : /Users/neelbagayatkar/.stm32cubemx/databases/DB.6.0.60/db/
2023-05-22 22:54:37,223 [INFO] MicroXplorer:498 - Change Database Version : DB.6.0.60
2023-05-22 22:54:39,383 [INFO] OpenFileManager:308 - Change cursor
2023-05-22 22:54:39,430 [INFO] RulesReader:64 - Compatibility file has been processed (282 Rules)
2023-05-22 22:54:39,437 [INFO] Mcu:1937 - Initializing MCU STM32F303V(B-C)Tx STM32F303VCTx STM32F303VCT6
2023-05-22 22:54:40,595 [INFO] Context:659 - Trying to add GPIOservice into a context  which must be forbidden
2023-05-22 22:54:41,132 [INFO] RtosManager:555 - Registered RTOS mode: class=CMSIS, group=RTOS, mode=CMSIS_V1, owner=FREERTOS
2023-05-22 22:54:41,134 [INFO] RtosManager:555 - Registered RTOS mode: class=CMSIS, group=RTOS2, mode=CMSIS_V2, owner=FREERTOS
2023-05-22 22:54:41,134 [INFO] RtosManager:555 - Registered RTOS mode: class=RTOS, group=Core, mode=CMSIS_V1, owner=FREERTOS
2023-05-22 22:54:41,134 [INFO] RtosManager:555 - Registered RTOS mode: class=RTOS, group=Core, mode=CMSIS_V2, owner=FREERTOS
2023-05-22 22:54:41,134 [WARN] ModelIntegratedComponent:184 - Missing modes for component STMicroelectronics:FreeRTOS:0.0.1:STMicroelectronics:RTOS:FreeRTOS:Core:::10.2.0:
2023-05-22 22:54:41,150 [WARN] ModelIntegratedComponent:63 - No mode defined for component null
2023-05-22 22:54:41,151 [WARN] ModelIntegratedComponent:63 - No mode defined for component null
2023-05-22 22:54:41,151 [WARN] ModelIntegratedComponent:63 - No mode defined for component null
2023-05-22 22:54:41,151 [WARN] ModelIntegratedComponent:63 - No mode defined for component null
2023-05-22 22:54:41,151 [WARN] ModelIntegratedComponent:63 - No mode defined for component null
2023-05-22 22:54:41,151 [WARN] ModelIntegratedComponent:63 - No mode defined for component null
2023-05-22 22:54:41,151 [WARN] ModelIntegratedComponent:63 - No mode defined for component null
2023-05-22 22:54:41,151 [WARN] ModelIntegratedComponent:63 - No mode defined for component null
2023-05-22 22:54:41,151 [WARN] ModelIntegratedComponent:63 - No mode defined for component null
2023-05-22 22:54:41,151 [WARN] ModelIntegratedComponent:63 - No mode defined for component null
2023-05-22 22:54:41,151 [WARN] ModelIntegratedComponent:63 - No mode defined for component null
2023-05-22 22:54:41,151 [WARN] ModelIntegratedComponent:63 - No mode defined for component null
2023-05-22 22:54:41,152 [WARN] ModelIntegratedComponent:63 - No mode defined for component null
2023-05-22 22:54:41,152 [WARN] ModelIntegratedComponent:63 - No mode defined for component null
2023-05-22 22:54:41,152 [WARN] ModelIntegratedComponent:63 - No mode defined for component null
2023-05-22 22:54:41,152 [WARN] ModelIntegratedComponent:63 - No mode defined for component null
2023-05-22 22:54:41,152 [WARN] ModelIntegratedComponent:63 - No mode defined for component null
2023-05-22 22:54:41,152 [WARN] ModelIntegratedComponent:63 - No mode defined for component null
2023-05-22 22:54:41,152 [WARN] ModelIntegratedComponent:63 - No mode defined for component null
2023-05-22 22:54:41,152 [WARN] ModelIntegratedComponent:63 - No mode defined for component null
2023-05-22 22:54:41,152 [WARN] ModelIntegratedComponent:63 - No mode defined for component null
2023-05-22 22:54:41,152 [WARN] ModelIntegratedComponent:63 - No mode defined for component null
2023-05-22 22:54:41,152 [WARN] ModelIntegratedComponent:63 - No mode defined for component null
2023-05-22 22:54:41,152 [WARN] ModelIntegratedComponent:63 - No mode defined for component null
2023-05-22 22:54:41,152 [WARN] ModelIntegratedComponent:63 - No mode defined for component null
2023-05-22 22:54:41,152 [WARN] ModelIntegratedComponent:63 - No mode defined for component null
2023-05-22 22:54:41,152 [WARN] ModelIntegratedComponent:63 - No mode defined for component null
2023-05-22 22:54:41,152 [WARN] ModelIntegratedComponent:63 - No mode defined for component null
2023-05-22 22:54:41,152 [WARN] ModelIntegratedComponent:63 - No mode defined for component null
2023-05-22 22:54:41,152 [WARN] ModelIntegratedComponent:63 - No mode defined for component null
2023-05-22 22:54:41,152 [WARN] ModelIntegratedComponent:63 - No mode defined for component null
2023-05-22 22:54:41,152 [WARN] ModelIntegratedComponent:63 - No mode defined for component null
2023-05-22 22:54:41,152 [WARN] ModelIntegratedComponent:63 - No mode defined for component null
2023-05-22 22:54:41,205 [INFO] ThirdPartyModel:298 - Start build external matchings
2023-05-22 22:54:41,488 [INFO] ThirdPartyModel:316 - End build external matchings
2023-05-22 22:54:41,507 [INFO] ImportTextPane:194 - (OptionalMessage_ERROR) IP (RCC) : Invalid parameter (FamilyName)
2023-05-22 22:54:41,508 [INFO] ImportTextPane:194 - (OptionalMessage_ERROR) IP (RCC) : Invalid parameter (TIM2Freq_Value)
2023-05-22 22:54:41,730 [INFO] UtilMem:75 - End LoadConfig() Used Memory: 717432416 Bytes (878706688)
2023-05-22 22:54:41,793 [WARN] ThirdParty:833 - waiting for thirdparty lock release [change project]
2023-05-22 22:54:41,795 [INFO] ThirdParty:835 - entering critical section [change project]
2023-05-22 22:54:41,795 [INFO] ThirdParty:1030 - CMSIS Pack Vendor :STMicroelectronics X-CUBE-ISPU 1.1.0
2023-05-22 22:54:41,795 [INFO] ThirdParty:1030 - CMSIS Pack Vendor :RoweBots I-CUBE-UNISONRTOS 5.5.0-4
2023-05-22 22:54:41,795 [INFO] ThirdParty:1030 - CMSIS Pack Vendor :STMicroelectronics X-CUBE-GNSS1 6.0.0
2023-05-22 22:54:41,796 [INFO] ThirdParty:1030 - CMSIS Pack Vendor :STMicroelectronics USB_HOST 2.0.0
2023-05-22 22:54:41,796 [INFO] ThirdParty:1030 - CMSIS Pack Vendor :STMicroelectronics X-CUBE-AZRTOS-F4 1.1.0
2023-05-22 22:54:41,796 [INFO] ThirdParty:1030 - CMSIS Pack Vendor :STMicroelectronics LIBJPEG 8.0.0
2023-05-22 22:54:41,796 [INFO] ThirdParty:1030 - CMSIS Pack Vendor :STMicroelectronics X-CUBE-SMBUS 2.1.0
2023-05-22 22:54:41,796 [INFO] ThirdParty:1030 - CMSIS Pack Vendor :STMicroelectronics USB_DEVICE 3.0.0
2023-05-22 22:54:41,796 [INFO] ThirdParty:1030 - CMSIS Pack Vendor :STMicroelectronics X-CUBE-AI 8.0.0
2023-05-22 22:54:41,796 [INFO] ThirdParty:1030 - CMSIS Pack Vendor :STMicroelectronics X-CUBE-FREERTOS 1.0.0
2023-05-22 22:54:41,796 [INFO] ThirdParty:1030 - CMSIS Pack Vendor :STMicroelectronics X-CUBE-FREERTOS 1.0.1
2023-05-22 22:54:41,796 [INFO] ThirdParty:1030 - CMSIS Pack Vendor :STMicroelectronics X-CUBE-TOUCHGFX 4.21.1
2023-05-22 22:54:41,796 [INFO] ThirdParty:1030 - CMSIS Pack Vendor :STMicroelectronics X-CUBE-TOUCHGFX 4.21.3
2023-05-22 22:54:41,796 [INFO] ThirdParty:1030 - CMSIS Pack Vendor :STMicroelectronics X-CUBE-AZRTOS-F7 1.1.0
2023-05-22 22:54:41,796 [INFO] ThirdParty:1030 - CMSIS Pack Vendor :STMicroelectronics X-CUBE-TOUCHGFX 4.21.4
2023-05-22 22:54:41,796 [INFO] ThirdParty:1030 - CMSIS Pack Vendor :STMicroelectronics USB_DEVICE 2.0.0
2023-05-22 22:54:41,796 [INFO] ThirdParty:1030 - CMSIS Pack Vendor :STMicroelectronics X-CUBE-MEMS1 9.6.0
2023-05-22 22:54:41,796 [INFO] ThirdParty:1030 - CMSIS Pack Vendor :STMicroelectronics FP-SNS-MOTENV1 4.3.0
2023-05-22 22:54:41,796 [INFO] ThirdParty:1030 - CMSIS Pack Vendor :STMicroelectronics FP-SNS-FLIGHT1 5.0.0
2023-05-22 22:54:41,796 [INFO] ThirdParty:1030 - CMSIS Pack Vendor :STMicroelectronics X-CUBE-ALGOBUILD 1.3.0
2023-05-22 22:54:41,796 [INFO] ThirdParty:1030 - CMSIS Pack Vendor :STMicroelectronics X-CUBE-BLE1 6.2.4
2023-05-22 22:54:41,796 [INFO] ThirdParty:1030 - CMSIS Pack Vendor :STMicroelectronics X-CUBE-AZRTOS-L5 1.1.0
2023-05-22 22:54:41,796 [INFO] ThirdParty:1030 - CMSIS Pack Vendor :STMicroelectronics FreeRTOS 0.0.1
2023-05-22 22:54:41,796 [INFO] ThirdParty:1030 - CMSIS Pack Vendor :emotas I-CUBE-CANOPEN 1.1.3
2023-05-22 22:54:41,796 [INFO] ThirdParty:1030 - CMSIS Pack Vendor :STMicroelectronics X-CUBE-AZRTOS-G0 1.1.0
2023-05-22 22:54:41,796 [INFO] ThirdParty:1030 - CMSIS Pack Vendor :STMicroelectronics X-CUBE-BLEMGR 2.0.0
2023-05-22 22:54:41,796 [INFO] ThirdParty:1030 - CMSIS Pack Vendor :STMicroelectronics X-CUBE-AI 8.0.1
2023-05-22 22:54:41,796 [INFO] ThirdParty:1030 - CMSIS Pack Vendor :STMicroelectronics X-CUBE-SUBG2 5.0.0
2023-05-22 22:54:41,796 [INFO] ThirdParty:1030 - CMSIS Pack Vendor :STMicroelectronics X-CUBE-NFC4 3.0.0
2023-05-22 22:54:41,796 [INFO] ThirdParty:1030 - CMSIS Pack Vendor :STMicroelectronics STM32_WPAN 1.0.0
2023-05-22 22:54:41,796 [INFO] ThirdParty:1030 - CMSIS Pack Vendor :STMicroelectronics lwIP 2.0.3
2023-05-22 22:54:41,796 [INFO] ThirdParty:1030 - CMSIS Pack Vendor :STMicroelectronics USB_HOST 1.0.0
2023-05-22 22:54:41,796 [INFO] ThirdParty:1030 - CMSIS Pack Vendor :STMicroelectronics X-CUBE-AZRTOS-G4 2.0.0
2023-05-22 22:54:41,796 [INFO] ThirdParty:1030 - CMSIS Pack Vendor :STMicroelectronics PDM2PCM 3.1.0
2023-05-22 22:54:41,796 [INFO] ThirdParty:1030 - CMSIS Pack Vendor :STMicroelectronics X-CUBE-AZRTOS-H7 3.1.0
2023-05-22 22:54:41,796 [INFO] ThirdParty:1030 - CMSIS Pack Vendor :STMicroelectronics X-CUBE-TOF1 3.3.0
2023-05-22 22:54:41,796 [INFO] ThirdParty:1030 - CMSIS Pack Vendor :STMicroelectronics FP-ATR-ASTRA1 1.1.1
2023-05-22 22:54:41,796 [INFO] ThirdParty:1030 - CMSIS Pack Vendor :STMicroelectronics PDM2PCM 3.3.0
2023-05-22 22:54:41,796 [INFO] ThirdParty:1030 - CMSIS Pack Vendor :STMicroelectronics X-CUBE-DISPLAY 3.0.0
2023-05-22 22:54:41,796 [INFO] ThirdParty:1030 - CMSIS Pack Vendor :STMicroelectronics X-CUBE-AZRTOS-G4 1.0.0
2023-05-22 22:54:41,796 [INFO] ThirdParty:1030 - CMSIS Pack Vendor :STMicroelectronics FP-ATR-SIGFOX1 3.2.0
2023-05-22 22:54:41,796 [INFO] ThirdParty:1030 - CMSIS Pack Vendor :wolfSSL I-CUBE-wolfSSL 5.5.4
2023-05-22 22:54:41,796 [INFO] ThirdParty:1030 - CMSIS Pack Vendor :STMicroelectronics X-CUBE-AZRTOS-L4 1.0.0
2023-05-22 22:54:41,796 [INFO] ThirdParty:1030 - CMSIS Pack Vendor :STMicroelectronics HAL Drivers 0.0.0
2023-05-22 22:54:41,796 [INFO] ThirdParty:1030 - CMSIS Pack Vendor :STMicroelectronics MBEDTLS 2.16.2
2023-05-22 22:54:41,796 [INFO] ThirdParty:1030 - CMSIS Pack Vendor :STMicroelectronics MBEDTLS 2.14.1
2023-05-22 22:54:41,796 [INFO] ThirdParty:1030 - CMSIS Pack Vendor :STMicroelectronics X-CUBE-NFC7 1.0.0
2023-05-22 22:54:41,796 [INFO] ThirdParty:1030 - CMSIS Pack Vendor :STMicroelectronics X-CUBE-AZRTOS-WL 1.0.0
2023-05-22 22:54:41,796 [INFO] ThirdParty:1030 - CMSIS Pack Vendor :STMicroelectronics X-CUBE-EEPRMA1 4.1.0
2023-05-22 22:54:41,796 [INFO] ThirdParty:1030 - CMSIS Pack Vendor :portGmbH I-Cube-SoM-uGOAL 1.1.0
2023-05-22 22:54:41,796 [INFO] ThirdParty:1030 - CMSIS Pack Vendor :STMicroelectronics X-CUBE-ALS 1.0.1
2023-05-22 22:54:41,796 [INFO] ThirdParty:1030 - CMSIS Pack Vendor :STMicroelectronics X-CUBE-MEMS1 9.5.0
2023-05-22 22:54:41,796 [INFO] ThirdParty:1030 - CMSIS Pack Vendor :STMicroelectronics ThreadX 1.0.0
2023-05-22 22:54:41,796 [INFO] ThirdParty:1030 - CMSIS Pack Vendor :STMicroelectronics X-CUBE-AZRTOS-WB 1.1.0
2023-05-22 22:54:41,796 [INFO] ThirdParty:1030 - CMSIS Pack Vendor :SEGGER I-CUBE-embOS 1.3.1
2023-05-22 22:54:41,796 [INFO] ThirdParty:1030 - CMSIS Pack Vendor :STMicroelectronics USB_DEVICE 1.0.0
2023-05-22 22:54:41,796 [INFO] ThirdParty:1030 - CMSIS Pack Vendor :STMicroelectronics ThreadX 0.0.2
2023-05-22 22:54:41,796 [INFO] ThirdParty:1030 - CMSIS Pack Vendor :WES I-CUBE-Cesium 1.3.0
2023-05-22 22:54:41,796 [INFO] ThirdParty:1030 - CMSIS Pack Vendor :STMicroelectronics FP-ATR-ASTRA1 2.0.0
2023-05-22 22:54:41,796 [INFO] ThirdParty:1030 - CMSIS Pack Vendor :STMicroelectronics lwIP 2.1.2
2023-05-22 22:54:41,796 [INFO] ThirdParty:1030 - CMSIS Pack Vendor :STMicroelectronics X-CUBE-SFXS2LP1 4.0.0
2023-05-22 22:54:41,796 [INFO] ThirdParty:1030 - CMSIS Pack Vendor :STMicroelectronics X-CUBE-BLE2 3.3.0
2023-05-22 22:54:41,796 [INFO] ThirdParty:1030 - CMSIS Pack Vendor :STMicroelectronics X-CUBE-TOF1 3.2.0
2023-05-22 22:54:41,796 [INFO] ThirdParty:1030 - CMSIS Pack Vendor :STMicroelectronics PDM2PCM 3.2.0
2023-05-22 22:54:41,796 [INFO] ThirdParty:1030 - CMSIS Pack Vendor :STMicroelectronics X-CUBE-AZRTOS-H7 3.0.0
2023-05-22 22:54:41,797 [INFO] ThirdParty:841 - exiting critical section [change project]
2023-05-22 22:54:42,128 [INFO] PinOutPanel:1499 - setPackage(No Configuration,No Configuration)
2023-05-22 22:54:42,131 [INFO] PinOutPanel:1499 - setPackage(STM32F303VCTx,LQFP100)
2023-05-22 22:54:42,550 [INFO] UtilMem:75 - Before build in PCC Used Memory: 685153056 Bytes (878706688)
2023-05-22 22:54:42,799 [INFO] UtilMem:75 - After build in PCC Used Memory: 730241824 Bytes (878706688)
2023-05-22 22:54:42,834 [INFO] IPUIPlugin:80 - create IPUIPlugin
2023-05-22 22:54:42,835 [INFO] IPUIPlugin:80 - create IPUIPlugin
2023-05-22 22:54:42,835 [INFO] IPUIPlugin:80 - create IPUIPlugin
2023-05-22 22:54:42,835 [INFO] IPUIPlugin:80 - create IPUIPlugin
2023-05-22 22:54:42,835 [INFO] IPUIPlugin:80 - create IPUIPlugin
2023-05-22 22:54:42,835 [INFO] IPUIPlugin:80 - create IPUIPlugin
2023-05-22 22:54:42,835 [INFO] IPUIPlugin:80 - create IPUIPlugin
2023-05-22 22:54:42,836 [INFO] IPUIPlugin:80 - create IPUIPlugin
2023-05-22 22:54:42,836 [INFO] IPUIPlugin:80 - create IPUIPlugin
2023-05-22 22:54:42,836 [INFO] IPUIPlugin:80 - create IPUIPlugin
2023-05-22 22:54:42,836 [INFO] IPUIPlugin:80 - create IPUIPlugin
2023-05-22 22:54:42,836 [INFO] IPUIPlugin:80 - create IPUIPlugin
2023-05-22 22:54:42,836 [INFO] IPUIPlugin:80 - create IPUIPlugin
2023-05-22 22:54:42,836 [INFO] IPUIPlugin:80 - create IPUIPlugin
2023-05-22 22:54:42,836 [INFO] IPUIPlugin:80 - create IPUIPlugin
2023-05-22 22:54:42,836 [INFO] IPUIPlugin:80 - create IPUIPlugin
2023-05-22 22:54:42,836 [INFO] IPUIPlugin:80 - create IPUIPlugin
2023-05-22 22:54:42,836 [INFO] IPUIPlugin:80 - create IPUIPlugin
2023-05-22 22:54:42,837 [INFO] IPUIPlugin:80 - create IPUIPlugin
2023-05-22 22:54:42,837 [INFO] IPUIPlugin:80 - create IPUIPlugin
2023-05-22 22:54:42,837 [INFO] IPUIPlugin:80 - create IPUIPlugin
2023-05-22 22:54:42,837 [INFO] IPUIPlugin:80 - create IPUIPlugin
2023-05-22 22:54:42,837 [INFO] IPUIPlugin:80 - create IPUIPlugin
2023-05-22 22:54:42,837 [INFO] IPUIPlugin:80 - create IPUIPlugin
2023-05-22 22:54:42,837 [INFO] IPUIPlugin:80 - create IPUIPlugin
2023-05-22 22:54:42,837 [INFO] IPUIPlugin:80 - create IPUIPlugin
2023-05-22 22:54:42,837 [INFO] IPUIPlugin:80 - create IPUIPlugin
2023-05-22 22:54:42,838 [INFO] IPUIPlugin:80 - create IPUIPlugin
2023-05-22 22:54:42,838 [INFO] IPUIPlugin:80 - create IPUIPlugin
2023-05-22 22:54:42,838 [INFO] IPUIPlugin:80 - create IPUIPlugin
2023-05-22 22:54:42,838 [INFO] IPUIPlugin:80 - create IPUIPlugin
2023-05-22 22:54:42,839 [INFO] IPUIPlugin:80 - create IPUIPlugin
2023-05-22 22:54:42,840 [INFO] IPUIPlugin:80 - create IPUIPlugin
2023-05-22 22:54:42,840 [INFO] IPUIPlugin:80 - create IPUIPlugin
2023-05-22 22:54:42,840 [INFO] IPUIPlugin:80 - create IPUIPlugin
2023-05-22 22:54:42,840 [INFO] IPUIPlugin:80 - create IPUIPlugin
2023-05-22 22:54:42,840 [INFO] IPUIPlugin:80 - create IPUIPlugin
2023-05-22 22:54:42,840 [INFO] IPUIPlugin:80 - create IPUIPlugin
2023-05-22 22:54:42,840 [INFO] IPUIPlugin:80 - create IPUIPlugin
2023-05-22 22:54:42,840 [INFO] IPUIPlugin:80 - create IPUIPlugin
2023-05-22 22:54:42,840 [INFO] IPUIPlugin:80 - create IPUIPlugin
2023-05-22 22:54:42,840 [INFO] IPUIPlugin:80 - create IPUIPlugin
2023-05-22 22:54:42,840 [INFO] IPUIPlugin:80 - create IPUIPlugin
2023-05-22 22:54:42,841 [INFO] IPUIPlugin:80 - create IPUIPlugin
2023-05-22 22:54:42,841 [INFO] IPUIPlugin:80 - create IPUIPlugin
2023-05-22 22:54:42,841 [INFO] IPUIPlugin:80 - create IPUIPlugin
2023-05-22 22:54:42,841 [INFO] IPUIPlugin:80 - create IPUIPlugin
2023-05-22 22:54:42,841 [INFO] IPUIPlugin:80 - create IPUIPlugin
2023-05-22 22:54:42,841 [INFO] IPUIPlugin:80 - create IPUIPlugin
2023-05-22 22:54:42,841 [INFO] IPUIPlugin:80 - create IPUIPlugin
2023-05-22 22:54:42,841 [INFO] IPUIPlugin:80 - create IPUIPlugin
2023-05-22 22:54:42,841 [INFO] IPUIPlugin:80 - create IPUIPlugin
2023-05-22 22:54:42,841 [INFO] IPUIPlugin:80 - create IPUIPlugin
2023-05-22 22:54:42,842 [INFO] IPUIPlugin:80 - create IPUIPlugin
2023-05-22 22:54:42,842 [INFO] IPUIPlugin:80 - create IPUIPlugin
2023-05-22 22:54:42,944 [INFO] CADModel:165 - CPN selected for project levelSTM32F303VCT6
2023-05-22 22:54:42,944 [INFO] CADModel:114 - Register for checkConnection events
2023-05-22 22:54:42,988 [INFO] OpenFileManager:328 - Restore cursor
2023-05-22 22:54:43,225 [WARN] IP:2113 - lpm_enable not found: check if there is a RefParameter without a condition.
2023-05-22 22:54:43,226 [WARN] IP:2113 - lpm_enable not found: check if there is a RefParameter without a condition.
2023-05-22 23:09:18,992 [INFO] Mcu:1596 - InternalPropertyChange: try BijectiveRequest:Output Compare CH1
2023-05-22 23:14:26,753 [INFO] UtilMem:75 - End SaveConfig() Used Memory: 742712592 Bytes (878706688)
2023-05-22 23:14:29,683 [INFO] UtilMem:75 - End SaveConfig() Used Memory: 572870512 Bytes (878706688)
2023-05-22 23:14:32,702 [INFO] UtilMem:75 - End SaveConfig() Used Memory: 672037344 Bytes (878706688)
2023-05-22 23:14:32,987 [INFO] BlockDiagram:2759 - set Specific Code input for plugin: SPI
2023-05-22 23:14:32,987 [INFO] BlockDiagram:2759 - set Specific Code input for plugin: TIM1_8F3
2023-05-22 23:14:32,987 [INFO] BlockDiagram:2759 - set Specific Code input for plugin: TIM1_8F3
2023-05-22 23:14:32,987 [INFO] BlockDiagram:2759 - set Specific Code input for plugin: TIM1_8F3
2023-05-22 23:14:32,987 [INFO] BlockDiagram:2759 - set Specific Code input for plugin: SYS
2023-05-22 23:14:32,987 [INFO] BlockDiagram:2759 - set Specific Code input for plugin: RCC
2023-05-22 23:14:32,987 [INFO] BlockDiagram:2759 - set Specific Code input for plugin: I2C
2023-05-22 23:14:32,987 [INFO] BlockDiagram:2759 - set Specific Code input for plugin: NVIC
2023-05-22 23:14:32,987 [INFO] BlockDiagram:2759 - set Specific Code input for plugin: USB
2023-05-22 23:14:32,987 [INFO] BlockDiagram:2759 - set Specific Code input for plugin: TIM1_8F3
2023-05-22 23:14:32,987 [INFO] BlockDiagram:2759 - set Specific Code input for plugin: GPIO
2023-05-22 23:14:32,988 [INFO] CodeGenerator:793 - code generatio: config db path: /Users/neelbagayatkar/.stm32cubemx/databases/DB.6.0.60/db/
2023-05-22 23:14:33,151 [WARN] IP:2113 - lpm_enable not found: check if there is a RefParameter without a condition.
2023-05-22 23:14:33,305 [INFO] CodeEngine:255 - oldGeneratedFile, /Users/neelbagayatkar/Documents/MTRX2700_Backup/LiDar_Lock/MXTmpFiles/license.tmp_save
2023-05-22 23:14:33,439 [INFO] CodeEngine:279 - Generated code: /Users/neelbagayatkar/Documents/MTRX2700_Backup/LiDar_Lock/MXTmpFiles/license.tmp
2023-05-22 23:14:33,697 [INFO] CodeEngine:255 - oldGeneratedFile, /Users/neelbagayatkar/Documents/MTRX2700_Backup/LiDar_Lock/MXTmpFiles/gpio.tmp_save
2023-05-22 23:14:33,824 [INFO] CodeEngine:279 - Generated code: /Users/neelbagayatkar/Documents/MTRX2700_Backup/LiDar_Lock/MXTmpFiles/gpio.tmp
2023-05-22 23:14:34,587 [INFO] CodeEngine:255 - oldGeneratedFile, /Users/neelbagayatkar/Documents/MTRX2700_Backup/LiDar_Lock/Core/Src/stm32f3xx_it.c_save
2023-05-22 23:14:34,779 [INFO] CodeEngine:279 - Generated code: /Users/neelbagayatkar/Documents/MTRX2700_Backup/LiDar_Lock/Core/Src/stm32f3xx_it.c
2023-05-22 23:14:34,780 [INFO] CodeEngine:255 - oldGeneratedFile, /Users/neelbagayatkar/Documents/MTRX2700_Backup/LiDar_Lock/Core/Inc/stm32f3xx_it.h_save
2023-05-22 23:14:34,834 [INFO] CodeEngine:279 - Generated code: /Users/neelbagayatkar/Documents/MTRX2700_Backup/LiDar_Lock/Core/Inc/stm32f3xx_it.h
2023-05-22 23:14:34,838 [INFO] CodeEngine:255 - oldGeneratedFile, /Users/neelbagayatkar/Documents/MTRX2700_Backup/LiDar_Lock/Core/Src/stm32f3xx_hal_msp.c_save
2023-05-22 23:14:34,977 [INFO] CodeEngine:279 - Generated code: /Users/neelbagayatkar/Documents/MTRX2700_Backup/LiDar_Lock/Core/Src/stm32f3xx_hal_msp.c
2023-05-22 23:14:34,979 [INFO] CodeEngine:255 - oldGeneratedFile, /Users/neelbagayatkar/Documents/MTRX2700_Backup/LiDar_Lock/MXTmpFiles/system.tmp_save
2023-05-22 23:14:35,046 [INFO] CodeEngine:279 - Generated code: /Users/neelbagayatkar/Documents/MTRX2700_Backup/LiDar_Lock/MXTmpFiles/system.tmp
2023-05-22 23:14:35,049 [INFO] CodeEngine:311 - oldGeneratedFile, /Users/neelbagayatkar/Documents/MTRX2700_Backup/LiDar_Lock/Core/Inc/stm32f3xx_hal_conf.h_save
2023-05-22 23:14:35,121 [INFO] CodeEngine:335 - Generated code: /Users/neelbagayatkar/Documents/MTRX2700_Backup/LiDar_Lock/Core/Inc/stm32f3xx_hal_conf.h
2023-05-22 23:14:35,149 [WARN] IPConfigManager:3431 - IP not found : TIM
2023-05-22 23:14:35,149 [WARN] CodeGenerator:3754 - IP not found : null
2023-05-22 23:14:35,151 [INFO] CodeEngine:255 - oldGeneratedFile, /Users/neelbagayatkar/Documents/MTRX2700_Backup/LiDar_Lock/Core/Inc/main.h_save
2023-05-22 23:14:35,217 [INFO] CodeEngine:279 - Generated code: /Users/neelbagayatkar/Documents/MTRX2700_Backup/LiDar_Lock/Core/Inc/main.h
2023-05-22 23:14:35,220 [INFO] CodeEngine:255 - oldGeneratedFile, /Users/neelbagayatkar/Documents/MTRX2700_Backup/LiDar_Lock/Core/Src/main.c_save
2023-05-22 23:14:35,342 [INFO] CodeEngine:279 - Generated code: /Users/neelbagayatkar/Documents/MTRX2700_Backup/LiDar_Lock/Core/Src/main.c
2023-05-22 23:14:35,860 [INFO] ProjectBuilder:2996 - Time for Copy HAL[1] : 70mS.
2023-05-22 23:14:35,867 [INFO] ProjectBuilder:4304 - Project Generator version: 3.19.2
2023-05-22 23:14:36,182 [INFO] ConfigFileManager:1483 - The Die is : DIE422
2023-05-22 23:14:36,190 [INFO] ApiDbMcu:507 - Load IP Config File for FATFS
2023-05-22 23:14:36,194 [INFO] ApiDbMcu:507 - Load IP Config File for FREERTOS
2023-05-22 23:14:36,210 [INFO] ApiDbMcu:507 - Load IP Config File for TOUCHSENSING
2023-05-22 23:14:36,222 [INFO] ApiDbMcu:507 - Load IP Config File for USB_DEVICE
2023-05-22 23:14:38,363 [INFO] ProjectBuilder:4505 - Time for Generating toolchain IDE Files: 2493mS.
2023-05-22 23:14:38,369 [INFO] ProjectBuilder:2867 - Time for Copy CMSIS : 2mS.
2023-05-22 23:14:38,375 [INFO] ProjectBuilder:2867 - Time for Copy CMSIS : 3mS.
2023-05-22 23:26:42,269 [INFO] MainUpdater:2854 - connection check result : 10
2023-05-22 23:26:42,272 [INFO] MainUpdater:2854 - connection check result : 10
2023-05-22 23:26:42,975 [INFO] I2cTimingTraitement:330 - 0x2000090E
2023-05-22 23:26:42,980 [INFO] MicroXplorer:468 - Change Database Path : 
2023-05-22 23:26:42,981 [INFO] MicroXplorer:498 - Change Database Version : DB.6.0.80
2023-05-22 23:26:43,046 [WARN] ThirdParty:871 - waiting for thirdparty lock release [close project]
2023-05-22 23:26:43,046 [INFO] ThirdParty:873 - entering critical section [close project]
2023-05-22 23:26:43,046 [INFO] ThirdParty:883 - exiting critical section [close project]
2023-05-22 23:26:43,051 [INFO] PinOutPanel:1499 - setPackage(No Configuration,No Configuration)
2023-05-22 23:26:43,057 [INFO] UtilMem:75 - Begin LoadConfig() Used Memory: 675252384 Bytes (939524096)
2023-05-22 23:26:43,060 [INFO] MicroXplorer:468 - Change Database Path : /Users/neelbagayatkar/.stm32cubemx/databases/DB.6.0.60/db/
2023-05-22 23:26:43,060 [INFO] MicroXplorer:498 - Change Database Version : DB.6.0.60
2023-05-22 23:26:45,726 [INFO] OpenFileManager:308 - Change cursor
2023-05-22 23:26:45,770 [INFO] RulesReader:64 - Compatibility file has been processed (282 Rules)
2023-05-22 23:26:45,777 [INFO] Mcu:1937 - Initializing MCU STM32F303V(B-C)Tx STM32F303VCTx STM32F303VCT6
2023-05-22 23:26:47,097 [INFO] Context:659 - Trying to add GPIOservice into a context  which must be forbidden
2023-05-22 23:26:47,651 [INFO] RtosManager:555 - Registered RTOS mode: class=CMSIS, group=RTOS, mode=CMSIS_V1, owner=FREERTOS
2023-05-22 23:26:47,654 [INFO] RtosManager:555 - Registered RTOS mode: class=CMSIS, group=RTOS2, mode=CMSIS_V2, owner=FREERTOS
2023-05-22 23:26:47,654 [INFO] RtosManager:555 - Registered RTOS mode: class=RTOS, group=Core, mode=CMSIS_V1, owner=FREERTOS
2023-05-22 23:26:47,654 [INFO] RtosManager:555 - Registered RTOS mode: class=RTOS, group=Core, mode=CMSIS_V2, owner=FREERTOS
2023-05-22 23:26:47,654 [WARN] ModelIntegratedComponent:184 - Missing modes for component STMicroelectronics:FreeRTOS:0.0.1:STMicroelectronics:RTOS:FreeRTOS:Core:::10.2.0:
2023-05-22 23:26:47,664 [WARN] ModelIntegratedComponent:63 - No mode defined for component null
2023-05-22 23:26:47,665 [WARN] ModelIntegratedComponent:63 - No mode defined for component null
2023-05-22 23:26:47,665 [WARN] ModelIntegratedComponent:63 - No mode defined for component null
2023-05-22 23:26:47,665 [WARN] ModelIntegratedComponent:63 - No mode defined for component null
2023-05-22 23:26:47,665 [WARN] ModelIntegratedComponent:63 - No mode defined for component null
2023-05-22 23:26:47,665 [WARN] ModelIntegratedComponent:63 - No mode defined for component null
2023-05-22 23:26:47,665 [WARN] ModelIntegratedComponent:63 - No mode defined for component null
2023-05-22 23:26:47,665 [WARN] ModelIntegratedComponent:63 - No mode defined for component null
2023-05-22 23:26:47,665 [WARN] ModelIntegratedComponent:63 - No mode defined for component null
2023-05-22 23:26:47,665 [WARN] ModelIntegratedComponent:63 - No mode defined for component null
2023-05-22 23:26:47,665 [WARN] ModelIntegratedComponent:63 - No mode defined for component null
2023-05-22 23:26:47,665 [WARN] ModelIntegratedComponent:63 - No mode defined for component null
2023-05-22 23:26:47,665 [WARN] ModelIntegratedComponent:63 - No mode defined for component null
2023-05-22 23:26:47,665 [WARN] ModelIntegratedComponent:63 - No mode defined for component null
2023-05-22 23:26:47,665 [WARN] ModelIntegratedComponent:63 - No mode defined for component null
2023-05-22 23:26:47,665 [WARN] ModelIntegratedComponent:63 - No mode defined for component null
2023-05-22 23:26:47,665 [WARN] ModelIntegratedComponent:63 - No mode defined for component null
2023-05-22 23:26:47,665 [WARN] ModelIntegratedComponent:63 - No mode defined for component null
2023-05-22 23:26:47,665 [WARN] ModelIntegratedComponent:63 - No mode defined for component null
2023-05-22 23:26:47,665 [WARN] ModelIntegratedComponent:63 - No mode defined for component null
2023-05-22 23:26:47,665 [WARN] ModelIntegratedComponent:63 - No mode defined for component null
2023-05-22 23:26:47,665 [WARN] ModelIntegratedComponent:63 - No mode defined for component null
2023-05-22 23:26:47,665 [WARN] ModelIntegratedComponent:63 - No mode defined for component null
2023-05-22 23:26:47,665 [WARN] ModelIntegratedComponent:63 - No mode defined for component null
2023-05-22 23:26:47,665 [WARN] ModelIntegratedComponent:63 - No mode defined for component null
2023-05-22 23:26:47,665 [WARN] ModelIntegratedComponent:63 - No mode defined for component null
2023-05-22 23:26:47,665 [WARN] ModelIntegratedComponent:63 - No mode defined for component null
2023-05-22 23:26:47,665 [WARN] ModelIntegratedComponent:63 - No mode defined for component null
2023-05-22 23:26:47,665 [WARN] ModelIntegratedComponent:63 - No mode defined for component null
2023-05-22 23:26:47,665 [WARN] ModelIntegratedComponent:63 - No mode defined for component null
2023-05-22 23:26:47,665 [WARN] ModelIntegratedComponent:63 - No mode defined for component null
2023-05-22 23:26:47,665 [WARN] ModelIntegratedComponent:63 - No mode defined for component null
2023-05-22 23:26:47,665 [WARN] ModelIntegratedComponent:63 - No mode defined for component null
2023-05-22 23:26:47,728 [INFO] ThirdPartyModel:298 - Start build external matchings
2023-05-22 23:26:48,006 [INFO] ThirdPartyModel:316 - End build external matchings
2023-05-22 23:26:48,022 [INFO] ImportTextPane:194 - (OptionalMessage_ERROR) IP (RCC) : Invalid parameter (FamilyName)
2023-05-22 23:26:48,022 [INFO] ImportTextPane:194 - (OptionalMessage_ERROR) IP (RCC) : Invalid parameter (TIM2Freq_Value)
2023-05-22 23:26:48,241 [INFO] UtilMem:75 - End LoadConfig() Used Memory: 609617080 Bytes (939524096)
2023-05-22 23:26:48,302 [WARN] ThirdParty:833 - waiting for thirdparty lock release [change project]
2023-05-22 23:26:48,304 [INFO] ThirdParty:835 - entering critical section [change project]
2023-05-22 23:26:48,304 [INFO] ThirdParty:1030 - CMSIS Pack Vendor :STMicroelectronics X-CUBE-ISPU 1.1.0
2023-05-22 23:26:48,304 [INFO] ThirdParty:1030 - CMSIS Pack Vendor :RoweBots I-CUBE-UNISONRTOS 5.5.0-4
2023-05-22 23:26:48,304 [INFO] ThirdParty:1030 - CMSIS Pack Vendor :STMicroelectronics X-CUBE-GNSS1 6.0.0
2023-05-22 23:26:48,304 [INFO] ThirdParty:1030 - CMSIS Pack Vendor :STMicroelectronics USB_HOST 2.0.0
2023-05-22 23:26:48,304 [INFO] ThirdParty:1030 - CMSIS Pack Vendor :STMicroelectronics X-CUBE-AZRTOS-F4 1.1.0
2023-05-22 23:26:48,304 [INFO] ThirdParty:1030 - CMSIS Pack Vendor :STMicroelectronics LIBJPEG 8.0.0
2023-05-22 23:26:48,304 [INFO] ThirdParty:1030 - CMSIS Pack Vendor :STMicroelectronics X-CUBE-SMBUS 2.1.0
2023-05-22 23:26:48,304 [INFO] ThirdParty:1030 - CMSIS Pack Vendor :STMicroelectronics USB_DEVICE 3.0.0
2023-05-22 23:26:48,304 [INFO] ThirdParty:1030 - CMSIS Pack Vendor :STMicroelectronics X-CUBE-AI 8.0.0
2023-05-22 23:26:48,304 [INFO] ThirdParty:1030 - CMSIS Pack Vendor :STMicroelectronics X-CUBE-FREERTOS 1.0.0
2023-05-22 23:26:48,304 [INFO] ThirdParty:1030 - CMSIS Pack Vendor :STMicroelectronics X-CUBE-FREERTOS 1.0.1
2023-05-22 23:26:48,304 [INFO] ThirdParty:1030 - CMSIS Pack Vendor :STMicroelectronics X-CUBE-TOUCHGFX 4.21.1
2023-05-22 23:26:48,304 [INFO] ThirdParty:1030 - CMSIS Pack Vendor :STMicroelectronics X-CUBE-TOUCHGFX 4.21.3
2023-05-22 23:26:48,304 [INFO] ThirdParty:1030 - CMSIS Pack Vendor :STMicroelectronics X-CUBE-AZRTOS-F7 1.1.0
2023-05-22 23:26:48,304 [INFO] ThirdParty:1030 - CMSIS Pack Vendor :STMicroelectronics X-CUBE-TOUCHGFX 4.21.4
2023-05-22 23:26:48,304 [INFO] ThirdParty:1030 - CMSIS Pack Vendor :STMicroelectronics USB_DEVICE 2.0.0
2023-05-22 23:26:48,304 [INFO] ThirdParty:1030 - CMSIS Pack Vendor :STMicroelectronics X-CUBE-MEMS1 9.6.0
2023-05-22 23:26:48,304 [INFO] ThirdParty:1030 - CMSIS Pack Vendor :STMicroelectronics FP-SNS-MOTENV1 4.3.0
2023-05-22 23:26:48,304 [INFO] ThirdParty:1030 - CMSIS Pack Vendor :STMicroelectronics FP-SNS-FLIGHT1 5.0.0
2023-05-22 23:26:48,304 [INFO] ThirdParty:1030 - CMSIS Pack Vendor :STMicroelectronics X-CUBE-ALGOBUILD 1.3.0
2023-05-22 23:26:48,304 [INFO] ThirdParty:1030 - CMSIS Pack Vendor :STMicroelectronics X-CUBE-BLE1 6.2.4
2023-05-22 23:26:48,304 [INFO] ThirdParty:1030 - CMSIS Pack Vendor :STMicroelectronics X-CUBE-AZRTOS-L5 1.1.0
2023-05-22 23:26:48,305 [INFO] ThirdParty:1030 - CMSIS Pack Vendor :STMicroelectronics FreeRTOS 0.0.1
2023-05-22 23:26:48,305 [INFO] ThirdParty:1030 - CMSIS Pack Vendor :emotas I-CUBE-CANOPEN 1.1.3
2023-05-22 23:26:48,305 [INFO] ThirdParty:1030 - CMSIS Pack Vendor :STMicroelectronics X-CUBE-AZRTOS-G0 1.1.0
2023-05-22 23:26:48,305 [INFO] ThirdParty:1030 - CMSIS Pack Vendor :STMicroelectronics X-CUBE-BLEMGR 2.0.0
2023-05-22 23:26:48,305 [INFO] ThirdParty:1030 - CMSIS Pack Vendor :STMicroelectronics X-CUBE-AI 8.0.1
2023-05-22 23:26:48,305 [INFO] ThirdParty:1030 - CMSIS Pack Vendor :STMicroelectronics X-CUBE-SUBG2 5.0.0
2023-05-22 23:26:48,305 [INFO] ThirdParty:1030 - CMSIS Pack Vendor :STMicroelectronics X-CUBE-NFC4 3.0.0
2023-05-22 23:26:48,305 [INFO] ThirdParty:1030 - CMSIS Pack Vendor :STMicroelectronics STM32_WPAN 1.0.0
2023-05-22 23:26:48,305 [INFO] ThirdParty:1030 - CMSIS Pack Vendor :STMicroelectronics lwIP 2.0.3
2023-05-22 23:26:48,305 [INFO] ThirdParty:1030 - CMSIS Pack Vendor :STMicroelectronics USB_HOST 1.0.0
2023-05-22 23:26:48,305 [INFO] ThirdParty:1030 - CMSIS Pack Vendor :STMicroelectronics X-CUBE-AZRTOS-G4 2.0.0
2023-05-22 23:26:48,305 [INFO] ThirdParty:1030 - CMSIS Pack Vendor :STMicroelectronics PDM2PCM 3.1.0
2023-05-22 23:26:48,305 [INFO] ThirdParty:1030 - CMSIS Pack Vendor :STMicroelectronics X-CUBE-AZRTOS-H7 3.1.0
2023-05-22 23:26:48,305 [INFO] ThirdParty:1030 - CMSIS Pack Vendor :STMicroelectronics X-CUBE-TOF1 3.3.0
2023-05-22 23:26:48,305 [INFO] ThirdParty:1030 - CMSIS Pack Vendor :STMicroelectronics FP-ATR-ASTRA1 1.1.1
2023-05-22 23:26:48,305 [INFO] ThirdParty:1030 - CMSIS Pack Vendor :STMicroelectronics PDM2PCM 3.3.0
2023-05-22 23:26:48,305 [INFO] ThirdParty:1030 - CMSIS Pack Vendor :STMicroelectronics X-CUBE-DISPLAY 3.0.0
2023-05-22 23:26:48,305 [INFO] ThirdParty:1030 - CMSIS Pack Vendor :STMicroelectronics X-CUBE-AZRTOS-G4 1.0.0
2023-05-22 23:26:48,305 [INFO] ThirdParty:1030 - CMSIS Pack Vendor :STMicroelectronics FP-ATR-SIGFOX1 3.2.0
2023-05-22 23:26:48,305 [INFO] ThirdParty:1030 - CMSIS Pack Vendor :wolfSSL I-CUBE-wolfSSL 5.5.4
2023-05-22 23:26:48,305 [INFO] ThirdParty:1030 - CMSIS Pack Vendor :STMicroelectronics X-CUBE-AZRTOS-L4 1.0.0
2023-05-22 23:26:48,305 [INFO] ThirdParty:1030 - CMSIS Pack Vendor :STMicroelectronics HAL Drivers 0.0.0
2023-05-22 23:26:48,305 [INFO] ThirdParty:1030 - CMSIS Pack Vendor :STMicroelectronics MBEDTLS 2.16.2
2023-05-22 23:26:48,305 [INFO] ThirdParty:1030 - CMSIS Pack Vendor :STMicroelectronics MBEDTLS 2.14.1
2023-05-22 23:26:48,305 [INFO] ThirdParty:1030 - CMSIS Pack Vendor :STMicroelectronics X-CUBE-NFC7 1.0.0
2023-05-22 23:26:48,305 [INFO] ThirdParty:1030 - CMSIS Pack Vendor :STMicroelectronics X-CUBE-AZRTOS-WL 1.0.0
2023-05-22 23:26:48,305 [INFO] ThirdParty:1030 - CMSIS Pack Vendor :STMicroelectronics X-CUBE-EEPRMA1 4.1.0
2023-05-22 23:26:48,305 [INFO] ThirdParty:1030 - CMSIS Pack Vendor :portGmbH I-Cube-SoM-uGOAL 1.1.0
2023-05-22 23:26:48,305 [INFO] ThirdParty:1030 - CMSIS Pack Vendor :STMicroelectronics X-CUBE-ALS 1.0.1
2023-05-22 23:26:48,305 [INFO] ThirdParty:1030 - CMSIS Pack Vendor :STMicroelectronics X-CUBE-MEMS1 9.5.0
2023-05-22 23:26:48,305 [INFO] ThirdParty:1030 - CMSIS Pack Vendor :STMicroelectronics ThreadX 1.0.0
2023-05-22 23:26:48,305 [INFO] ThirdParty:1030 - CMSIS Pack Vendor :STMicroelectronics X-CUBE-AZRTOS-WB 1.1.0
2023-05-22 23:26:48,305 [INFO] ThirdParty:1030 - CMSIS Pack Vendor :SEGGER I-CUBE-embOS 1.3.1
2023-05-22 23:26:48,305 [INFO] ThirdParty:1030 - CMSIS Pack Vendor :STMicroelectronics USB_DEVICE 1.0.0
2023-05-22 23:26:48,305 [INFO] ThirdParty:1030 - CMSIS Pack Vendor :STMicroelectronics ThreadX 0.0.2
2023-05-22 23:26:48,305 [INFO] ThirdParty:1030 - CMSIS Pack Vendor :WES I-CUBE-Cesium 1.3.0
2023-05-22 23:26:48,305 [INFO] ThirdParty:1030 - CMSIS Pack Vendor :STMicroelectronics FP-ATR-ASTRA1 2.0.0
2023-05-22 23:26:48,305 [INFO] ThirdParty:1030 - CMSIS Pack Vendor :STMicroelectronics lwIP 2.1.2
2023-05-22 23:26:48,305 [INFO] ThirdParty:1030 - CMSIS Pack Vendor :STMicroelectronics X-CUBE-SFXS2LP1 4.0.0
2023-05-22 23:26:48,305 [INFO] ThirdParty:1030 - CMSIS Pack Vendor :STMicroelectronics X-CUBE-BLE2 3.3.0
2023-05-22 23:26:48,305 [INFO] ThirdParty:1030 - CMSIS Pack Vendor :STMicroelectronics X-CUBE-TOF1 3.2.0
2023-05-22 23:26:48,305 [INFO] ThirdParty:1030 - CMSIS Pack Vendor :STMicroelectronics PDM2PCM 3.2.0
2023-05-22 23:26:48,305 [INFO] ThirdParty:1030 - CMSIS Pack Vendor :STMicroelectronics X-CUBE-AZRTOS-H7 3.0.0
2023-05-22 23:26:48,305 [INFO] ThirdParty:841 - exiting critical section [change project]
2023-05-22 23:26:48,574 [INFO] PinOutPanel:1499 - setPackage(No Configuration,No Configuration)
2023-05-22 23:26:48,579 [INFO] PinOutPanel:1499 - setPackage(STM32F303VCTx,LQFP100)
2023-05-22 23:26:48,818 [INFO] UtilMem:75 - Before build in PCC Used Memory: 590810240 Bytes (939524096)
2023-05-22 23:26:49,160 [INFO] UtilMem:75 - After build in PCC Used Memory: 630133888 Bytes (939524096)
2023-05-22 23:26:49,216 [INFO] IPUIPlugin:80 - create IPUIPlugin
2023-05-22 23:26:49,217 [INFO] IPUIPlugin:80 - create IPUIPlugin
2023-05-22 23:26:49,217 [INFO] IPUIPlugin:80 - create IPUIPlugin
2023-05-22 23:26:49,217 [INFO] IPUIPlugin:80 - create IPUIPlugin
2023-05-22 23:26:49,218 [INFO] IPUIPlugin:80 - create IPUIPlugin
2023-05-22 23:26:49,219 [INFO] IPUIPlugin:80 - create IPUIPlugin
2023-05-22 23:26:49,219 [INFO] IPUIPlugin:80 - create IPUIPlugin
2023-05-22 23:26:49,219 [INFO] IPUIPlugin:80 - create IPUIPlugin
2023-05-22 23:26:49,219 [INFO] IPUIPlugin:80 - create IPUIPlugin
2023-05-22 23:26:49,219 [INFO] IPUIPlugin:80 - create IPUIPlugin
2023-05-22 23:26:49,219 [INFO] IPUIPlugin:80 - create IPUIPlugin
2023-05-22 23:26:49,219 [INFO] IPUIPlugin:80 - create IPUIPlugin
2023-05-22 23:26:49,220 [INFO] IPUIPlugin:80 - create IPUIPlugin
2023-05-22 23:26:49,220 [INFO] IPUIPlugin:80 - create IPUIPlugin
2023-05-22 23:26:49,220 [INFO] IPUIPlugin:80 - create IPUIPlugin
2023-05-22 23:26:49,220 [INFO] IPUIPlugin:80 - create IPUIPlugin
2023-05-22 23:26:49,220 [INFO] IPUIPlugin:80 - create IPUIPlugin
2023-05-22 23:26:49,221 [INFO] IPUIPlugin:80 - create IPUIPlugin
2023-05-22 23:26:49,223 [INFO] IPUIPlugin:80 - create IPUIPlugin
2023-05-22 23:26:49,223 [INFO] IPUIPlugin:80 - create IPUIPlugin
2023-05-22 23:26:49,223 [INFO] IPUIPlugin:80 - create IPUIPlugin
2023-05-22 23:26:49,223 [INFO] IPUIPlugin:80 - create IPUIPlugin
2023-05-22 23:26:49,223 [INFO] IPUIPlugin:80 - create IPUIPlugin
2023-05-22 23:26:49,223 [INFO] IPUIPlugin:80 - create IPUIPlugin
2023-05-22 23:26:49,224 [INFO] IPUIPlugin:80 - create IPUIPlugin
2023-05-22 23:26:49,224 [INFO] IPUIPlugin:80 - create IPUIPlugin
2023-05-22 23:26:49,224 [INFO] IPUIPlugin:80 - create IPUIPlugin
2023-05-22 23:26:49,224 [INFO] IPUIPlugin:80 - create IPUIPlugin
2023-05-22 23:26:49,224 [INFO] IPUIPlugin:80 - create IPUIPlugin
2023-05-22 23:26:49,224 [INFO] IPUIPlugin:80 - create IPUIPlugin
2023-05-22 23:26:49,224 [INFO] IPUIPlugin:80 - create IPUIPlugin
2023-05-22 23:26:49,224 [INFO] IPUIPlugin:80 - create IPUIPlugin
2023-05-22 23:26:49,224 [INFO] IPUIPlugin:80 - create IPUIPlugin
2023-05-22 23:26:49,224 [INFO] IPUIPlugin:80 - create IPUIPlugin
2023-05-22 23:26:49,225 [INFO] IPUIPlugin:80 - create IPUIPlugin
2023-05-22 23:26:49,225 [INFO] IPUIPlugin:80 - create IPUIPlugin
2023-05-22 23:26:49,225 [INFO] IPUIPlugin:80 - create IPUIPlugin
2023-05-22 23:26:49,225 [INFO] IPUIPlugin:80 - create IPUIPlugin
2023-05-22 23:26:49,225 [INFO] IPUIPlugin:80 - create IPUIPlugin
2023-05-22 23:26:49,225 [INFO] IPUIPlugin:80 - create IPUIPlugin
2023-05-22 23:26:49,225 [INFO] IPUIPlugin:80 - create IPUIPlugin
2023-05-22 23:26:49,225 [INFO] IPUIPlugin:80 - create IPUIPlugin
2023-05-22 23:26:49,225 [INFO] IPUIPlugin:80 - create IPUIPlugin
2023-05-22 23:26:49,225 [INFO] IPUIPlugin:80 - create IPUIPlugin
2023-05-22 23:26:49,225 [INFO] IPUIPlugin:80 - create IPUIPlugin
2023-05-22 23:26:49,225 [INFO] IPUIPlugin:80 - create IPUIPlugin
2023-05-22 23:26:49,225 [INFO] IPUIPlugin:80 - create IPUIPlugin
2023-05-22 23:26:49,225 [INFO] IPUIPlugin:80 - create IPUIPlugin
2023-05-22 23:26:49,226 [INFO] IPUIPlugin:80 - create IPUIPlugin
2023-05-22 23:26:49,226 [INFO] IPUIPlugin:80 - create IPUIPlugin
2023-05-22 23:26:49,226 [INFO] IPUIPlugin:80 - create IPUIPlugin
2023-05-22 23:26:49,226 [INFO] IPUIPlugin:80 - create IPUIPlugin
2023-05-22 23:26:49,227 [INFO] IPUIPlugin:80 - create IPUIPlugin
2023-05-22 23:26:49,227 [INFO] IPUIPlugin:80 - create IPUIPlugin
2023-05-22 23:26:49,228 [INFO] IPUIPlugin:80 - create IPUIPlugin
2023-05-22 23:26:49,313 [INFO] CADModel:165 - CPN selected for project levelSTM32F303VCT6
2023-05-22 23:26:49,313 [INFO] CADModel:114 - Register for checkConnection events
2023-05-22 23:26:49,358 [INFO] OpenFileManager:328 - Restore cursor
2023-05-22 23:26:49,579 [WARN] IP:2113 - lpm_enable not found: check if there is a RefParameter without a condition.
2023-05-22 23:26:49,579 [WARN] IP:2113 - lpm_enable not found: check if there is a RefParameter without a condition.
2023-05-22 23:27:19,164 [INFO] NvicIntPanel:101 - NVIC parent = com.st.microxplorer.plugins.ip.nvic.MultiNvicIntPanel[,0,0,0x0,invalid,layout=javax.swing.BoxLayout,alignmentX=0.0,alignmentY=0.0,border=,flags=9,maximumSize=,minimumSize=,preferredSize=]
2023-05-22 23:27:25,186 [INFO] UtilMem:75 - End SaveConfig() Used Memory: 614201640 Bytes (939524096)
2023-05-22 23:27:26,744 [INFO] UtilMem:75 - End SaveConfig() Used Memory: 809021168 Bytes (939524096)
2023-05-22 23:27:28,595 [INFO] UtilMem:75 - End SaveConfig() Used Memory: 627436840 Bytes (939524096)
2023-05-22 23:27:28,925 [INFO] BlockDiagram:2759 - set Specific Code input for plugin: SPI
2023-05-22 23:27:28,925 [INFO] BlockDiagram:2759 - set Specific Code input for plugin: TIM1_8F3
2023-05-22 23:27:28,925 [INFO] BlockDiagram:2759 - set Specific Code input for plugin: TIM1_8F3
2023-05-22 23:27:28,925 [INFO] BlockDiagram:2759 - set Specific Code input for plugin: TIM1_8F3
2023-05-22 23:27:28,925 [INFO] BlockDiagram:2759 - set Specific Code input for plugin: SYS
2023-05-22 23:27:28,925 [INFO] BlockDiagram:2759 - set Specific Code input for plugin: RCC
2023-05-22 23:27:28,925 [INFO] BlockDiagram:2759 - set Specific Code input for plugin: I2C
2023-05-22 23:27:28,925 [INFO] BlockDiagram:2759 - set Specific Code input for plugin: NVIC
2023-05-22 23:27:28,925 [INFO] BlockDiagram:2759 - set Specific Code input for plugin: TIM1_8F3
2023-05-22 23:27:28,925 [INFO] BlockDiagram:2759 - set Specific Code input for plugin: USB
2023-05-22 23:27:28,925 [INFO] BlockDiagram:2759 - set Specific Code input for plugin: GPIO
2023-05-22 23:27:28,926 [INFO] CodeGenerator:793 - code generatio: config db path: /Users/neelbagayatkar/.stm32cubemx/databases/DB.6.0.60/db/
2023-05-22 23:27:28,966 [WARN] IP:2113 - lpm_enable not found: check if there is a RefParameter without a condition.
2023-05-22 23:27:29,239 [INFO] CodeEngine:255 - oldGeneratedFile, /Users/neelbagayatkar/Documents/MTRX2700_Backup/LiDar_Lock copy/MXTmpFiles/license.tmp_save
2023-05-22 23:27:29,354 [INFO] CodeEngine:279 - Generated code: /Users/neelbagayatkar/Documents/MTRX2700_Backup/LiDar_Lock copy/MXTmpFiles/license.tmp
2023-05-22 23:27:29,477 [INFO] CodeEngine:255 - oldGeneratedFile, /Users/neelbagayatkar/Documents/MTRX2700_Backup/LiDar_Lock copy/MXTmpFiles/gpio.tmp_save
2023-05-22 23:27:29,588 [INFO] CodeEngine:279 - Generated code: /Users/neelbagayatkar/Documents/MTRX2700_Backup/LiDar_Lock copy/MXTmpFiles/gpio.tmp
2023-05-22 23:27:30,229 [INFO] CodeEngine:255 - oldGeneratedFile, /Users/neelbagayatkar/Documents/MTRX2700_Backup/LiDar_Lock copy/Core/Src/stm32f3xx_it.c_save
2023-05-22 23:27:30,376 [INFO] CodeEngine:279 - Generated code: /Users/neelbagayatkar/Documents/MTRX2700_Backup/LiDar_Lock copy/Core/Src/stm32f3xx_it.c
2023-05-22 23:27:30,378 [INFO] CodeEngine:255 - oldGeneratedFile, /Users/neelbagayatkar/Documents/MTRX2700_Backup/LiDar_Lock copy/Core/Inc/stm32f3xx_it.h_save
2023-05-22 23:27:30,423 [INFO] CodeEngine:279 - Generated code: /Users/neelbagayatkar/Documents/MTRX2700_Backup/LiDar_Lock copy/Core/Inc/stm32f3xx_it.h
2023-05-22 23:27:30,435 [INFO] CodeEngine:255 - oldGeneratedFile, /Users/neelbagayatkar/Documents/MTRX2700_Backup/LiDar_Lock copy/Core/Src/stm32f3xx_hal_msp.c_save
2023-05-22 23:27:30,561 [INFO] CodeEngine:279 - Generated code: /Users/neelbagayatkar/Documents/MTRX2700_Backup/LiDar_Lock copy/Core/Src/stm32f3xx_hal_msp.c
2023-05-22 23:27:30,563 [INFO] CodeEngine:255 - oldGeneratedFile, /Users/neelbagayatkar/Documents/MTRX2700_Backup/LiDar_Lock copy/MXTmpFiles/system.tmp_save
2023-05-22 23:27:30,615 [INFO] CodeEngine:279 - Generated code: /Users/neelbagayatkar/Documents/MTRX2700_Backup/LiDar_Lock copy/MXTmpFiles/system.tmp
2023-05-22 23:27:30,619 [INFO] CodeEngine:311 - oldGeneratedFile, /Users/neelbagayatkar/Documents/MTRX2700_Backup/LiDar_Lock copy/Core/Inc/stm32f3xx_hal_conf.h_save
2023-05-22 23:27:30,671 [INFO] CodeEngine:335 - Generated code: /Users/neelbagayatkar/Documents/MTRX2700_Backup/LiDar_Lock copy/Core/Inc/stm32f3xx_hal_conf.h
2023-05-22 23:27:30,693 [WARN] IPConfigManager:3431 - IP not found : TIM
2023-05-22 23:27:30,693 [WARN] CodeGenerator:3754 - IP not found : null
2023-05-22 23:27:30,695 [INFO] CodeEngine:255 - oldGeneratedFile, /Users/neelbagayatkar/Documents/MTRX2700_Backup/LiDar_Lock copy/Core/Inc/main.h_save
2023-05-22 23:27:30,775 [INFO] CodeEngine:279 - Generated code: /Users/neelbagayatkar/Documents/MTRX2700_Backup/LiDar_Lock copy/Core/Inc/main.h
2023-05-22 23:27:30,777 [INFO] CodeEngine:255 - oldGeneratedFile, /Users/neelbagayatkar/Documents/MTRX2700_Backup/LiDar_Lock copy/Core/Src/main.c_save
2023-05-22 23:27:30,881 [INFO] CodeEngine:279 - Generated code: /Users/neelbagayatkar/Documents/MTRX2700_Backup/LiDar_Lock copy/Core/Src/main.c
2023-05-22 23:27:31,414 [INFO] ProjectBuilder:2996 - Time for Copy HAL[1] : 73mS.
2023-05-22 23:27:31,421 [INFO] ProjectBuilder:4304 - Project Generator version: 3.19.2
2023-05-22 23:27:31,752 [INFO] ConfigFileManager:1483 - The Die is : DIE422
2023-05-22 23:27:31,762 [INFO] ApiDbMcu:507 - Load IP Config File for FATFS
2023-05-22 23:27:31,767 [INFO] ApiDbMcu:507 - Load IP Config File for FREERTOS
2023-05-22 23:27:31,774 [INFO] ApiDbMcu:507 - Load IP Config File for TOUCHSENSING
2023-05-22 23:27:31,780 [INFO] ApiDbMcu:507 - Load IP Config File for USB_DEVICE
2023-05-22 23:27:33,709 [INFO] ProjectBuilder:4505 - Time for Generating toolchain IDE Files: 2285mS.
2023-05-22 23:27:33,712 [INFO] ProjectBuilder:2867 - Time for Copy CMSIS : 0mS.
2023-05-22 23:27:33,713 [INFO] ProjectBuilder:2867 - Time for Copy CMSIS : 0mS.
2023-05-22 23:31:24,368 [INFO] NvicIntPanel:101 - NVIC parent = com.st.microxplorer.plugins.ip.nvic.MultiNvicIntPanel[,0,0,0x0,invalid,layout=javax.swing.BoxLayout,alignmentX=0.0,alignmentY=0.0,border=,flags=9,maximumSize=,minimumSize=,preferredSize=]
2023-05-22 23:31:30,168 [INFO] UtilMem:75 - End SaveConfig() Used Memory: 794761688 Bytes (987758592)
2023-05-22 23:31:31,885 [INFO] UtilMem:75 - End SaveConfig() Used Memory: 592984928 Bytes (987758592)
2023-05-22 23:31:33,896 [INFO] UtilMem:75 - End SaveConfig() Used Memory: 651140632 Bytes (987758592)
2023-05-22 23:31:34,102 [INFO] BlockDiagram:2759 - set Specific Code input for plugin: SPI
2023-05-22 23:31:34,102 [INFO] BlockDiagram:2759 - set Specific Code input for plugin: TIM1_8F3
2023-05-22 23:31:34,102 [INFO] BlockDiagram:2759 - set Specific Code input for plugin: TIM1_8F3
2023-05-22 23:31:34,102 [INFO] BlockDiagram:2759 - set Specific Code input for plugin: TIM1_8F3
2023-05-22 23:31:34,102 [INFO] BlockDiagram:2759 - set Specific Code input for plugin: SYS
2023-05-22 23:31:34,102 [INFO] BlockDiagram:2759 - set Specific Code input for plugin: RCC
2023-05-22 23:31:34,102 [INFO] BlockDiagram:2759 - set Specific Code input for plugin: I2C
2023-05-22 23:31:34,102 [INFO] BlockDiagram:2759 - set Specific Code input for plugin: NVIC
2023-05-22 23:31:34,102 [INFO] BlockDiagram:2759 - set Specific Code input for plugin: TIM1_8F3
2023-05-22 23:31:34,102 [INFO] BlockDiagram:2759 - set Specific Code input for plugin: USB
2023-05-22 23:31:34,102 [INFO] BlockDiagram:2759 - set Specific Code input for plugin: GPIO
2023-05-22 23:31:34,103 [INFO] CodeGenerator:793 - code generatio: config db path: /Users/neelbagayatkar/.stm32cubemx/databases/DB.6.0.60/db/
2023-05-22 23:31:34,149 [WARN] IP:2113 - lpm_enable not found: check if there is a RefParameter without a condition.
2023-05-22 23:31:34,356 [INFO] CodeEngine:255 - oldGeneratedFile, /Users/neelbagayatkar/Documents/MTRX2700_Backup/LiDar_Lock copy/MXTmpFiles/license.tmp_save
2023-05-22 23:31:34,432 [INFO] CodeEngine:279 - Generated code: /Users/neelbagayatkar/Documents/MTRX2700_Backup/LiDar_Lock copy/MXTmpFiles/license.tmp
2023-05-22 23:31:34,501 [INFO] CodeEngine:255 - oldGeneratedFile, /Users/neelbagayatkar/Documents/MTRX2700_Backup/LiDar_Lock copy/MXTmpFiles/gpio.tmp_save
2023-05-22 23:31:34,713 [INFO] CodeEngine:279 - Generated code: /Users/neelbagayatkar/Documents/MTRX2700_Backup/LiDar_Lock copy/MXTmpFiles/gpio.tmp
2023-05-22 23:31:35,285 [INFO] CodeEngine:255 - oldGeneratedFile, /Users/neelbagayatkar/Documents/MTRX2700_Backup/LiDar_Lock copy/Core/Src/stm32f3xx_it.c_save
2023-05-22 23:31:35,368 [INFO] CodeEngine:279 - Generated code: /Users/neelbagayatkar/Documents/MTRX2700_Backup/LiDar_Lock copy/Core/Src/stm32f3xx_it.c
2023-05-22 23:31:35,370 [INFO] CodeEngine:255 - oldGeneratedFile, /Users/neelbagayatkar/Documents/MTRX2700_Backup/LiDar_Lock copy/Core/Inc/stm32f3xx_it.h_save
2023-05-22 23:31:35,420 [INFO] CodeEngine:279 - Generated code: /Users/neelbagayatkar/Documents/MTRX2700_Backup/LiDar_Lock copy/Core/Inc/stm32f3xx_it.h
2023-05-22 23:31:35,423 [INFO] CodeEngine:255 - oldGeneratedFile, /Users/neelbagayatkar/Documents/MTRX2700_Backup/LiDar_Lock copy/Core/Src/stm32f3xx_hal_msp.c_save
2023-05-22 23:31:35,575 [INFO] CodeEngine:279 - Generated code: /Users/neelbagayatkar/Documents/MTRX2700_Backup/LiDar_Lock copy/Core/Src/stm32f3xx_hal_msp.c
2023-05-22 23:31:35,589 [INFO] CodeEngine:255 - oldGeneratedFile, /Users/neelbagayatkar/Documents/MTRX2700_Backup/LiDar_Lock copy/MXTmpFiles/system.tmp_save
2023-05-22 23:31:35,649 [INFO] CodeEngine:279 - Generated code: /Users/neelbagayatkar/Documents/MTRX2700_Backup/LiDar_Lock copy/MXTmpFiles/system.tmp
2023-05-22 23:31:35,654 [INFO] CodeEngine:311 - oldGeneratedFile, /Users/neelbagayatkar/Documents/MTRX2700_Backup/LiDar_Lock copy/Core/Inc/stm32f3xx_hal_conf.h_save
2023-05-22 23:31:35,708 [INFO] CodeEngine:335 - Generated code: /Users/neelbagayatkar/Documents/MTRX2700_Backup/LiDar_Lock copy/Core/Inc/stm32f3xx_hal_conf.h
2023-05-22 23:31:35,772 [WARN] IPConfigManager:3431 - IP not found : TIM
2023-05-22 23:31:35,773 [WARN] CodeGenerator:3754 - IP not found : null
2023-05-22 23:31:35,775 [INFO] CodeEngine:255 - oldGeneratedFile, /Users/neelbagayatkar/Documents/MTRX2700_Backup/LiDar_Lock copy/Core/Inc/main.h_save
2023-05-22 23:31:35,839 [INFO] CodeEngine:279 - Generated code: /Users/neelbagayatkar/Documents/MTRX2700_Backup/LiDar_Lock copy/Core/Inc/main.h
2023-05-22 23:31:35,840 [INFO] CodeEngine:255 - oldGeneratedFile, /Users/neelbagayatkar/Documents/MTRX2700_Backup/LiDar_Lock copy/Core/Src/main.c_save
2023-05-22 23:31:35,935 [INFO] CodeEngine:279 - Generated code: /Users/neelbagayatkar/Documents/MTRX2700_Backup/LiDar_Lock copy/Core/Src/main.c
2023-05-22 23:31:36,390 [INFO] ProjectBuilder:2996 - Time for Copy HAL[1] : 76mS.
2023-05-22 23:31:36,394 [INFO] ProjectBuilder:4304 - Project Generator version: 3.19.2
2023-05-22 23:31:36,690 [INFO] ConfigFileManager:1483 - The Die is : DIE422
2023-05-22 23:31:38,727 [INFO] ProjectBuilder:4505 - Time for Generating toolchain IDE Files: 2330mS.
2023-05-22 23:31:38,731 [INFO] ProjectBuilder:2867 - Time for Copy CMSIS : 0mS.
2023-05-22 23:31:38,733 [INFO] ProjectBuilder:2867 - Time for Copy CMSIS : 0mS.
2023-05-22 23:33:45,015 [INFO] NvicIntPanel:101 - NVIC parent = com.st.microxplorer.plugins.ip.nvic.MultiNvicIntPanel[,0,0,0x0,invalid,layout=javax.swing.BoxLayout,alignmentX=0.0,alignmentY=0.0,border=,flags=9,maximumSize=,minimumSize=,preferredSize=]
2023-05-22 23:35:13,571 [INFO] UtilMem:75 - End SaveConfig() Used Memory: 632063184 Bytes (1023410176)
2023-05-22 23:35:14,965 [INFO] UtilMem:75 - End SaveConfig() Used Memory: 597887568 Bytes (1023410176)
2023-05-22 23:35:18,551 [INFO] UtilMem:75 - End SaveConfig() Used Memory: 709562960 Bytes (1023410176)
2023-05-22 23:35:18,807 [INFO] BlockDiagram:2759 - set Specific Code input for plugin: SPI
2023-05-22 23:35:18,807 [INFO] BlockDiagram:2759 - set Specific Code input for plugin: TIM1_8F3
2023-05-22 23:35:18,807 [INFO] BlockDiagram:2759 - set Specific Code input for plugin: TIM1_8F3
2023-05-22 23:35:18,808 [INFO] BlockDiagram:2759 - set Specific Code input for plugin: TIM1_8F3
2023-05-22 23:35:18,808 [INFO] BlockDiagram:2759 - set Specific Code input for plugin: SYS
2023-05-22 23:35:18,808 [INFO] BlockDiagram:2759 - set Specific Code input for plugin: RCC
2023-05-22 23:35:18,808 [INFO] BlockDiagram:2759 - set Specific Code input for plugin: I2C
2023-05-22 23:35:18,808 [INFO] BlockDiagram:2759 - set Specific Code input for plugin: NVIC
2023-05-22 23:35:18,808 [INFO] BlockDiagram:2759 - set Specific Code input for plugin: TIM1_8F3
2023-05-22 23:35:18,808 [INFO] BlockDiagram:2759 - set Specific Code input for plugin: USB
2023-05-22 23:35:18,808 [INFO] BlockDiagram:2759 - set Specific Code input for plugin: GPIO
2023-05-22 23:35:18,808 [INFO] CodeGenerator:793 - code generatio: config db path: /Users/neelbagayatkar/.stm32cubemx/databases/DB.6.0.60/db/
2023-05-22 23:35:18,853 [WARN] IP:2113 - lpm_enable not found: check if there is a RefParameter without a condition.
2023-05-22 23:35:18,961 [INFO] CodeEngine:255 - oldGeneratedFile, /Users/neelbagayatkar/Documents/MTRX2700_Backup/LiDar_Lock copy/MXTmpFiles/license.tmp_save
2023-05-22 23:35:19,187 [INFO] CodeEngine:279 - Generated code: /Users/neelbagayatkar/Documents/MTRX2700_Backup/LiDar_Lock copy/MXTmpFiles/license.tmp
2023-05-22 23:35:19,305 [INFO] CodeEngine:255 - oldGeneratedFile, /Users/neelbagayatkar/Documents/MTRX2700_Backup/LiDar_Lock copy/MXTmpFiles/gpio.tmp_save
2023-05-22 23:35:19,378 [INFO] CodeEngine:279 - Generated code: /Users/neelbagayatkar/Documents/MTRX2700_Backup/LiDar_Lock copy/MXTmpFiles/gpio.tmp
2023-05-22 23:35:19,908 [INFO] CodeEngine:255 - oldGeneratedFile, /Users/neelbagayatkar/Documents/MTRX2700_Backup/LiDar_Lock copy/Core/Src/stm32f3xx_it.c_save
2023-05-22 23:35:19,982 [INFO] CodeEngine:279 - Generated code: /Users/neelbagayatkar/Documents/MTRX2700_Backup/LiDar_Lock copy/Core/Src/stm32f3xx_it.c
2023-05-22 23:35:19,986 [INFO] CodeEngine:255 - oldGeneratedFile, /Users/neelbagayatkar/Documents/MTRX2700_Backup/LiDar_Lock copy/Core/Inc/stm32f3xx_it.h_save
2023-05-22 23:35:20,038 [INFO] CodeEngine:279 - Generated code: /Users/neelbagayatkar/Documents/MTRX2700_Backup/LiDar_Lock copy/Core/Inc/stm32f3xx_it.h
2023-05-22 23:35:20,042 [INFO] CodeEngine:255 - oldGeneratedFile, /Users/neelbagayatkar/Documents/MTRX2700_Backup/LiDar_Lock copy/Core/Src/stm32f3xx_hal_msp.c_save
2023-05-22 23:35:20,223 [INFO] CodeEngine:279 - Generated code: /Users/neelbagayatkar/Documents/MTRX2700_Backup/LiDar_Lock copy/Core/Src/stm32f3xx_hal_msp.c
2023-05-22 23:35:20,237 [INFO] CodeEngine:255 - oldGeneratedFile, /Users/neelbagayatkar/Documents/MTRX2700_Backup/LiDar_Lock copy/MXTmpFiles/system.tmp_save
2023-05-22 23:35:20,285 [INFO] CodeEngine:279 - Generated code: /Users/neelbagayatkar/Documents/MTRX2700_Backup/LiDar_Lock copy/MXTmpFiles/system.tmp
2023-05-22 23:35:20,292 [INFO] CodeEngine:311 - oldGeneratedFile, /Users/neelbagayatkar/Documents/MTRX2700_Backup/LiDar_Lock copy/Core/Inc/stm32f3xx_hal_conf.h_save
2023-05-22 23:35:20,344 [INFO] CodeEngine:335 - Generated code: /Users/neelbagayatkar/Documents/MTRX2700_Backup/LiDar_Lock copy/Core/Inc/stm32f3xx_hal_conf.h
2023-05-22 23:35:20,396 [WARN] IPConfigManager:3431 - IP not found : TIM
2023-05-22 23:35:20,396 [WARN] CodeGenerator:3754 - IP not found : null
2023-05-22 23:35:20,398 [INFO] CodeEngine:255 - oldGeneratedFile, /Users/neelbagayatkar/Documents/MTRX2700_Backup/LiDar_Lock copy/Core/Inc/main.h_save
2023-05-22 23:35:20,451 [INFO] CodeEngine:279 - Generated code: /Users/neelbagayatkar/Documents/MTRX2700_Backup/LiDar_Lock copy/Core/Inc/main.h
2023-05-22 23:35:20,452 [INFO] CodeEngine:255 - oldGeneratedFile, /Users/neelbagayatkar/Documents/MTRX2700_Backup/LiDar_Lock copy/Core/Src/main.c_save
2023-05-22 23:35:20,543 [INFO] CodeEngine:279 - Generated code: /Users/neelbagayatkar/Documents/MTRX2700_Backup/LiDar_Lock copy/Core/Src/main.c
2023-05-22 23:35:20,998 [INFO] ProjectBuilder:2996 - Time for Copy HAL[1] : 79mS.
2023-05-22 23:35:21,002 [INFO] ProjectBuilder:4304 - Project Generator version: 3.19.2
2023-05-22 23:35:21,307 [INFO] ConfigFileManager:1483 - The Die is : DIE422
2023-05-22 23:35:22,825 [INFO] ProjectBuilder:4505 - Time for Generating toolchain IDE Files: 1820mS.
2023-05-22 23:35:22,828 [INFO] ProjectBuilder:2867 - Time for Copy CMSIS : 1mS.
2023-05-22 23:35:22,829 [INFO] ProjectBuilder:2867 - Time for Copy CMSIS : 0mS.
2023-05-22 23:44:47,938 [INFO] I2cTimingTraitement:330 - 0x2000090E
2023-05-22 23:45:13,973 [INFO] I2cTimingTraitement:330 - 0x2000090E
2023-05-22 23:45:20,748 [WARN] IP:2113 - lpm_enable not found: check if there is a RefParameter without a condition.
2023-05-22 23:45:22,607 [INFO] I2cTimingTraitement:330 - 0x2000090E
2023-05-22 23:45:28,564 [INFO] Gpio:273 - dependency for GPIO [I2C1, RCC, SPI1, SYS, TIM1, TIM2, TIM3, TIM15, USB]
