2023-05-14 13:22:57,703 [INFO] Activator:176 - 


2023-05-14 13:22:57,704 [INFO] Activator:177 - !SESSION log4j initialized
2023-05-14 13:22:58,887 [ERROR] LogOutputStream:75 - [STDERR_REDIRECT] 
2023-05-14 13:22:59,494 [INFO] LogOutputStream:77 - [STDOUT_REDIRECT] 
2023-05-14 13:23:00,946 [INFO] LogOutputStream:77 - [STDOUT_REDIRECT] 
2023-05-14 13:23:22,374 [ERROR] LogOutputStream:75 - [STDERR_REDIRECT] SLF4J: Failed to load class "org.slf4j.impl.StaticLoggerBinder".
2023-05-14 13:23:22,375 [ERROR] LogOutputStream:75 - [STDERR_REDIRECT] SLF4J: Defaulting to no-operation (NOP) logger implementation
2023-05-14 13:23:22,376 [ERROR] LogOutputStream:75 - [STDERR_REDIRECT] SLF4J: See http://www.slf4j.org/codes.html#StaticLoggerBinder for further details.
2023-05-14 13:29:50,209 [INFO] Activator:176 - 


2023-05-14 13:29:50,210 [INFO] Activator:177 - !SESSION log4j initialized
2023-05-14 13:29:52,039 [ERROR] LogOutputStream:75 - [STDERR_REDIRECT] 
2023-05-14 13:29:52,537 [INFO] LogOutputStream:77 - [STDOUT_REDIRECT] 
2023-05-14 13:29:53,939 [INFO] LogOutputStream:77 - [STDOUT_REDIRECT] 
2023-05-14 13:30:15,299 [ERROR] LogOutputStream:75 - [STDERR_REDIRECT] SLF4J: Failed to load class "org.slf4j.impl.StaticLoggerBinder".
2023-05-14 13:30:15,300 [ERROR] LogOutputStream:75 - [STDERR_REDIRECT] SLF4J: Defaulting to no-operation (NOP) logger implementation
2023-05-14 13:30:15,300 [ERROR] LogOutputStream:75 - [STDERR_REDIRECT] SLF4J: See http://www.slf4j.org/codes.html#StaticLoggerBinder for further details.
2023-05-14 13:33:52,801 [INFO] McuFinderGlobals:53 - Set McuFinder mode to 2 (CubeIDE integrated)
2023-05-14 13:33:53,171 [INFO] ApplicationProperties:184 - Using Application install path: /Applications/STM32CubeIDE.app/Contents/Eclipse/plugins/com.st.stm32cube.common.mx_6.8.0.202302231600
2023-05-14 13:33:53,182 [INFO] DbMcusXml:78 - Set database path to: /Applications/STM32CubeIDE.app/Contents/Eclipse/plugins/com.st.stm32cube.common.mx_6.8.0.202302231600//db//mcu/
2023-05-14 13:33:53,183 [INFO] ApiDb:274 - Set plugin database path to: /Applications/STM32CubeIDE.app/Contents/Eclipse/plugins/com.st.stm32cube.common.mx_6.8.0.202302231600//db//plugins/boardmanager/
2023-05-14 13:33:53,185 [WARN] ApiDb:259 - Overriding images path with different value:  => /Applications/STM32CubeIDE.app/Contents/Eclipse/plugins/com.st.stm32cube.common.mx_6.8.0.202302231600//db//plugins/mcufinder/images/
2023-05-14 13:33:53,222 [INFO] ApiDb:250 - Set database path to: /Users/neelbagayatkar/.stmcufinder/plugins/mcufinder//mcu/
2023-05-14 13:33:53,224 [INFO] DbMcusAds:125 - Set database path to: /Users/neelbagayatkar/.stmcufinder/plugins/mcufinder//mcu/
2023-05-14 13:33:53,227 [INFO] CrossReferenceDbSqlite:203 - Set database path to: /Users/neelbagayatkar/.stmcufinder/plugins/mcufinder//mcu/cs/
2023-05-14 13:33:53,337 [INFO] RulesReader:64 - Compatibility file has been processed (293 Rules)
2023-05-14 13:33:53,390 [INFO] DbMcusXml:78 - Set database path to: /Applications/STM32CubeIDE.app/Contents/Eclipse/plugins/com.st.stm32cube.common.mx_6.8.0.202302231600//db//mcu/
2023-05-14 13:33:53,390 [INFO] ApiDb:274 - Set plugin database path to: /Applications/STM32CubeIDE.app/Contents/Eclipse/plugins/com.st.stm32cube.common.mx_6.8.0.202302231600//db//plugins/boardmanager/
2023-05-14 13:33:53,391 [INFO] ApiDb:261 - Set plugin images path to: /Applications/STM32CubeIDE.app/Contents/Eclipse/plugins/com.st.stm32cube.common.mx_6.8.0.202302231600//db//plugins/mcufinder/images/
2023-05-14 13:33:53,391 [WARN] DbFile:41 - Overriding database path with different value: /Users/neelbagayatkar/.stmcufinder/plugins/mcufinder/ => /Users/neelbagayatkar/.stmcufinder/plugins/mcufinder
2023-05-14 13:33:53,391 [INFO] ApiDb:250 - Set database path to: /Users/neelbagayatkar/.stmcufinder/plugins/mcufinder//mcu/
2023-05-14 13:33:53,391 [WARN] DbFile:41 - Overriding database path with different value: /Users/neelbagayatkar/.stmcufinder/plugins/mcufinder/ => /Users/neelbagayatkar/.stmcufinder/plugins/mcufinder
2023-05-14 13:33:53,391 [INFO] DbMcusAds:125 - Set database path to: /Users/neelbagayatkar/.stmcufinder/plugins/mcufinder//mcu/
2023-05-14 13:33:53,391 [WARN] DbFile:41 - Overriding database path with different value: /Users/neelbagayatkar/.stmcufinder/plugins/mcufinder/ => /Users/neelbagayatkar/.stmcufinder/plugins/mcufinder
2023-05-14 13:33:53,391 [WARN] DbFile:41 - Overriding database path with different value: /Users/neelbagayatkar/.stmcufinder/plugins/mcufinder/ => /Users/neelbagayatkar/.stmcufinder/plugins/mcufinder
2023-05-14 13:33:53,391 [INFO] CrossReferenceDbSqlite:203 - Set database path to: /Users/neelbagayatkar/.stmcufinder/plugins/mcufinder//mcu/cs/
2023-05-14 13:33:53,455 [INFO] MainPanel:253 - HeapMemory: 655360000
2023-05-14 13:33:53,530 [INFO] DbMcusXml:78 - Set database path to: /Applications/STM32CubeIDE.app/Contents/Eclipse/plugins/com.st.stm32cube.common.mx_6.8.0.202302231600//db//mcu/
2023-05-14 13:33:53,530 [INFO] ApiDb:274 - Set plugin database path to: /Applications/STM32CubeIDE.app/Contents/Eclipse/plugins/com.st.stm32cube.common.mx_6.8.0.202302231600//db//plugins/boardmanager/
2023-05-14 13:33:53,530 [INFO] ApiDb:261 - Set plugin images path to: /Applications/STM32CubeIDE.app/Contents/Eclipse/plugins/com.st.stm32cube.common.mx_6.8.0.202302231600//db//plugins/mcufinder/images/
2023-05-14 13:33:53,531 [WARN] DbFile:41 - Overriding database path with different value: /Users/neelbagayatkar/.stmcufinder/plugins/mcufinder/ => /Users/neelbagayatkar/.stmcufinder/plugins/mcufinder
2023-05-14 13:33:53,531 [INFO] ApiDb:250 - Set database path to: /Users/neelbagayatkar/.stmcufinder/plugins/mcufinder//mcu/
2023-05-14 13:33:53,531 [WARN] DbFile:41 - Overriding database path with different value: /Users/neelbagayatkar/.stmcufinder/plugins/mcufinder/ => /Users/neelbagayatkar/.stmcufinder/plugins/mcufinder
2023-05-14 13:33:53,531 [INFO] DbMcusAds:125 - Set database path to: /Users/neelbagayatkar/.stmcufinder/plugins/mcufinder//mcu/
2023-05-14 13:33:53,531 [WARN] DbFile:41 - Overriding database path with different value: /Users/neelbagayatkar/.stmcufinder/plugins/mcufinder/ => /Users/neelbagayatkar/.stmcufinder/plugins/mcufinder
2023-05-14 13:33:53,531 [WARN] DbFile:41 - Overriding database path with different value: /Users/neelbagayatkar/.stmcufinder/plugins/mcufinder/ => /Users/neelbagayatkar/.stmcufinder/plugins/mcufinder
2023-05-14 13:33:53,531 [INFO] CrossReferenceDbSqlite:203 - Set database path to: /Users/neelbagayatkar/.stmcufinder/plugins/mcufinder//mcu/cs/
2023-05-14 13:33:53,550 [INFO] ApplicationProperties:184 - Using Application install path: /Applications/STM32CubeIDE.app/Contents/Eclipse/plugins/com.st.stm32cube.common.mx_6.8.0.202302231600
2023-05-14 13:33:53,551 [INFO] PluginManage:196 - Search for loadable plugins [exclusion list=, ]
2023-05-14 13:33:53,553 [INFO] PluginManage:310 - Check plugin analytics
2023-05-14 13:33:53,830 [INFO] AnalyticsPlugin:253 - Accepted Software Licenses: 
2023-05-14 13:33:53,831 [INFO] AnalyticsPlugin:255 - Accepted CMSIS Pack Licenses: 
2023-05-14 13:33:53,833 [INFO] AnalyticsPlugin:257 - Accepted Firmware Licenses: 
2023-05-14 13:33:53,849 [INFO] PluginManage:359 - Loaded plugin analytics (category:tool,tabindex:-1)
2023-05-14 13:33:53,852 [INFO] PluginManage:310 - Check plugin cadmodel
2023-05-14 13:33:54,416 [INFO] CADModel:105 - Init CAD model plugin
2023-05-14 13:33:54,417 [INFO] PluginManage:359 - Loaded plugin cadmodel (category:power,tabindex:5)
2023-05-14 13:33:54,417 [INFO] PluginManage:310 - Check plugin clock
2023-05-14 13:33:54,430 [INFO] PluginManage:359 - Loaded plugin clock (category:base,tabindex:2)
2023-05-14 13:33:54,430 [INFO] PluginManage:310 - Check plugin ddr
2023-05-14 13:33:54,432 [INFO] PluginManage:359 - Loaded plugin ddr (category:tool,tabindex:6)
2023-05-14 13:33:54,432 [INFO] PluginManage:310 - Check plugin filemanager
2023-05-14 13:33:54,551 [INFO] PluginManage:359 - Loaded plugin filemanager (category:base,tabindex:10)
2023-05-14 13:33:54,551 [INFO] PluginManage:310 - Check plugin ipmanager
2023-05-14 13:33:54,559 [INFO] PluginManage:359 - Loaded plugin ipmanager (category:base,tabindex:5)
2023-05-14 13:33:54,559 [INFO] PluginManage:310 - Check plugin lpbam
2023-05-14 13:33:54,566 [INFO] PluginManage:359 - Loaded plugin lpbam (category:base,tabindex:0)
2023-05-14 13:33:54,566 [INFO] PluginManage:310 - Check plugin pinoutandconfiguration
2023-05-14 13:33:54,572 [INFO] PluginManage:359 - Loaded plugin pinoutandconfiguration (category:base,tabindex:1)
2023-05-14 13:33:54,572 [INFO] PluginManage:310 - Check plugin pinoutconfig
2023-05-14 13:33:54,641 [WARN] SupportedApi:132 - Cannot load RTOS API schema: s4s-elt-must-match.1: The content of 'definitions' must match (annotation?, (simpleType | complexType)?, (unique | key | keyref)*)). A problem was found starting at: attribute.
2023-05-14 13:33:54,786 [INFO] PluginManage:359 - Loaded plugin pinoutconfig (category:base,tabindex:0)
2023-05-14 13:33:54,786 [INFO] PluginManage:310 - Check plugin power
2023-05-14 13:33:54,802 [INFO] PluginManage:359 - Loaded plugin power (category:power,tabindex:4)
2023-05-14 13:33:54,802 [INFO] PluginManage:310 - Check plugin projectmanager
2023-05-14 13:33:54,819 [INFO] PluginManage:359 - Loaded plugin projectmanager (category:projectmanager,tabindex:3)
2023-05-14 13:33:54,819 [INFO] PluginManage:310 - Check plugin thirdparty
2023-05-14 13:33:54,925 [INFO] PluginManage:359 - Loaded plugin thirdparty (category:base,tabindex:-1)
2023-05-14 13:33:54,925 [INFO] PluginManage:310 - Check plugin tools
2023-05-14 13:33:54,925 [WARN] IntegrityCheckThread:84 - waiting for thirdparty lock release [integrity check]
2023-05-14 13:33:54,927 [INFO] IntegrityCheckThread:86 - entering critical section [integrity check]
2023-05-14 13:33:54,928 [INFO] PluginManage:359 - Loaded plugin tools (category:base,tabindex:7)
2023-05-14 13:33:54,929 [INFO] PluginManage:310 - Check plugin tutovideos
2023-05-14 13:33:54,929 [INFO] ThirdPartyUpdaterWithRetryManager:70 - Updater plugin not ready yet. [1/15]
2023-05-14 13:33:55,092 [INFO] PluginManage:359 - Loaded plugin tutovideos (category:base,tabindex:-1)
2023-05-14 13:33:55,092 [INFO] PluginManage:310 - Check plugin updater
2023-05-14 13:33:55,108 [INFO] PluginManage:359 - Loaded plugin updater (category:base,tabindex:12)
2023-05-14 13:33:55,108 [INFO] PluginManage:283 - PluginManage : Loaded plugins [15]
2023-05-14 13:33:55,336 [INFO] PinOutPanel:1499 - setPackage(No Configuration,No Configuration)
2023-05-14 13:33:55,391 [INFO] CADModel:165 - CPN selected for project level
2023-05-14 13:33:55,391 [INFO] CADModel:114 - Register for checkConnection events
2023-05-14 13:33:55,401 [INFO] IPUIPlugin:80 - create IPUIPlugin
2023-05-14 13:33:55,402 [INFO] PluginManager:220 - loadIPPluginJar : add mdma
2023-05-14 13:33:55,407 [INFO] IPUIPlugin:80 - create IPUIPlugin
2023-05-14 13:33:55,408 [INFO] PluginManager:220 - loadIPPluginJar : add freertos
2023-05-14 13:33:55,411 [INFO] IPUIPlugin:80 - create IPUIPlugin
2023-05-14 13:33:55,411 [INFO] PluginManager:220 - loadIPPluginJar : add gic
2023-05-14 13:33:55,416 [INFO] IPUIPlugin:80 - create IPUIPlugin
2023-05-14 13:33:55,417 [INFO] PluginManager:220 - loadIPPluginJar : add adc
2023-05-14 13:33:55,418 [INFO] IPUIPlugin:80 - create IPUIPlugin
2023-05-14 13:33:55,418 [INFO] PluginManager:220 - loadIPPluginJar : add gtzc
2023-05-14 13:33:55,420 [INFO] IPUIPlugin:80 - create IPUIPlugin
2023-05-14 13:33:55,421 [INFO] PluginManager:220 - loadIPPluginJar : add quadspi
2023-05-14 13:33:55,422 [INFO] IPUIPlugin:80 - create IPUIPlugin
2023-05-14 13:33:55,422 [INFO] PluginManager:220 - loadIPPluginJar : add aes
2023-05-14 13:33:55,424 [INFO] IPUIPlugin:80 - create IPUIPlugin
2023-05-14 13:33:55,424 [INFO] PluginManager:220 - loadIPPluginJar : add pdm2pcm
2023-05-14 13:33:55,425 [INFO] IPUIPlugin:80 - create IPUIPlugin
2023-05-14 13:33:55,425 [INFO] PluginManager:220 - loadIPPluginJar : add hash
2023-05-14 13:33:55,426 [INFO] IPUIPlugin:80 - create IPUIPlugin
2023-05-14 13:33:55,426 [INFO] PluginManager:220 - loadIPPluginJar : add tim
2023-05-14 13:33:55,427 [INFO] IPUIPlugin:80 - create IPUIPlugin
2023-05-14 13:33:55,427 [INFO] PluginManager:220 - loadIPPluginJar : add tsc
2023-05-14 13:33:55,428 [INFO] IPUIPlugin:80 - create IPUIPlugin
2023-05-14 13:33:55,428 [INFO] PluginManager:220 - loadIPPluginJar : add ts
2023-05-14 13:33:55,430 [INFO] IPUIPlugin:80 - create IPUIPlugin
2023-05-14 13:33:55,430 [INFO] PluginManager:220 - loadIPPluginJar : add can
2023-05-14 13:33:55,431 [INFO] IPUIPlugin:80 - create IPUIPlugin
2023-05-14 13:33:55,431 [INFO] PluginManager:220 - loadIPPluginJar : add dma3
2023-05-14 13:33:55,433 [INFO] IPUIPlugin:80 - create IPUIPlugin
2023-05-14 13:33:55,433 [INFO] PluginManager:220 - loadIPPluginJar : add dfsdm
2023-05-14 13:33:55,434 [INFO] IPUIPlugin:80 - create IPUIPlugin
2023-05-14 13:33:55,435 [INFO] PluginManager:220 - loadIPPluginJar : add spi
2023-05-14 13:33:55,436 [INFO] IPUIPlugin:80 - create IPUIPlugin
2023-05-14 13:33:55,436 [INFO] PluginManager:220 - loadIPPluginJar : add gfxmmu
2023-05-14 13:33:55,436 [INFO] IPUIPlugin:80 - create IPUIPlugin
2023-05-14 13:33:55,436 [INFO] PluginManager:220 - loadIPPluginJar : add genericplugin
2023-05-14 13:33:55,437 [INFO] IPUIPlugin:80 - create IPUIPlugin
2023-05-14 13:33:55,437 [INFO] PluginManager:220 - loadIPPluginJar : add cryp
2023-05-14 13:33:55,440 [INFO] IPUIPlugin:80 - create IPUIPlugin
2023-05-14 13:33:55,440 [INFO] PluginManager:220 - loadIPPluginJar : add gpio
2023-05-14 13:33:55,441 [INFO] IPUIPlugin:80 - create IPUIPlugin
2023-05-14 13:33:55,441 [INFO] PluginManager:220 - loadIPPluginJar : add comp
2023-05-14 13:33:55,443 [INFO] IPUIPlugin:80 - create IPUIPlugin
2023-05-14 13:33:55,443 [INFO] PluginManager:220 - loadIPPluginJar : add tracer_emb
2023-05-14 13:33:55,445 [INFO] IPUIPlugin:80 - create IPUIPlugin
2023-05-14 13:33:55,445 [INFO] PluginManager:220 - loadIPPluginJar : add openamp
2023-05-14 13:33:55,447 [INFO] IPUIPlugin:80 - create IPUIPlugin
2023-05-14 13:33:55,448 [INFO] PluginManager:220 - loadIPPluginJar : add stm32_wpan
2023-05-14 13:33:55,451 [INFO] IPUIPlugin:80 - create IPUIPlugin
2023-05-14 13:33:55,455 [INFO] PluginManager:220 - loadIPPluginJar : add plateformsettings
2023-05-14 13:33:55,457 [INFO] IPUIPlugin:80 - create IPUIPlugin
2023-05-14 13:33:55,457 [INFO] PluginManager:220 - loadIPPluginJar : add ipddr
2023-05-14 13:33:55,458 [INFO] IPUIPlugin:80 - create IPUIPlugin
2023-05-14 13:33:55,459 [INFO] PluginManager:220 - loadIPPluginJar : add usart
2023-05-14 13:33:55,459 [INFO] IPUIPlugin:80 - create IPUIPlugin
2023-05-14 13:33:55,459 [INFO] PluginManager:220 - loadIPPluginJar : add ltdc
2023-05-14 13:33:55,461 [INFO] IPUIPlugin:80 - create IPUIPlugin
2023-05-14 13:33:55,462 [INFO] PluginManager:220 - loadIPPluginJar : add nvic
2023-05-14 13:33:55,463 [INFO] IPUIPlugin:80 - create IPUIPlugin
2023-05-14 13:33:55,463 [INFO] PluginManager:220 - loadIPPluginJar : add fatfs
2023-05-14 13:33:55,467 [INFO] IPUIPlugin:80 - create IPUIPlugin
2023-05-14 13:33:55,467 [INFO] PluginManager:220 - loadIPPluginJar : add linkedlist
2023-05-14 13:33:55,473 [INFO] IPUIPlugin:80 - create IPUIPlugin
2023-05-14 13:33:55,473 [INFO] PluginManager:220 - loadIPPluginJar : add dma
2023-05-14 13:33:55,476 [INFO] IPUIPlugin:80 - create IPUIPlugin
2023-05-14 13:33:55,476 [INFO] PluginManager:220 - loadIPPluginJar : add fmc
2023-05-14 13:33:55,477 [INFO] IPUIPlugin:80 - create IPUIPlugin
2023-05-14 13:33:55,477 [INFO] PluginManager:220 - loadIPPluginJar : add i2s
2023-05-14 13:33:55,478 [INFO] IPUIPlugin:80 - create IPUIPlugin
2023-05-14 13:33:55,478 [INFO] PluginManager:220 - loadIPPluginJar : add ucpd
2023-05-14 13:33:55,479 [INFO] IPUIPlugin:80 - create IPUIPlugin
2023-05-14 13:33:55,479 [INFO] PluginManager:220 - loadIPPluginJar : add lorawan
2023-05-14 13:33:55,480 [INFO] IPUIPlugin:80 - create IPUIPlugin
2023-05-14 13:33:55,480 [INFO] PluginManager:220 - loadIPPluginJar : add opamp
2023-05-14 13:33:55,481 [INFO] IPUIPlugin:80 - create IPUIPlugin
2023-05-14 13:33:55,481 [INFO] PluginManager:220 - loadIPPluginJar : add i3c
2023-05-14 13:33:55,483 [INFO] IPUIPlugin:80 - create IPUIPlugin
2023-05-14 13:33:55,483 [INFO] PluginManager:220 - loadIPPluginJar : add touchsensing
2023-05-14 13:33:55,484 [INFO] IPUIPlugin:80 - create IPUIPlugin
2023-05-14 13:33:55,484 [INFO] PluginManager:220 - loadIPPluginJar : add i2c
2023-05-14 13:33:55,485 [INFO] IPUIPlugin:80 - create IPUIPlugin
2023-05-14 13:33:55,485 [INFO] PluginManager:220 - loadIPPluginJar : add resmgrutility
2023-05-14 13:33:55,487 [INFO] IPUIPlugin:80 - create IPUIPlugin
2023-05-14 13:33:55,487 [INFO] PluginManager:220 - loadIPPluginJar : add sai
2023-05-14 13:33:55,488 [INFO] IPUIPlugin:80 - create IPUIPlugin
2023-05-14 13:33:55,488 [INFO] PluginManager:220 - loadIPPluginJar : add usbx
2023-05-14 13:33:55,608 [INFO] CADModel:165 - CPN selected for project level
2023-05-14 13:33:55,608 [INFO] CADModel:114 - Register for checkConnection events
2023-05-14 13:33:55,608 [FATAL] Updater:308 - Updater called before beeing initialized
2023-05-14 13:33:55,609 [ERROR] CADModel:125 - Updater not yet initialized, retry later 
2023-05-14 13:33:55,803 [INFO] CADModel:165 - CPN selected for project level
2023-05-14 13:33:55,803 [INFO] CADModel:114 - Register for checkConnection events
2023-05-14 13:33:55,803 [FATAL] Updater:308 - Updater called before beeing initialized
2023-05-14 13:33:55,803 [ERROR] CADModel:125 - Updater not yet initialized, retry later 
2023-05-14 13:33:55,806 [FATAL] Updater:308 - Updater called before beeing initialized
2023-05-14 13:33:55,940 [FATAL] Updater:308 - Updater called before beeing initialized
2023-05-14 13:33:55,949 [INFO] DbMcusAds:53 - JSON generation date=Tue Mar 07 19:50:54 AEDT 2023 (1678179054945)
2023-05-14 13:33:55,950 [FATAL] Updater:308 - Updater called before beeing initialized
2023-05-14 13:33:56,001 [WARN] DetailPanel:346 - Failed to get advertising image, set to default
2023-05-14 13:33:56,184 [FATAL] Updater:308 - Updater called before beeing initialized
2023-05-14 13:33:56,192 [FATAL] Updater:308 - Updater called before beeing initialized
2023-05-14 13:33:56,192 [FATAL] Updater:308 - Updater called before beeing initialized
2023-05-14 13:33:56,193 [WARN] DetailPanel:346 - Failed to get advertising image, set to default
2023-05-14 13:33:56,207 [FATAL] Updater:308 - Updater called before beeing initialized
2023-05-14 13:33:56,301 [ERROR] Updater:1120 - MainUpdater not yet initialized. External WinMGr cannot be set.
2023-05-14 13:33:56,348 [INFO] Updater:1056 - Updater Version found : 6.8.0
2023-05-14 13:33:56,362 [INFO] ApplicationProperties:184 - Using Application install path: /Applications/STM32CubeIDE.app/Contents/Eclipse/plugins/com.st.stm32cube.common.mx_6.8.0.202302231600
2023-05-14 13:33:56,534 [INFO] MainUpdater:2854 - connection check result : 10
2023-05-14 13:33:56,535 [INFO] MainUpdater:283 - Updater Check For Update Now.
2023-05-14 13:33:56,535 [INFO] MicroXplorer:498 - Change Database Version : DB.6.0.80
2023-05-14 13:33:56,746 [INFO] CheckServerUpdateThread:120 - End of CheckServer Thread
2023-05-14 13:33:56,749 [INFO] MainUpdater:2854 - connection check result : 10
2023-05-14 13:33:56,752 [INFO] McuFinderGlobals:66 - Set McuFinderConnectedMode to true
2023-05-14 13:33:57,153 [INFO] ServerAccessManage:473 - Download File mcusAds.json._tmp_
2023-05-14 13:33:57,272 [INFO] LoadUrlFilesThread:156 - End of LoadUrlFiles Thread
2023-05-14 13:33:57,935 [WARN] MainUpdater:1187 - Updater busy. Cannot search thirdparties
2023-05-14 13:33:57,936 [INFO] ThirdPartyUpdaterWithRetryManager:96 - Updater plugin is busy. [1/15]
2023-05-14 13:33:59,593 [INFO] ServerAccessManage:473 - Download File cube-finder-db.zip
2023-05-14 13:34:00,941 [WARN] MainUpdater:1187 - Updater busy. Cannot search thirdparties
2023-05-14 13:34:00,942 [INFO] ThirdPartyUpdaterWithRetryManager:96 - Updater plugin is busy. [2/15]
2023-05-14 13:34:03,312 [INFO] FileExtend:240 - Unzip File : cube-finder-db.zip
2023-05-14 13:34:03,318 [INFO] FileExtend:255 - Standard Zip Deflate
2023-05-14 13:34:03,863 [INFO] LoadUrlFilesThread:156 - End of LoadUrlFiles Thread
2023-05-14 13:34:03,947 [WARN] MainUpdater:1187 - Updater busy. Cannot search thirdparties
2023-05-14 13:34:03,948 [INFO] ThirdPartyUpdaterWithRetryManager:96 - Updater plugin is busy. [3/15]
2023-05-14 13:34:05,970 [INFO] ServerAccessManage:473 - Download File crdb.zip
2023-05-14 13:34:06,953 [WARN] MainUpdater:1187 - Updater busy. Cannot search thirdparties
2023-05-14 13:34:06,954 [INFO] ThirdPartyUpdaterWithRetryManager:96 - Updater plugin is busy. [4/15]
2023-05-14 13:34:08,795 [INFO] FileExtend:240 - Unzip File : crdb.zip
2023-05-14 13:34:08,795 [INFO] FileExtend:255 - Standard Zip Deflate
2023-05-14 13:34:08,926 [INFO] LoadUrlFilesThread:156 - End of LoadUrlFiles Thread
2023-05-14 13:34:09,189 [INFO] ServerAccessManage:473 - Download File tutoVideoDB.zip
2023-05-14 13:34:09,212 [INFO] FileExtend:240 - Unzip File : tutoVideoDB.zip
2023-05-14 13:34:09,213 [INFO] FileExtend:255 - Standard Zip Deflate
2023-05-14 13:34:09,332 [INFO] LoadUrlFilesThread:156 - End of LoadUrlFiles Thread
2023-05-14 13:34:09,366 [WARN] DbFile:41 - Overriding database path with different value: /Users/neelbagayatkar/.stmcufinder/plugins/mcufinder/ => /Users/neelbagayatkar/.stmcufinder/plugins/mcufinder
2023-05-14 13:34:09,960 [WARN] MainUpdater:1187 - Updater busy. Cannot search thirdparties
2023-05-14 13:34:09,961 [INFO] ThirdPartyUpdaterWithRetryManager:96 - Updater plugin is busy. [5/15]
2023-05-14 13:34:10,595 [INFO] ServerAccessManage:473 - Download File api_config.json
2023-05-14 13:34:10,711 [INFO] LoadUrlFilesThread:156 - End of LoadUrlFiles Thread
2023-05-14 13:34:10,718 [INFO] DbMcusAds:53 - JSON generation date=Tue Mar 07 19:50:54 AEDT 2023 (1678179054945)
2023-05-14 13:34:10,769 [INFO] LoadUrlFilesThread:185 - End of LoadServerUrlFiles without Thread
2023-05-14 13:34:10,769 [INFO] TargetSelectorAdapter:259 - Refresh data is successful
2023-05-14 13:34:11,071 [INFO] ApiDb:581 - Connected to CubeFinder SQLite database (/Users/neelbagayatkar/.stmcufinder/plugins/mcufinder/mcu/cube-finder-db.db)
2023-05-14 13:34:11,110 [INFO] ApiDb:668 - CubeFinder database Data Model version=2.1
2023-05-14 13:34:11,110 [INFO] ApiDb:669 - CubeFinder database Configuration version=3.0.35
2023-05-14 13:34:11,110 [INFO] ApiDb:670 - CubeFinder database generation date=2023-04-03 (1680511692)
2023-05-14 13:34:11,111 [INFO] ApiDb:671 - CubeFinder database FW Pack versions=[FP-ATR-ASTRA1_V2.0.0, STM32Cube_FW_C0_V1.0.1, STM32Cube_FW_F0_V1.11.4, STM32Cube_FW_F3_V1.11.4, STM32Cube_FW_F4_V1.27.1, STM32Cube_FW_F7_V1.17.0, STM32Cube_FW_G0_V1.6.1, STM32Cube_FW_G4_V1.5.1, STM32Cube_FW_H5_V0.5.1, STM32Cube_FW_H5_V1.0.0, STM32Cube_FW_H7_V1.11.0, STM32Cube_FW_L0_V1.12.2, STM32Cube_FW_L5_V1.5.0, STM32Cube_FW_U5_V1.2.0, STM32Cube_FW_WBA_V1.0.0, STM32Cube_FW_WBA_V1.0.0RC1, STM32Cube_FW_WBA_V1.0.0RC3, STM32Cube_FW_WB_V1.15.0RC1, STM32Cube_FW_WB_V1.16.0, STM32Cube_FW_WB_V1.16.0RC2, STM32Cube_FW_WL_V1.3.0, X-CUBE-ALGOBUILD_V1.3.0, X-CUBE-ALS_V1.0.1, X-CUBE-AZRTOS-F4_V1.1.0, X-CUBE-AZRTOS-F7_V1.1.0, X-CUBE-AZRTOS-G0_V1.1.0, X-CUBE-AZRTOS-G4_V1.0.0, X-CUBE-AZRTOS-H7_V3.0.0, X-CUBE-AZRTOS-L4_V1.0.0, X-CUBE-AZRTOS-L5_V1.1.0, X-CUBE-AZRTOS-WB_V1.1.0, X-CUBE-AZRTOS-WL_V1.0.0, X-CUBE-BLE1_V6.2.4, X-CUBE-BLE2_V3.3.0, X-CUBE-BLEMGR_V1.3.0, X-CUBE-EEPRMA1_V4.1.0, X-CUBE-FREERTOS_V1.0.1, X-CUBE-GNSS1_V6.0.0, X-CUBE-MEMS1_V9.1.0, X-CUBE-MEMS1_V9.4.0, X-CUBE-MEMS1_V9.5.0, X-CUBE-NFC4_V3.0.0, X-CUBE-NFC7_V1.0.0, X-CUBE-SFXS2LP1_V4.0.0, X-CUBE-SUBG2_V5.0.0]
2023-05-14 13:34:12,083 [INFO] ApiDb:240 - Found 297 in-development CPN: [B-G473E-ZEST1S, B-WB1M-WPAN1, B-WL5M-SUBG1, NUCLEO-C031C6, NUCLEO-H503RB, NUCLEO-H563ZI, NUCLEO-U545RE-Q, NUCLEO-U5A5ZJ-Q, NUCLEO-WBA52CG, STEVAL-PROTEUS1, STEVAL-STWINBX1, STM320518-EVAL, STM32C0116-DK, STM32C011D6Y3TR, STM32C011D6Y6TR, STM32C011F4P3, STM32C011F4P6, STM32C011F4U3, STM32C011F4U6TR, STM32C011F6P3, STM32C011F6P6, STM32C011F6U3, STM32C011F6U6TR, STM32C011J4M3, STM32C011J4M6, STM32C011J6M3, STM32C011J6M6, STM32C0316-DK, STM32C031C4T3, STM32C031C4T6, STM32C031C4U3, STM32C031C4U6, STM32C031C6T3, STM32C031C6T6, STM32C031C6U3, STM32C031C6U6, STM32C031F4P3, STM32C031F4P6, STM32C031F6P3, STM32C031F6P6, STM32C031G4U3, STM32C031G4U6, STM32C031G6U3, STM32C031G6U6, STM32C031K4T3, STM32C031K4T6, STM32C031K4U3, STM32C031K4U6, STM32C031K6T3, STM32C031K6T6, STM32C031K6U3, STM32C031K6U6, STM32G071K8TXN, STM32G071K8UXN, STM32G081GBU6N, STM32G081KBT6N, STM32G081KBUXN, STM32G0B1CCT6N, STM32G0B1KCT6, STM32G0B1NEY6TR, STM32G0B1RCT6N, STM32G0C1CCT6, STM32G0C1CCT6N, STM32G0C1CCU6N, STM32G0C1CET6N, STM32G0C1CEU6N, STM32G0C1KCT6, STM32G0C1NEY6TR, STM32G0C1RCI6N, STM32G0C1RCT6N, STM32G0C1REI6N, STM32G0C1RET6N, STM32G0C1VCI6, STM32G0C1VEI6, STM32G471CCT6, STM32G471CCU6, STM32G471CET3, STM32G471CET6, STM32G471CEU3, STM32G471CEU6, STM32G471MCT6, STM32G471MET3, STM32G471MET6, STM32G471MEY6TR, STM32G471QCT6, STM32G471QET3, STM32G471RCT6, STM32G471RET3, STM32G471RET6, STM32G471VCH6, STM32G471VCI6, STM32G471VCT6, STM32G471VEH3, STM32G471VEH6, STM32G471VEI3, STM32G471VEI6, STM32G471VET3, STM32G471VET6, STM32G474CCT6, STM32H503CBT6, STM32H503CBU6, STM32H503EBY6TR, STM32H503KBU6, STM32H503RBT6, STM32H562AGI6, STM32H562AII6, STM32H562IGK6, STM32H562IGT6, STM32H562IIK6, STM32H562IIT6, STM32H562RGT6, STM32H562RGV6, STM32H562RIT6, STM32H562RIV6, STM32H562VGT6, STM32H562VIT6, STM32H562ZGT6, STM32H562ZIT6, STM32H563AGI6, STM32H563AII3Q, STM32H563AII6, STM32H563IGK6, STM32H563IGT6, STM32H563IIK3Q, STM32H563IIK6, STM32H563IIT3Q, STM32H563IIT6, STM32H563MIY3QTR, STM32H563RGT6, STM32H563RGV6, STM32H563RIT6, STM32H563RIV6, STM32H563VGT6, STM32H563VIT3Q, STM32H563VIT6, STM32H563ZGT6, STM32H563ZIT3Q, STM32H563ZIT6, STM32H573AII3Q, STM32H573AII6, STM32H573I-DK, STM32H573IIK3Q, STM32H573IIK6, STM32H573IIT3Q, STM32H573IIT6, STM32H573MIY3QTR, STM32H573RIT6, STM32H573RIV6, STM32H573VIT3Q, STM32H573VIT6, STM32H573ZIT3Q, STM32H573ZIT6, STM32L4R5QGI6STR, STM32MP131AAE3, STM32MP131AAF3, STM32MP131AAG3, STM32MP131CAE3, STM32MP131CAF3, STM32MP131CAG3, STM32MP131DAE7, STM32MP131DAF7, STM32MP131DAG7, STM32MP131FAE7, STM32MP131FAF7, STM32MP131FAG7, STM32MP133AAE3, STM32MP133AAF3, STM32MP133AAG3, STM32MP133CAE3, STM32MP133CAF3, STM32MP133CAG3, STM32MP133DAE7, STM32MP133DAF7, STM32MP133DAG7, STM32MP133FAE7, STM32MP133FAF7, STM32MP133FAG7, STM32MP135AAE3, STM32MP135AAF3, STM32MP135AAG3, STM32MP135CAE3, STM32MP135CAF3, STM32MP135CAG3, STM32MP135DAE7, STM32MP135DAF7, STM32MP135DAG7, STM32MP135F-DK, STM32MP135FAE7, STM32MP135FAF7, STM32MP135FAF7T, STM32MP135FAF7U, STM32MP135FAG7, STM32U535CBT6, STM32U535CBT6Q, STM32U535CBU6, STM32U535CBU6Q, STM32U535CCT6, STM32U535CCT6Q, STM32U535CCU6, STM32U535CCU6Q, STM32U535CET6, STM32U535CET6Q, STM32U535CEU6, STM32U535CEU6Q, STM32U535JEY6QTR, STM32U535NCY6QTR, STM32U535NEY6QTR, STM32U535RBI6, STM32U535RBI6Q, STM32U535RBT6, STM32U535RBT6Q, STM32U535RCI6, STM32U535RCI6Q, STM32U535RCT6, STM32U535RCT6Q, STM32U535REI6, STM32U535REI6Q, STM32U535RET6, STM32U535RET6Q, STM32U535VCI6, STM32U535VCI6Q, STM32U535VCT6, STM32U535VCT6Q, STM32U535VEI6, STM32U535VEI6Q, STM32U535VET6, STM32U535VET6Q, STM32U545CET6, STM32U545CET6Q, STM32U545CEU6, STM32U545CEU6Q, STM32U545JEY6QTR, STM32U545NEY6QTR, STM32U545REI6, STM32U545REI6Q, STM32U545RET6, STM32U545RET6Q, STM32U545VEI6, STM32U545VEI6Q, STM32U545VET6, STM32U545VET6Q, STM32U595AIH6, STM32U595AIH6Q, STM32U595AJH6, STM32U595AJH6Q, STM32U595QII6, STM32U595QII6Q, STM32U595QJI6, STM32U595QJI6Q, STM32U595RIT6, STM32U595RIT6Q, STM32U595RJT6, STM32U595RJT6Q, STM32U595VIT6, STM32U595VIT6Q, STM32U595VJT6, STM32U595VJT6Q, STM32U595ZIT6, STM32U595ZIT6Q, STM32U595ZIY6QTR, STM32U595ZJT6, STM32U595ZJT6Q, STM32U595ZJY6QTR, STM32U599BJY6QTR, STM32U599NIH6Q, STM32U599NJH6Q, STM32U599VIT6Q, STM32U599VJT6, STM32U599VJT6Q, STM32U599ZIT6Q, STM32U599ZIY6QTR, STM32U599ZJT6Q, STM32U599ZJY6QTR, STM32U5A5AJH6, STM32U5A5AJH6Q, STM32U5A5QJI6, STM32U5A5QJI6Q, STM32U5A5RJT6, STM32U5A5RJT6Q, STM32U5A5VJT6, STM32U5A5VJT6Q, STM32U5A5ZJT6, STM32U5A5ZJT6Q, STM32U5A5ZJY6QTR, STM32U5A9BJY6QTR, STM32U5A9J-DK, STM32U5A9NJH6Q, STM32U5A9VJT6Q, STM32U5A9ZJT6Q, STM32U5A9ZJY6QTR, STM32WB1MMCH6, STM32WBA52CEU6, STM32WBA52CEU6T, STM32WBA52CGU6, STM32WBA52CGU6T, STM32WL5MOCH6, STM32WL5MOCH6TR]
2023-05-14 13:34:12,088 [INFO] DbMcus:216 - Found 3775 MCUs, 3775 are supported
2023-05-14 13:34:12,089 [INFO] ApiDb:423 - Load user favorites file /Users/neelbagayatkar/.stm32cubeide/favorites.mcus.txt: 0 item(s)
2023-05-14 13:34:12,089 [INFO] ApiDb:427 - User favorites MCUs=[]
2023-05-14 13:34:12,089 [INFO] DbMcus:222 - Set 0 / 0 favorites MCUs
2023-05-14 13:34:12,277 [INFO] ApiDb:668 - CubeFinder database Data Model version=2.1
2023-05-14 13:34:12,277 [INFO] ApiDb:669 - CubeFinder database Configuration version=3.0.35
2023-05-14 13:34:12,277 [INFO] ApiDb:670 - CubeFinder database generation date=2023-04-03 (1680511692)
2023-05-14 13:34:12,277 [INFO] ApiDb:671 - CubeFinder database FW Pack versions=[FP-ATR-ASTRA1_V2.0.0, STM32Cube_FW_C0_V1.0.1, STM32Cube_FW_F0_V1.11.4, STM32Cube_FW_F3_V1.11.4, STM32Cube_FW_F4_V1.27.1, STM32Cube_FW_F7_V1.17.0, STM32Cube_FW_G0_V1.6.1, STM32Cube_FW_G4_V1.5.1, STM32Cube_FW_H5_V0.5.1, STM32Cube_FW_H5_V1.0.0, STM32Cube_FW_H7_V1.11.0, STM32Cube_FW_L0_V1.12.2, STM32Cube_FW_L5_V1.5.0, STM32Cube_FW_U5_V1.2.0, STM32Cube_FW_WBA_V1.0.0, STM32Cube_FW_WBA_V1.0.0RC1, STM32Cube_FW_WBA_V1.0.0RC3, STM32Cube_FW_WB_V1.15.0RC1, STM32Cube_FW_WB_V1.16.0, STM32Cube_FW_WB_V1.16.0RC2, STM32Cube_FW_WL_V1.3.0, X-CUBE-ALGOBUILD_V1.3.0, X-CUBE-ALS_V1.0.1, X-CUBE-AZRTOS-F4_V1.1.0, X-CUBE-AZRTOS-F7_V1.1.0, X-CUBE-AZRTOS-G0_V1.1.0, X-CUBE-AZRTOS-G4_V1.0.0, X-CUBE-AZRTOS-H7_V3.0.0, X-CUBE-AZRTOS-L4_V1.0.0, X-CUBE-AZRTOS-L5_V1.1.0, X-CUBE-AZRTOS-WB_V1.1.0, X-CUBE-AZRTOS-WL_V1.0.0, X-CUBE-BLE1_V6.2.4, X-CUBE-BLE2_V3.3.0, X-CUBE-BLEMGR_V1.3.0, X-CUBE-EEPRMA1_V4.1.0, X-CUBE-FREERTOS_V1.0.1, X-CUBE-GNSS1_V6.0.0, X-CUBE-MEMS1_V9.1.0, X-CUBE-MEMS1_V9.4.0, X-CUBE-MEMS1_V9.5.0, X-CUBE-NFC4_V3.0.0, X-CUBE-NFC7_V1.0.0, X-CUBE-SFXS2LP1_V4.0.0, X-CUBE-SUBG2_V5.0.0]
2023-05-14 13:34:12,310 [INFO] DbBoardsSqlite:226 - include board P-NUCLEO-WB55-NUCLEO as a kit item of type 'Nucleo-64'
2023-05-14 13:34:12,310 [INFO] DbBoardsSqlite:226 - include board P-NUCLEO-WB55-USBDONGLE as a kit item of type 'Nucleo USB Dongle'
2023-05-14 13:34:12,310 [INFO] DbBoardsSqlite:226 - include board STEVAL-IDP005V1 as a kit item of type 'Evaluation Board'
2023-05-14 13:34:12,310 [INFO] DbBoardsSqlite:226 - include board STEVAL-IDP005V2 as a kit item of type 'Evaluation Board'
2023-05-14 13:34:12,334 [INFO] ApiDb:240 - Found 297 in-development CPN: [B-G473E-ZEST1S, B-WB1M-WPAN1, B-WL5M-SUBG1, NUCLEO-C031C6, NUCLEO-H503RB, NUCLEO-H563ZI, NUCLEO-U545RE-Q, NUCLEO-U5A5ZJ-Q, NUCLEO-WBA52CG, STEVAL-PROTEUS1, STEVAL-STWINBX1, STM320518-EVAL, STM32C0116-DK, STM32C011D6Y3TR, STM32C011D6Y6TR, STM32C011F4P3, STM32C011F4P6, STM32C011F4U3, STM32C011F4U6TR, STM32C011F6P3, STM32C011F6P6, STM32C011F6U3, STM32C011F6U6TR, STM32C011J4M3, STM32C011J4M6, STM32C011J6M3, STM32C011J6M6, STM32C0316-DK, STM32C031C4T3, STM32C031C4T6, STM32C031C4U3, STM32C031C4U6, STM32C031C6T3, STM32C031C6T6, STM32C031C6U3, STM32C031C6U6, STM32C031F4P3, STM32C031F4P6, STM32C031F6P3, STM32C031F6P6, STM32C031G4U3, STM32C031G4U6, STM32C031G6U3, STM32C031G6U6, STM32C031K4T3, STM32C031K4T6, STM32C031K4U3, STM32C031K4U6, STM32C031K6T3, STM32C031K6T6, STM32C031K6U3, STM32C031K6U6, STM32G071K8TXN, STM32G071K8UXN, STM32G081GBU6N, STM32G081KBT6N, STM32G081KBUXN, STM32G0B1CCT6N, STM32G0B1KCT6, STM32G0B1NEY6TR, STM32G0B1RCT6N, STM32G0C1CCT6, STM32G0C1CCT6N, STM32G0C1CCU6N, STM32G0C1CET6N, STM32G0C1CEU6N, STM32G0C1KCT6, STM32G0C1NEY6TR, STM32G0C1RCI6N, STM32G0C1RCT6N, STM32G0C1REI6N, STM32G0C1RET6N, STM32G0C1VCI6, STM32G0C1VEI6, STM32G471CCT6, STM32G471CCU6, STM32G471CET3, STM32G471CET6, STM32G471CEU3, STM32G471CEU6, STM32G471MCT6, STM32G471MET3, STM32G471MET6, STM32G471MEY6TR, STM32G471QCT6, STM32G471QET3, STM32G471RCT6, STM32G471RET3, STM32G471RET6, STM32G471VCH6, STM32G471VCI6, STM32G471VCT6, STM32G471VEH3, STM32G471VEH6, STM32G471VEI3, STM32G471VEI6, STM32G471VET3, STM32G471VET6, STM32G474CCT6, STM32H503CBT6, STM32H503CBU6, STM32H503EBY6TR, STM32H503KBU6, STM32H503RBT6, STM32H562AGI6, STM32H562AII6, STM32H562IGK6, STM32H562IGT6, STM32H562IIK6, STM32H562IIT6, STM32H562RGT6, STM32H562RGV6, STM32H562RIT6, STM32H562RIV6, STM32H562VGT6, STM32H562VIT6, STM32H562ZGT6, STM32H562ZIT6, STM32H563AGI6, STM32H563AII3Q, STM32H563AII6, STM32H563IGK6, STM32H563IGT6, STM32H563IIK3Q, STM32H563IIK6, STM32H563IIT3Q, STM32H563IIT6, STM32H563MIY3QTR, STM32H563RGT6, STM32H563RGV6, STM32H563RIT6, STM32H563RIV6, STM32H563VGT6, STM32H563VIT3Q, STM32H563VIT6, STM32H563ZGT6, STM32H563ZIT3Q, STM32H563ZIT6, STM32H573AII3Q, STM32H573AII6, STM32H573I-DK, STM32H573IIK3Q, STM32H573IIK6, STM32H573IIT3Q, STM32H573IIT6, STM32H573MIY3QTR, STM32H573RIT6, STM32H573RIV6, STM32H573VIT3Q, STM32H573VIT6, STM32H573ZIT3Q, STM32H573ZIT6, STM32L4R5QGI6STR, STM32MP131AAE3, STM32MP131AAF3, STM32MP131AAG3, STM32MP131CAE3, STM32MP131CAF3, STM32MP131CAG3, STM32MP131DAE7, STM32MP131DAF7, STM32MP131DAG7, STM32MP131FAE7, STM32MP131FAF7, STM32MP131FAG7, STM32MP133AAE3, STM32MP133AAF3, STM32MP133AAG3, STM32MP133CAE3, STM32MP133CAF3, STM32MP133CAG3, STM32MP133DAE7, STM32MP133DAF7, STM32MP133DAG7, STM32MP133FAE7, STM32MP133FAF7, STM32MP133FAG7, STM32MP135AAE3, STM32MP135AAF3, STM32MP135AAG3, STM32MP135CAE3, STM32MP135CAF3, STM32MP135CAG3, STM32MP135DAE7, STM32MP135DAF7, STM32MP135DAG7, STM32MP135F-DK, STM32MP135FAE7, STM32MP135FAF7, STM32MP135FAF7T, STM32MP135FAF7U, STM32MP135FAG7, STM32U535CBT6, STM32U535CBT6Q, STM32U535CBU6, STM32U535CBU6Q, STM32U535CCT6, STM32U535CCT6Q, STM32U535CCU6, STM32U535CCU6Q, STM32U535CET6, STM32U535CET6Q, STM32U535CEU6, STM32U535CEU6Q, STM32U535JEY6QTR, STM32U535NCY6QTR, STM32U535NEY6QTR, STM32U535RBI6, STM32U535RBI6Q, STM32U535RBT6, STM32U535RBT6Q, STM32U535RCI6, STM32U535RCI6Q, STM32U535RCT6, STM32U535RCT6Q, STM32U535REI6, STM32U535REI6Q, STM32U535RET6, STM32U535RET6Q, STM32U535VCI6, STM32U535VCI6Q, STM32U535VCT6, STM32U535VCT6Q, STM32U535VEI6, STM32U535VEI6Q, STM32U535VET6, STM32U535VET6Q, STM32U545CET6, STM32U545CET6Q, STM32U545CEU6, STM32U545CEU6Q, STM32U545JEY6QTR, STM32U545NEY6QTR, STM32U545REI6, STM32U545REI6Q, STM32U545RET6, STM32U545RET6Q, STM32U545VEI6, STM32U545VEI6Q, STM32U545VET6, STM32U545VET6Q, STM32U595AIH6, STM32U595AIH6Q, STM32U595AJH6, STM32U595AJH6Q, STM32U595QII6, STM32U595QII6Q, STM32U595QJI6, STM32U595QJI6Q, STM32U595RIT6, STM32U595RIT6Q, STM32U595RJT6, STM32U595RJT6Q, STM32U595VIT6, STM32U595VIT6Q, STM32U595VJT6, STM32U595VJT6Q, STM32U595ZIT6, STM32U595ZIT6Q, STM32U595ZIY6QTR, STM32U595ZJT6, STM32U595ZJT6Q, STM32U595ZJY6QTR, STM32U599BJY6QTR, STM32U599NIH6Q, STM32U599NJH6Q, STM32U599VIT6Q, STM32U599VJT6, STM32U599VJT6Q, STM32U599ZIT6Q, STM32U599ZIY6QTR, STM32U599ZJT6Q, STM32U599ZJY6QTR, STM32U5A5AJH6, STM32U5A5AJH6Q, STM32U5A5QJI6, STM32U5A5QJI6Q, STM32U5A5RJT6, STM32U5A5RJT6Q, STM32U5A5VJT6, STM32U5A5VJT6Q, STM32U5A5ZJT6, STM32U5A5ZJT6Q, STM32U5A5ZJY6QTR, STM32U5A9BJY6QTR, STM32U5A9J-DK, STM32U5A9NJH6Q, STM32U5A9VJT6Q, STM32U5A9ZJT6Q, STM32U5A9ZJY6QTR, STM32WB1MMCH6, STM32WBA52CEU6, STM32WBA52CEU6T, STM32WBA52CGU6, STM32WBA52CGU6T, STM32WL5MOCH6, STM32WL5MOCH6TR]
2023-05-14 13:34:12,421 [INFO] BoardInfo:880 - No configuration file found for board P-NUCLEO-WB55
2023-05-14 13:34:12,421 [INFO] DbBoards:157 - Kit is not supported: P-NUCLEO-WB55
2023-05-14 13:34:12,424 [INFO] BoardInfo:880 - No configuration file found for board STEVAL-BFA001V1B
2023-05-14 13:34:12,424 [INFO] DbBoards:157 - Kit is not supported: STEVAL-BFA001V1B
2023-05-14 13:34:12,425 [INFO] BoardInfo:880 - No configuration file found for board STEVAL-BFA001V2B
2023-05-14 13:34:12,425 [INFO] DbBoards:157 - Kit is not supported: STEVAL-BFA001V2B
2023-05-14 13:34:12,499 [INFO] DbBoards:161 - Found 187 boards, 184 are supported
2023-05-14 13:34:12,502 [INFO] ApiDb:423 - Load user favorites file /Users/neelbagayatkar/.stm32cubeide/favorites.boards.txt: 1 item(s)
2023-05-14 13:34:12,503 [INFO] ApiDb:427 - User favorites Boards=[STM32F3DISCOVERY]
2023-05-14 13:34:12,503 [INFO] DbBoards:190 - Set 1 / 1 favorites Boards
2023-05-14 13:34:12,505 [INFO] ApiDb:668 - CubeFinder database Data Model version=2.1
2023-05-14 13:34:12,505 [INFO] ApiDb:669 - CubeFinder database Configuration version=3.0.35
2023-05-14 13:34:12,505 [INFO] ApiDb:670 - CubeFinder database generation date=2023-04-03 (1680511692)
2023-05-14 13:34:12,505 [INFO] ApiDb:671 - CubeFinder database FW Pack versions=[FP-ATR-ASTRA1_V2.0.0, STM32Cube_FW_C0_V1.0.1, STM32Cube_FW_F0_V1.11.4, STM32Cube_FW_F3_V1.11.4, STM32Cube_FW_F4_V1.27.1, STM32Cube_FW_F7_V1.17.0, STM32Cube_FW_G0_V1.6.1, STM32Cube_FW_G4_V1.5.1, STM32Cube_FW_H5_V0.5.1, STM32Cube_FW_H5_V1.0.0, STM32Cube_FW_H7_V1.11.0, STM32Cube_FW_L0_V1.12.2, STM32Cube_FW_L5_V1.5.0, STM32Cube_FW_U5_V1.2.0, STM32Cube_FW_WBA_V1.0.0, STM32Cube_FW_WBA_V1.0.0RC1, STM32Cube_FW_WBA_V1.0.0RC3, STM32Cube_FW_WB_V1.15.0RC1, STM32Cube_FW_WB_V1.16.0, STM32Cube_FW_WB_V1.16.0RC2, STM32Cube_FW_WL_V1.3.0, X-CUBE-ALGOBUILD_V1.3.0, X-CUBE-ALS_V1.0.1, X-CUBE-AZRTOS-F4_V1.1.0, X-CUBE-AZRTOS-F7_V1.1.0, X-CUBE-AZRTOS-G0_V1.1.0, X-CUBE-AZRTOS-G4_V1.0.0, X-CUBE-AZRTOS-H7_V3.0.0, X-CUBE-AZRTOS-L4_V1.0.0, X-CUBE-AZRTOS-L5_V1.1.0, X-CUBE-AZRTOS-WB_V1.1.0, X-CUBE-AZRTOS-WL_V1.0.0, X-CUBE-BLE1_V6.2.4, X-CUBE-BLE2_V3.3.0, X-CUBE-BLEMGR_V1.3.0, X-CUBE-EEPRMA1_V4.1.0, X-CUBE-FREERTOS_V1.0.1, X-CUBE-GNSS1_V6.0.0, X-CUBE-MEMS1_V9.1.0, X-CUBE-MEMS1_V9.4.0, X-CUBE-MEMS1_V9.5.0, X-CUBE-NFC4_V3.0.0, X-CUBE-NFC7_V1.0.0, X-CUBE-SFXS2LP1_V4.0.0, X-CUBE-SUBG2_V5.0.0]
2023-05-14 13:34:13,163 [WARN] PackLoader:240 - Cannot read IP mode file for STMicroelectronics.X-CUBE-GNSS1.6.0.0
2023-05-14 13:34:13,227 [WARN] PackLoader:240 - Cannot read IP mode file for STMicroelectronics.X-CUBE-AZRTOS-F4.1.1.0
2023-05-14 13:34:13,270 [WARN] PackLoader:240 - Cannot read IP mode file for STMicroelectronics.X-CUBE-SMBUS.2.1.0
2023-05-14 13:34:13,304 [INFO] DbExamplesSqlite:376 - Ignored 46 examples not supported by CubeIDE
2023-05-14 13:34:13,305 [INFO] DbExamplesSqlite:377 - Found 7336 examples active
2023-05-14 13:34:13,306 [INFO] DbExamplesSqlite:378 - Found 1095 examples obsolete
2023-05-14 13:34:13,307 [INFO] DbExamplesSqlite:379 - Found 0 examples under development
2023-05-14 13:34:13,308 [INFO] DbExamplesSqlite:380 - Found 77 examples not building
2023-05-14 13:34:13,311 [INFO] DbExamples:125 - Found 7367 examples
2023-05-14 13:34:13,316 [WARN] PackLoader:240 - Cannot read IP mode file for STMicroelectronics.X-CUBE-AZRTOS-F7.1.1.0
2023-05-14 13:34:13,328 [INFO] DbExamples:222 - Found 92 boards with related examples
2023-05-14 13:34:13,330 [INFO] DbExamples:235 - Found 78 MCUs with related examples
2023-05-14 13:34:13,350 [INFO] ApiDb:423 - Load user favorites file /Users/neelbagayatkar/.stm32cubeide/favorites.examples.txt: 0 item(s)
2023-05-14 13:34:13,351 [INFO] ApiDb:427 - User favorites Examples=[]
2023-05-14 13:34:13,351 [INFO] DbExamples:250 - Set 0 / 0 favorites Examples
2023-05-14 13:34:13,562 [WARN] PackLoader:240 - Cannot read IP mode file for STMicroelectronics.X-CUBE-MEMS1.9.6.0
2023-05-14 13:34:13,836 [ERROR] RealEvaluatedCondition:428 - Found unsupported composite condition: GROUP='STM32_MetaDataManager' CLASS='Data Exchange'
2023-05-14 13:34:13,837 [ERROR] RealEvaluatedCondition:428 - Found unsupported composite condition: GROUP='STM32_MetaDataManager' CLASS='Data Exchange'
2023-05-14 13:34:13,845 [INFO] McuFinderGlobals:66 - Set McuFinderConnectedMode to true
2023-05-14 13:34:13,863 [WARN] PackLoader:240 - Cannot read IP mode file for STMicroelectronics.FP-SNS-MOTENV1.4.3.0
2023-05-14 13:34:13,867 [INFO] MultiScanPanel:200 - Auto-refresh data requested => check proxy status ongoing
2023-05-14 13:34:13,872 [INFO] FinderPluginLoader:95 - Searching for filters in installed packs
2023-05-14 13:34:13,880 [WARN] PackLoader:240 - Cannot read IP mode file for STMicroelectronics.FP-SNS-FLIGHT1.5.0.0
2023-05-14 13:34:13,895 [WARN] PackLoader:240 - Cannot read IP mode file for STMicroelectronics.X-CUBE-BLE1.6.2.4
2023-05-14 13:34:13,933 [WARN] PackLoader:240 - Cannot read IP mode file for emotas.I-CUBE-CANOPEN.1.1.3
2023-05-14 13:34:13,952 [WARN] PackLoader:240 - Cannot read IP mode file for STMicroelectronics.X-CUBE-BLEMGR.2.0.0
2023-05-14 13:34:13,989 [WARN] ConditionMgr:438 - getConditionDescription Invalid condition id : UX DEVICE CLASS RTOS Condition cause : null
2023-05-14 13:34:13,990 [WARN] ConditionMgr:438 - getConditionDescription Invalid condition id : UX DEVICE CLASS RTOS Condition cause : null
2023-05-14 13:34:14,003 [WARN] PackLoader:240 - Cannot read IP mode file for STMicroelectronics.X-CUBE-AZRTOS-H7.3.1.0
2023-05-14 13:34:14,008 [WARN] ConditionMgr:1039 - genDependencies : Invalid condition id : UX DEVICE CLASS RTOS Condition cause : null
2023-05-14 13:34:14,009 [WARN] ConditionMgr:1039 - genDependencies : Invalid condition id : UX DEVICE CLASS RTOS Condition cause : null
2023-05-14 13:34:14,010 [WARN] ConditionMgr:1039 - genDependencies : Invalid condition id : UX DEVICE CLASS RTOS Condition cause : null
2023-05-14 13:34:14,011 [WARN] ConditionMgr:1039 - genDependencies : Invalid condition id : UX DEVICE CLASS RTOS Condition cause : null
2023-05-14 13:34:14,011 [WARN] ConditionMgr:1039 - genDependencies : Invalid condition id : UX DEVICE CLASS RTOS Condition cause : null
2023-05-14 13:34:14,026 [WARN] PackLoader:240 - Cannot read IP mode file for STMicroelectronics.X-CUBE-DISPLAY.3.0.0
2023-05-14 13:34:14,043 [WARN] PackLoader:240 - Cannot read IP mode file for wolfSSL.I-CUBE-wolfSSL.5.5.4
2023-05-14 13:34:14,054 [WARN] PackLoader:240 - Cannot read IP mode file for STMicroelectronics.X-CUBE-NFC7.1.0.0
2023-05-14 13:34:14,064 [WARN] PackLoader:240 - Cannot read IP mode file for STMicroelectronics.X-CUBE-EEPRMA1.4.1.0
2023-05-14 13:34:14,080 [WARN] PackLoader:240 - Cannot read IP mode file for WES.I-CUBE-Cesium.1.3.0
2023-05-14 13:34:14,099 [WARN] PackLoader:240 - Cannot read IP mode file for STMicroelectronics.X-CUBE-SFXS2LP1.4.0.0
2023-05-14 13:34:14,107 [WARN] PackLoader:240 - Cannot read IP mode file for STMicroelectronics.X-CUBE-BLE2.3.3.0
2023-05-14 13:34:14,120 [WARN] PackLoader:240 - Cannot read IP mode file for STMicroelectronics.X-CUBE-TOF1.3.2.0
2023-05-14 13:34:14,203 [WARN] PackLoader:240 - Cannot read IP mode file for STMicroelectronics.X-CUBE-AZRTOS-H7.3.0.0
2023-05-14 13:34:14,213 [WARN] PackLoader:240 - Cannot read IP mode file for STMicroelectronics.X-CUBE-ISPU.1.1.0
2023-05-14 13:34:14,225 [WARN] PackLoader:240 - Cannot read IP mode file for RoweBots.I-CUBE-UNISONRTOS.5.5.0-4
2023-05-14 13:34:14,229 [WARN] PackLoader:240 - Cannot read IP mode file for STMicroelectronics.X-CUBE-AI.8.0.0
2023-05-14 13:34:14,237 [WARN] PackLoader:240 - Cannot read IP mode file for STMicroelectronics.X-CUBE-FREERTOS.1.0.0
2023-05-14 13:34:14,241 [WARN] PackLoader:240 - Cannot read IP mode file for STMicroelectronics.X-CUBE-FREERTOS.1.0.1
2023-05-14 13:34:14,259 [WARN] PackLoader:240 - Cannot read IP mode file for STMicroelectronics.X-CUBE-TOUCHGFX.4.21.1
2023-05-14 13:34:14,270 [WARN] PackLoader:240 - Cannot read IP mode file for STMicroelectronics.X-CUBE-TOUCHGFX.4.21.3
2023-05-14 13:34:14,276 [WARN] PackLoader:240 - Cannot read IP mode file for STMicroelectronics.X-CUBE-ALGOBUILD.1.3.0
2023-05-14 13:34:14,295 [WARN] PackLoader:240 - Cannot read IP mode file for STMicroelectronics.X-CUBE-AZRTOS-L5.1.1.0
2023-05-14 13:34:14,379 [WARN] PackLoader:240 - Cannot read IP mode file for STMicroelectronics.X-CUBE-AZRTOS-G0.1.1.0
2023-05-14 13:34:14,416 [WARN] PackLoader:240 - Cannot read IP mode file for STMicroelectronics.X-CUBE-SUBG2.5.0.0
2023-05-14 13:34:14,439 [WARN] PackLoader:240 - Cannot read IP mode file for STMicroelectronics.X-CUBE-NFC4.3.0.0
2023-05-14 13:34:14,462 [WARN] PackLoader:240 - Cannot read IP mode file for STMicroelectronics.X-CUBE-AZRTOS-G4.2.0.0
2023-05-14 13:34:14,479 [WARN] PackLoader:240 - Cannot read IP mode file for STMicroelectronics.X-CUBE-TOF1.3.3.0
2023-05-14 13:34:14,501 [WARN] PackLoader:240 - Cannot read IP mode file for STMicroelectronics.FP-ATR-ASTRA1.1.1.1
2023-05-14 13:34:14,523 [WARN] PackLoader:240 - Cannot read IP mode file for STMicroelectronics.X-CUBE-AZRTOS-G4.1.0.0
2023-05-14 13:34:14,530 [WARN] PackLoader:240 - Cannot read IP mode file for STMicroelectronics.FP-ATR-SIGFOX1.3.2.0
2023-05-14 13:34:14,555 [WARN] PackLoader:240 - Cannot read IP mode file for STMicroelectronics.X-CUBE-AZRTOS-L4.1.0.0
2023-05-14 13:34:14,665 [WARN] PackLoader:240 - Cannot read IP mode file for STMicroelectronics.X-CUBE-AZRTOS-WL.1.0.0
2023-05-14 13:34:14,733 [WARN] PackLoader:240 - Cannot read IP mode file for portGmbH.I-Cube-SoM-uGOAL.1.1.0
2023-05-14 13:34:14,738 [WARN] PackLoader:240 - Cannot read IP mode file for STMicroelectronics.X-CUBE-ALS.1.0.1
2023-05-14 13:34:14,796 [WARN] PackLoader:240 - Cannot read IP mode file for STMicroelectronics.X-CUBE-MEMS1.9.5.0
2023-05-14 13:34:14,975 [WARN] PackLoader:240 - Cannot read IP mode file for STMicroelectronics.X-CUBE-AZRTOS-WB.1.1.0
2023-05-14 13:34:15,047 [WARN] PackLoader:240 - Cannot read IP mode file for SEGGER.I-CUBE-embOS.1.3.1
2023-05-14 13:34:15,108 [WARN] PackLoader:240 - Cannot read IP mode file for STMicroelectronics.FP-ATR-ASTRA1.2.0.0
2023-05-14 13:34:15,113 [INFO] ThirdParty:978 - Integrity check success = true
2023-05-14 13:34:15,113 [INFO] IntegrityCheckThread:100 - exiting critical section [integrity check]
2023-05-14 13:34:15,114 [INFO] IntegrityCheckThread:103 - End integrity checks thread
2023-05-14 13:34:15,661 [INFO] LoadUrlFilesThread:185 - End of LoadServerUrlFiles without Thread
2023-05-14 13:34:15,675 [INFO] DetailPanel:341 - Set advertising image to /Users/neelbagayatkar/STM32Cube/Repository//en.prom-stm32h5-mcu-finder.jpg
2023-05-14 13:34:38,708 [INFO] MainUpdater:2854 - connection check result : 10
2023-05-14 13:34:38,710 [INFO] MainUpdater:2854 - connection check result : 10
2023-05-14 13:34:39,224 [INFO] MicroXplorer:468 - Change Database Path : 
2023-05-14 13:34:39,224 [INFO] MicroXplorer:498 - Change Database Version : DB.6.0.80
2023-05-14 13:34:39,226 [WARN] ThirdParty:871 - waiting for thirdparty lock release [close project]
2023-05-14 13:34:39,226 [INFO] ThirdParty:873 - entering critical section [close project]
2023-05-14 13:34:39,231 [INFO] ThirdParty:883 - exiting critical section [close project]
2023-05-14 13:34:39,240 [INFO] PinOutPanel:1499 - setPackage(No Configuration,No Configuration)
2023-05-14 13:34:39,261 [INFO] UtilMem:75 - Begin LoadConfig() Used Memory: 574940896 Bytes (702545920)
2023-05-14 13:34:39,265 [INFO] MicroXplorer:468 - Change Database Path : 
2023-05-14 13:34:39,265 [INFO] MicroXplorer:498 - Change Database Version : DB.6.0.80
2023-05-14 13:34:39,265 [INFO] OpenFileManager:308 - Change cursor
2023-05-14 13:34:39,379 [INFO] Mcu:1937 - Initializing MCU STM32F303V(B-C)Tx STM32F303VCTx STM32F303VCT6
2023-05-14 13:34:41,030 [INFO] Context:659 - Trying to add GPIOservice into a context  which must be forbidden
2023-05-14 13:34:42,079 [INFO] RtosManager:555 - Registered RTOS mode: class=CMSIS, group=RTOS, mode=CMSIS_V1, owner=FREERTOS
2023-05-14 13:34:42,081 [INFO] RtosManager:555 - Registered RTOS mode: class=CMSIS, group=RTOS2, mode=CMSIS_V2, owner=FREERTOS
2023-05-14 13:34:42,081 [INFO] RtosManager:555 - Registered RTOS mode: class=RTOS, group=Core, mode=CMSIS_V1, owner=FREERTOS
2023-05-14 13:34:42,081 [INFO] RtosManager:555 - Registered RTOS mode: class=RTOS, group=Core, mode=CMSIS_V2, owner=FREERTOS
2023-05-14 13:34:42,088 [WARN] ModelIntegratedComponent:184 - Missing modes for component STMicroelectronics:FreeRTOS:0.0.1:STMicroelectronics:RTOS:FreeRTOS:Core:::10.2.0:
2023-05-14 13:34:42,109 [WARN] ModelIntegratedComponent:63 - No mode defined for component null
2023-05-14 13:34:42,109 [WARN] ModelIntegratedComponent:63 - No mode defined for component null
2023-05-14 13:34:42,109 [WARN] ModelIntegratedComponent:63 - No mode defined for component null
2023-05-14 13:34:42,109 [WARN] ModelIntegratedComponent:63 - No mode defined for component null
2023-05-14 13:34:42,109 [WARN] ModelIntegratedComponent:63 - No mode defined for component null
2023-05-14 13:34:42,109 [WARN] ModelIntegratedComponent:63 - No mode defined for component null
2023-05-14 13:34:42,109 [WARN] ModelIntegratedComponent:63 - No mode defined for component null
2023-05-14 13:34:42,109 [WARN] ModelIntegratedComponent:63 - No mode defined for component null
2023-05-14 13:34:42,109 [WARN] ModelIntegratedComponent:63 - No mode defined for component null
2023-05-14 13:34:42,110 [WARN] ModelIntegratedComponent:63 - No mode defined for component null
2023-05-14 13:34:42,110 [WARN] ModelIntegratedComponent:63 - No mode defined for component null
2023-05-14 13:34:42,110 [WARN] ModelIntegratedComponent:63 - No mode defined for component null
2023-05-14 13:34:42,110 [WARN] ModelIntegratedComponent:63 - No mode defined for component null
2023-05-14 13:34:42,110 [WARN] ModelIntegratedComponent:63 - No mode defined for component null
2023-05-14 13:34:42,110 [WARN] ModelIntegratedComponent:63 - No mode defined for component null
2023-05-14 13:34:42,110 [WARN] ModelIntegratedComponent:63 - No mode defined for component null
2023-05-14 13:34:42,110 [WARN] ModelIntegratedComponent:63 - No mode defined for component null
2023-05-14 13:34:42,110 [WARN] ModelIntegratedComponent:63 - No mode defined for component null
2023-05-14 13:34:42,110 [WARN] ModelIntegratedComponent:63 - No mode defined for component null
2023-05-14 13:34:42,110 [WARN] ModelIntegratedComponent:63 - No mode defined for component null
2023-05-14 13:34:42,110 [WARN] ModelIntegratedComponent:63 - No mode defined for component null
2023-05-14 13:34:42,110 [WARN] ModelIntegratedComponent:63 - No mode defined for component null
2023-05-14 13:34:42,110 [WARN] ModelIntegratedComponent:63 - No mode defined for component null
2023-05-14 13:34:42,110 [WARN] ModelIntegratedComponent:63 - No mode defined for component null
2023-05-14 13:34:42,110 [WARN] ModelIntegratedComponent:63 - No mode defined for component null
2023-05-14 13:34:42,110 [WARN] ModelIntegratedComponent:63 - No mode defined for component null
2023-05-14 13:34:42,110 [WARN] ModelIntegratedComponent:63 - No mode defined for component null
2023-05-14 13:34:42,110 [WARN] ModelIntegratedComponent:63 - No mode defined for component null
2023-05-14 13:34:42,110 [WARN] ModelIntegratedComponent:63 - No mode defined for component null
2023-05-14 13:34:42,110 [WARN] ModelIntegratedComponent:63 - No mode defined for component null
2023-05-14 13:34:42,110 [WARN] ModelIntegratedComponent:63 - No mode defined for component null
2023-05-14 13:34:42,110 [WARN] ModelIntegratedComponent:63 - No mode defined for component null
2023-05-14 13:34:42,110 [WARN] ModelIntegratedComponent:63 - No mode defined for component null
2023-05-14 13:34:42,251 [INFO] ThirdPartyModel:298 - Start build external matchings
2023-05-14 13:34:42,764 [INFO] ThirdPartyModel:316 - End build external matchings
2023-05-14 13:34:42,848 [INFO] ImportTextPane:194 - (OptionalMessage_ERROR) IP (DMA) : Parameter (Instance) has Id (TIM2_CH1) currently not set
2023-05-14 13:34:42,848 [INFO] ImportTextPane:194 - (OptionalMessage_ERROR) IP (DMA) : Parameter (Direction) has Id (TIM2_CH1) currently not set
2023-05-14 13:34:42,849 [INFO] ImportTextPane:194 - (OptionalMessage_ERROR) IP (DMA) : Parameter (PeriphInc) has Id (TIM2_CH1) currently not set
2023-05-14 13:34:42,849 [INFO] ImportTextPane:194 - (OptionalMessage_ERROR) IP (DMA) : Parameter (MemInc) has Id (TIM2_CH1) currently not set
2023-05-14 13:34:42,849 [INFO] ImportTextPane:194 - (OptionalMessage_ERROR) IP (DMA) : Parameter (PeriphDataAlignment) has Id (TIM2_CH1) currently not set
2023-05-14 13:34:42,849 [INFO] ImportTextPane:194 - (OptionalMessage_ERROR) IP (DMA) : Parameter (MemDataAlignment) has Id (TIM2_CH1) currently not set
2023-05-14 13:34:42,850 [INFO] ImportTextPane:194 - (OptionalMessage_ERROR) IP (DMA) : Parameter (Mode) has Id (TIM2_CH1) currently not set
2023-05-14 13:34:42,850 [INFO] ImportTextPane:194 - (OptionalMessage_ERROR) IP (DMA) : Parameter (Priority) has Id (TIM2_CH1) currently not set
2023-05-14 13:34:42,866 [INFO] ImportTextPane:194 - (OptionalMessage_ERROR) IP (RCC) : Invalid parameter (FamilyName)
2023-05-14 13:34:42,869 [INFO] ImportTextPane:194 - (OptionalMessage_ERROR) IP (RCC) : Invalid parameter (TIM2Freq_Value)
2023-05-14 13:34:43,253 [INFO] UtilMem:75 - End LoadConfig() Used Memory: 579010248 Bytes (702545920)
2023-05-14 13:34:43,399 [WARN] ThirdParty:833 - waiting for thirdparty lock release [change project]
2023-05-14 13:34:43,404 [INFO] ThirdParty:835 - entering critical section [change project]
2023-05-14 13:34:43,405 [INFO] ThirdParty:1030 - CMSIS Pack Vendor :STMicroelectronics X-CUBE-ISPU 1.1.0
2023-05-14 13:34:43,406 [INFO] ThirdParty:1030 - CMSIS Pack Vendor :RoweBots I-CUBE-UNISONRTOS 5.5.0-4
2023-05-14 13:34:43,406 [INFO] ThirdParty:1030 - CMSIS Pack Vendor :STMicroelectronics X-CUBE-GNSS1 6.0.0
2023-05-14 13:34:43,406 [INFO] ThirdParty:1030 - CMSIS Pack Vendor :STMicroelectronics USB_HOST 2.0.0
2023-05-14 13:34:43,406 [INFO] ThirdParty:1030 - CMSIS Pack Vendor :STMicroelectronics X-CUBE-AZRTOS-F4 1.1.0
2023-05-14 13:34:43,406 [INFO] ThirdParty:1030 - CMSIS Pack Vendor :STMicroelectronics LIBJPEG 8.0.0
2023-05-14 13:34:43,406 [INFO] ThirdParty:1030 - CMSIS Pack Vendor :STMicroelectronics X-CUBE-SMBUS 2.1.0
2023-05-14 13:34:43,406 [INFO] ThirdParty:1030 - CMSIS Pack Vendor :STMicroelectronics USB_DEVICE 3.0.0
2023-05-14 13:34:43,406 [INFO] ThirdParty:1030 - CMSIS Pack Vendor :STMicroelectronics X-CUBE-AI 8.0.0
2023-05-14 13:34:43,406 [INFO] ThirdParty:1030 - CMSIS Pack Vendor :STMicroelectronics X-CUBE-FREERTOS 1.0.0
2023-05-14 13:34:43,406 [INFO] ThirdParty:1030 - CMSIS Pack Vendor :STMicroelectronics X-CUBE-FREERTOS 1.0.1
2023-05-14 13:34:43,406 [INFO] ThirdParty:1030 - CMSIS Pack Vendor :STMicroelectronics X-CUBE-TOUCHGFX 4.21.1
2023-05-14 13:34:43,406 [INFO] ThirdParty:1030 - CMSIS Pack Vendor :STMicroelectronics X-CUBE-TOUCHGFX 4.21.3
2023-05-14 13:34:43,406 [INFO] ThirdParty:1030 - CMSIS Pack Vendor :STMicroelectronics X-CUBE-AZRTOS-F7 1.1.0
2023-05-14 13:34:43,406 [INFO] ThirdParty:1030 - CMSIS Pack Vendor :STMicroelectronics USB_DEVICE 2.0.0
2023-05-14 13:34:43,406 [INFO] ThirdParty:1030 - CMSIS Pack Vendor :STMicroelectronics X-CUBE-MEMS1 9.6.0
2023-05-14 13:34:43,406 [INFO] ThirdParty:1030 - CMSIS Pack Vendor :STMicroelectronics FP-SNS-MOTENV1 4.3.0
2023-05-14 13:34:43,406 [INFO] ThirdParty:1030 - CMSIS Pack Vendor :STMicroelectronics FP-SNS-FLIGHT1 5.0.0
2023-05-14 13:34:43,406 [INFO] ThirdParty:1030 - CMSIS Pack Vendor :STMicroelectronics X-CUBE-ALGOBUILD 1.3.0
2023-05-14 13:34:43,406 [INFO] ThirdParty:1030 - CMSIS Pack Vendor :STMicroelectronics X-CUBE-BLE1 6.2.4
2023-05-14 13:34:43,406 [INFO] ThirdParty:1030 - CMSIS Pack Vendor :STMicroelectronics X-CUBE-AZRTOS-L5 1.1.0
2023-05-14 13:34:43,406 [INFO] ThirdParty:1030 - CMSIS Pack Vendor :STMicroelectronics FreeRTOS 0.0.1
2023-05-14 13:34:43,406 [INFO] ThirdParty:1030 - CMSIS Pack Vendor :emotas I-CUBE-CANOPEN 1.1.3
2023-05-14 13:34:43,406 [INFO] ThirdParty:1030 - CMSIS Pack Vendor :STMicroelectronics X-CUBE-AZRTOS-G0 1.1.0
2023-05-14 13:34:43,406 [INFO] ThirdParty:1030 - CMSIS Pack Vendor :STMicroelectronics X-CUBE-BLEMGR 2.0.0
2023-05-14 13:34:43,406 [INFO] ThirdParty:1030 - CMSIS Pack Vendor :STMicroelectronics X-CUBE-SUBG2 5.0.0
2023-05-14 13:34:43,406 [INFO] ThirdParty:1030 - CMSIS Pack Vendor :STMicroelectronics X-CUBE-NFC4 3.0.0
2023-05-14 13:34:43,406 [INFO] ThirdParty:1030 - CMSIS Pack Vendor :STMicroelectronics STM32_WPAN 1.0.0
2023-05-14 13:34:43,406 [INFO] ThirdParty:1030 - CMSIS Pack Vendor :STMicroelectronics lwIP 2.0.3
2023-05-14 13:34:43,406 [INFO] ThirdParty:1030 - CMSIS Pack Vendor :STMicroelectronics USB_HOST 1.0.0
2023-05-14 13:34:43,406 [INFO] ThirdParty:1030 - CMSIS Pack Vendor :STMicroelectronics X-CUBE-AZRTOS-G4 2.0.0
2023-05-14 13:34:43,406 [INFO] ThirdParty:1030 - CMSIS Pack Vendor :STMicroelectronics PDM2PCM 3.1.0
2023-05-14 13:34:43,406 [INFO] ThirdParty:1030 - CMSIS Pack Vendor :STMicroelectronics X-CUBE-AZRTOS-H7 3.1.0
2023-05-14 13:34:43,406 [INFO] ThirdParty:1030 - CMSIS Pack Vendor :STMicroelectronics X-CUBE-TOF1 3.3.0
2023-05-14 13:34:43,406 [INFO] ThirdParty:1030 - CMSIS Pack Vendor :STMicroelectronics FP-ATR-ASTRA1 1.1.1
2023-05-14 13:34:43,406 [INFO] ThirdParty:1030 - CMSIS Pack Vendor :STMicroelectronics PDM2PCM 3.3.0
2023-05-14 13:34:43,406 [INFO] ThirdParty:1030 - CMSIS Pack Vendor :STMicroelectronics X-CUBE-DISPLAY 3.0.0
2023-05-14 13:34:43,406 [INFO] ThirdParty:1030 - CMSIS Pack Vendor :STMicroelectronics X-CUBE-AZRTOS-G4 1.0.0
2023-05-14 13:34:43,407 [INFO] ThirdParty:1030 - CMSIS Pack Vendor :STMicroelectronics FP-ATR-SIGFOX1 3.2.0
2023-05-14 13:34:43,407 [INFO] ThirdParty:1030 - CMSIS Pack Vendor :wolfSSL I-CUBE-wolfSSL 5.5.4
2023-05-14 13:34:43,407 [INFO] ThirdParty:1030 - CMSIS Pack Vendor :STMicroelectronics X-CUBE-AZRTOS-L4 1.0.0
2023-05-14 13:34:43,407 [INFO] ThirdParty:1030 - CMSIS Pack Vendor :STMicroelectronics HAL Drivers 0.0.0
2023-05-14 13:34:43,407 [INFO] ThirdParty:1030 - CMSIS Pack Vendor :STMicroelectronics MBEDTLS 2.16.2
2023-05-14 13:34:43,407 [INFO] ThirdParty:1030 - CMSIS Pack Vendor :STMicroelectronics MBEDTLS 2.14.1
2023-05-14 13:34:43,407 [INFO] ThirdParty:1030 - CMSIS Pack Vendor :STMicroelectronics X-CUBE-NFC7 1.0.0
2023-05-14 13:34:43,407 [INFO] ThirdParty:1030 - CMSIS Pack Vendor :STMicroelectronics X-CUBE-AZRTOS-WL 1.0.0
2023-05-14 13:34:43,407 [INFO] ThirdParty:1030 - CMSIS Pack Vendor :STMicroelectronics X-CUBE-EEPRMA1 4.1.0
2023-05-14 13:34:43,407 [INFO] ThirdParty:1030 - CMSIS Pack Vendor :portGmbH I-Cube-SoM-uGOAL 1.1.0
2023-05-14 13:34:43,407 [INFO] ThirdParty:1030 - CMSIS Pack Vendor :STMicroelectronics X-CUBE-ALS 1.0.1
2023-05-14 13:34:43,407 [INFO] ThirdParty:1030 - CMSIS Pack Vendor :STMicroelectronics X-CUBE-MEMS1 9.5.0
2023-05-14 13:34:43,407 [INFO] ThirdParty:1030 - CMSIS Pack Vendor :STMicroelectronics ThreadX 1.0.0
2023-05-14 13:34:43,407 [INFO] ThirdParty:1030 - CMSIS Pack Vendor :STMicroelectronics X-CUBE-AZRTOS-WB 1.1.0
2023-05-14 13:34:43,407 [INFO] ThirdParty:1030 - CMSIS Pack Vendor :SEGGER I-CUBE-embOS 1.3.1
2023-05-14 13:34:43,407 [INFO] ThirdParty:1030 - CMSIS Pack Vendor :STMicroelectronics USB_DEVICE 1.0.0
2023-05-14 13:34:43,407 [INFO] ThirdParty:1030 - CMSIS Pack Vendor :STMicroelectronics ThreadX 0.0.2
2023-05-14 13:34:43,407 [INFO] ThirdParty:1030 - CMSIS Pack Vendor :WES I-CUBE-Cesium 1.3.0
2023-05-14 13:34:43,407 [INFO] ThirdParty:1030 - CMSIS Pack Vendor :STMicroelectronics FP-ATR-ASTRA1 2.0.0
2023-05-14 13:34:43,407 [INFO] ThirdParty:1030 - CMSIS Pack Vendor :STMicroelectronics lwIP 2.1.2
2023-05-14 13:34:43,407 [INFO] ThirdParty:1030 - CMSIS Pack Vendor :STMicroelectronics X-CUBE-SFXS2LP1 4.0.0
2023-05-14 13:34:43,407 [INFO] ThirdParty:1030 - CMSIS Pack Vendor :STMicroelectronics X-CUBE-BLE2 3.3.0
2023-05-14 13:34:43,407 [INFO] ThirdParty:1030 - CMSIS Pack Vendor :STMicroelectronics X-CUBE-TOF1 3.2.0
2023-05-14 13:34:43,407 [INFO] ThirdParty:1030 - CMSIS Pack Vendor :STMicroelectronics PDM2PCM 3.2.0
2023-05-14 13:34:43,407 [INFO] ThirdParty:1030 - CMSIS Pack Vendor :STMicroelectronics X-CUBE-AZRTOS-H7 3.0.0
2023-05-14 13:34:43,411 [INFO] ThirdParty:841 - exiting critical section [change project]
2023-05-14 13:34:44,263 [INFO] PinOutPanel:1499 - setPackage(No Configuration,No Configuration)
2023-05-14 13:34:44,268 [INFO] PinOutPanel:1499 - setPackage(STM32F303VCTx,LQFP100)
2023-05-14 13:34:45,376 [INFO] UtilMem:75 - Before build in PCC Used Memory: 547499832 Bytes (702545920)
2023-05-14 13:34:46,328 [INFO] UtilMem:75 - After build in PCC Used Memory: 565107320 Bytes (702545920)
2023-05-14 13:34:46,466 [INFO] IPUIPlugin:80 - create IPUIPlugin
2023-05-14 13:34:46,472 [INFO] IPUIPlugin:80 - create IPUIPlugin
2023-05-14 13:34:46,472 [INFO] IPUIPlugin:80 - create IPUIPlugin
2023-05-14 13:34:46,472 [INFO] IPUIPlugin:80 - create IPUIPlugin
2023-05-14 13:34:46,475 [INFO] IPUIPlugin:80 - create IPUIPlugin
2023-05-14 13:34:46,477 [INFO] IPUIPlugin:80 - create IPUIPlugin
2023-05-14 13:34:46,477 [INFO] IPUIPlugin:80 - create IPUIPlugin
2023-05-14 13:34:46,477 [INFO] IPUIPlugin:80 - create IPUIPlugin
2023-05-14 13:34:46,477 [INFO] IPUIPlugin:80 - create IPUIPlugin
2023-05-14 13:34:46,477 [INFO] IPUIPlugin:80 - create IPUIPlugin
2023-05-14 13:34:46,477 [INFO] IPUIPlugin:80 - create IPUIPlugin
2023-05-14 13:34:46,477 [INFO] IPUIPlugin:80 - create IPUIPlugin
2023-05-14 13:34:46,478 [INFO] IPUIPlugin:80 - create IPUIPlugin
2023-05-14 13:34:46,478 [INFO] IPUIPlugin:80 - create IPUIPlugin
2023-05-14 13:34:46,478 [INFO] IPUIPlugin:80 - create IPUIPlugin
2023-05-14 13:34:46,478 [INFO] IPUIPlugin:80 - create IPUIPlugin
2023-05-14 13:34:46,479 [INFO] IPUIPlugin:80 - create IPUIPlugin
2023-05-14 13:34:46,481 [INFO] IPUIPlugin:80 - create IPUIPlugin
2023-05-14 13:34:46,482 [INFO] IPUIPlugin:80 - create IPUIPlugin
2023-05-14 13:34:46,482 [INFO] IPUIPlugin:80 - create IPUIPlugin
2023-05-14 13:34:46,482 [INFO] IPUIPlugin:80 - create IPUIPlugin
2023-05-14 13:34:46,482 [INFO] IPUIPlugin:80 - create IPUIPlugin
2023-05-14 13:34:46,483 [INFO] IPUIPlugin:80 - create IPUIPlugin
2023-05-14 13:34:46,483 [INFO] IPUIPlugin:80 - create IPUIPlugin
2023-05-14 13:34:46,483 [INFO] IPUIPlugin:80 - create IPUIPlugin
2023-05-14 13:34:46,483 [INFO] IPUIPlugin:80 - create IPUIPlugin
2023-05-14 13:34:46,483 [INFO] IPUIPlugin:80 - create IPUIPlugin
2023-05-14 13:34:46,483 [INFO] IPUIPlugin:80 - create IPUIPlugin
2023-05-14 13:34:46,484 [INFO] IPUIPlugin:80 - create IPUIPlugin
2023-05-14 13:34:46,484 [INFO] IPUIPlugin:80 - create IPUIPlugin
2023-05-14 13:34:46,484 [INFO] IPUIPlugin:80 - create IPUIPlugin
2023-05-14 13:34:46,484 [INFO] IPUIPlugin:80 - create IPUIPlugin
2023-05-14 13:34:46,484 [INFO] IPUIPlugin:80 - create IPUIPlugin
2023-05-14 13:34:46,484 [INFO] IPUIPlugin:80 - create IPUIPlugin
2023-05-14 13:34:46,484 [INFO] IPUIPlugin:80 - create IPUIPlugin
2023-05-14 13:34:46,484 [INFO] IPUIPlugin:80 - create IPUIPlugin
2023-05-14 13:34:46,484 [INFO] IPUIPlugin:80 - create IPUIPlugin
2023-05-14 13:34:46,484 [INFO] IPUIPlugin:80 - create IPUIPlugin
2023-05-14 13:34:46,484 [INFO] IPUIPlugin:80 - create IPUIPlugin
2023-05-14 13:34:46,484 [INFO] IPUIPlugin:80 - create IPUIPlugin
2023-05-14 13:34:46,485 [INFO] IPUIPlugin:80 - create IPUIPlugin
2023-05-14 13:34:46,485 [INFO] IPUIPlugin:80 - create IPUIPlugin
2023-05-14 13:34:46,485 [INFO] IPUIPlugin:80 - create IPUIPlugin
2023-05-14 13:34:46,485 [INFO] IPUIPlugin:80 - create IPUIPlugin
2023-05-14 13:34:46,485 [INFO] IPUIPlugin:80 - create IPUIPlugin
2023-05-14 13:34:46,485 [INFO] IPUIPlugin:80 - create IPUIPlugin
2023-05-14 13:34:46,485 [INFO] IPUIPlugin:80 - create IPUIPlugin
2023-05-14 13:34:46,485 [INFO] IPUIPlugin:80 - create IPUIPlugin
2023-05-14 13:34:46,485 [INFO] IPUIPlugin:80 - create IPUIPlugin
2023-05-14 13:34:46,485 [INFO] IPUIPlugin:80 - create IPUIPlugin
2023-05-14 13:34:46,485 [INFO] IPUIPlugin:80 - create IPUIPlugin
2023-05-14 13:34:46,486 [INFO] IPUIPlugin:80 - create IPUIPlugin
2023-05-14 13:34:46,486 [INFO] IPUIPlugin:80 - create IPUIPlugin
2023-05-14 13:34:46,486 [INFO] IPUIPlugin:80 - create IPUIPlugin
2023-05-14 13:34:46,487 [INFO] IPUIPlugin:80 - create IPUIPlugin
2023-05-14 13:34:46,979 [INFO] CADModel:165 - CPN selected for project levelSTM32F303VCT6
2023-05-14 13:34:46,979 [INFO] CADModel:114 - Register for checkConnection events
2023-05-14 13:34:47,026 [INFO] OpenFileManager:328 - Restore cursor
2023-05-14 13:34:47,443 [WARN] IP:2113 - lpm_enable not found: check if there is a RefParameter without a condition.
2023-05-14 13:34:47,446 [WARN] IP:2113 - lpm_enable not found: check if there is a RefParameter without a condition.
2023-05-14 13:34:48,800 [INFO] UtilMem:75 - End SaveConfig() Used Memory: 556709440 Bytes (702545920)
2023-05-14 13:34:48,907 [INFO] UtilMem:75 - End SaveConfig() Used Memory: 583506608 Bytes (702545920)
2023-05-14 13:34:49,440 [INFO] BlockDiagram:2759 - set Specific Code input for plugin: SPI
2023-05-14 13:34:49,441 [INFO] BlockDiagram:2759 - set Specific Code input for plugin: TIM1_8F3
2023-05-14 13:34:49,441 [INFO] BlockDiagram:2759 - set Specific Code input for plugin: TIM1_8F3
2023-05-14 13:34:49,441 [INFO] BlockDiagram:2759 - set Specific Code input for plugin: SYS
2023-05-14 13:34:49,441 [INFO] BlockDiagram:2759 - set Specific Code input for plugin: RCC
2023-05-14 13:34:49,441 [INFO] BlockDiagram:2759 - set Specific Code input for plugin: I2C
2023-05-14 13:34:49,441 [INFO] BlockDiagram:2759 - set Specific Code input for plugin: NVIC
2023-05-14 13:34:49,441 [INFO] BlockDiagram:2759 - set Specific Code input for plugin: USART
2023-05-14 13:34:49,441 [INFO] BlockDiagram:2759 - set Specific Code input for plugin: DMA
2023-05-14 13:34:49,441 [INFO] BlockDiagram:2759 - set Specific Code input for plugin: USB
2023-05-14 13:34:49,441 [INFO] BlockDiagram:2759 - set Specific Code input for plugin: GPIO
2023-05-14 13:34:49,442 [INFO] CodeGenerator:793 - code generatio: config db path: /Applications/STM32CubeIDE.app/Contents/Eclipse/plugins/com.st.stm32cube.common.mx_6.8.0.202302231600//db/
2023-05-14 13:34:49,614 [WARN] IP:2113 - lpm_enable not found: check if there is a RefParameter without a condition.
2023-05-14 13:34:49,966 [INFO] CodeEngine:255 - oldGeneratedFile, /Users/neelbagayatkar/Documents/Project/MajorProject_Manshatronics/try/MXTmpFiles/license.tmp_save
2023-05-14 13:34:50,500 [INFO] CodeEngine:279 - Generated code: /Users/neelbagayatkar/Documents/Project/MajorProject_Manshatronics/try/MXTmpFiles/license.tmp
2023-05-14 13:34:50,770 [INFO] CodeEngine:255 - oldGeneratedFile, /Users/neelbagayatkar/Documents/Project/MajorProject_Manshatronics/try/MXTmpFiles/gpio.tmp_save
2023-05-14 13:34:51,005 [INFO] CodeEngine:279 - Generated code: /Users/neelbagayatkar/Documents/Project/MajorProject_Manshatronics/try/MXTmpFiles/gpio.tmp
2023-05-14 13:34:52,253 [INFO] CodeEngine:255 - oldGeneratedFile, /Users/neelbagayatkar/Documents/Project/MajorProject_Manshatronics/try/MXTmpFiles/dma.tmp_save
2023-05-14 13:34:52,372 [INFO] CodeEngine:279 - Generated code: /Users/neelbagayatkar/Documents/Project/MajorProject_Manshatronics/try/MXTmpFiles/dma.tmp
2023-05-14 13:34:52,374 [INFO] CodeEngine:255 - oldGeneratedFile, /Users/neelbagayatkar/Documents/Project/MajorProject_Manshatronics/try/MXTmpFiles/dma_GV.tmp_save
2023-05-14 13:34:52,519 [INFO] CodeEngine:279 - Generated code: /Users/neelbagayatkar/Documents/Project/MajorProject_Manshatronics/try/MXTmpFiles/dma_GV.tmp
2023-05-14 13:34:52,559 [INFO] CodeEngine:255 - oldGeneratedFile, /Users/neelbagayatkar/Documents/Project/MajorProject_Manshatronics/try/Core/Src/stm32f3xx_it.c_save
2023-05-14 13:34:52,905 [INFO] CodeEngine:279 - Generated code: /Users/neelbagayatkar/Documents/Project/MajorProject_Manshatronics/try/Core/Src/stm32f3xx_it.c
2023-05-14 13:34:52,906 [INFO] CodeEngine:255 - oldGeneratedFile, /Users/neelbagayatkar/Documents/Project/MajorProject_Manshatronics/try/Core/Inc/stm32f3xx_it.h_save
2023-05-14 13:34:53,001 [INFO] CodeEngine:279 - Generated code: /Users/neelbagayatkar/Documents/Project/MajorProject_Manshatronics/try/Core/Inc/stm32f3xx_it.h
2023-05-14 13:34:53,009 [INFO] CodeEngine:255 - oldGeneratedFile, /Users/neelbagayatkar/Documents/Project/MajorProject_Manshatronics/try/Core/Src/stm32f3xx_hal_msp.c_save
2023-05-14 13:34:53,144 [INFO] CodeEngine:279 - Generated code: /Users/neelbagayatkar/Documents/Project/MajorProject_Manshatronics/try/Core/Src/stm32f3xx_hal_msp.c
2023-05-14 13:34:53,147 [INFO] CodeEngine:255 - oldGeneratedFile, /Users/neelbagayatkar/Documents/Project/MajorProject_Manshatronics/try/MXTmpFiles/system.tmp_save
2023-05-14 13:34:53,221 [INFO] CodeEngine:279 - Generated code: /Users/neelbagayatkar/Documents/Project/MajorProject_Manshatronics/try/MXTmpFiles/system.tmp
2023-05-14 13:34:53,225 [INFO] CodeEngine:311 - oldGeneratedFile, /Users/neelbagayatkar/Documents/Project/MajorProject_Manshatronics/try/Core/Inc/stm32f3xx_hal_conf.h_save
2023-05-14 13:34:53,280 [INFO] CodeEngine:335 - Generated code: /Users/neelbagayatkar/Documents/Project/MajorProject_Manshatronics/try/Core/Inc/stm32f3xx_hal_conf.h
2023-05-14 13:34:53,376 [WARN] IPConfigManager:3431 - IP not found : TIM
2023-05-14 13:34:53,377 [WARN] CodeGenerator:3754 - IP not found : null
2023-05-14 13:34:53,380 [INFO] CodeEngine:255 - oldGeneratedFile, /Users/neelbagayatkar/Documents/Project/MajorProject_Manshatronics/try/Core/Inc/main.h_save
2023-05-14 13:34:53,490 [INFO] CodeEngine:279 - Generated code: /Users/neelbagayatkar/Documents/Project/MajorProject_Manshatronics/try/Core/Inc/main.h
2023-05-14 13:34:53,493 [INFO] CodeEngine:255 - oldGeneratedFile, /Users/neelbagayatkar/Documents/Project/MajorProject_Manshatronics/try/Core/Src/main.c_save
2023-05-14 13:34:53,666 [INFO] CodeEngine:279 - Generated code: /Users/neelbagayatkar/Documents/Project/MajorProject_Manshatronics/try/Core/Src/main.c
2023-05-14 13:34:54,396 [INFO] ProjectBuilder:2996 - Time for Copy HAL[1] : 70mS.
2023-05-14 13:34:54,419 [INFO] ProjectBuilder:4304 - Project Generator version: 3.19.2
2023-05-14 13:34:54,978 [INFO] ConfigFileManager:1483 - The Die is : DIE422
2023-05-14 13:34:55,007 [INFO] ApiDbMcu:507 - Load IP Config File for FATFS
2023-05-14 13:34:55,014 [INFO] ApiDbMcu:507 - Load IP Config File for FREERTOS
2023-05-14 13:34:55,023 [INFO] ApiDbMcu:507 - Load IP Config File for TOUCHSENSING
2023-05-14 13:34:55,030 [INFO] ApiDbMcu:507 - Load IP Config File for USB_DEVICE
2023-05-14 13:34:56,120 [INFO] LogOutputStream:77 - [STDOUT_REDIRECT] 
2023-05-14 13:34:58,867 [INFO] ProjectBuilder:4505 - Time for Generating toolchain IDE Files: 4432mS.
2023-05-14 13:34:58,879 [INFO] ProjectBuilder:2867 - Time for Copy CMSIS : 3mS.
2023-05-14 13:34:58,881 [INFO] ProjectBuilder:2867 - Time for Copy CMSIS : 0mS.
2023-05-14 13:35:00,329 [INFO] McuFinderGlobals:66 - Set McuFinderConnectedMode to true
2023-05-14 13:35:00,479 [INFO] ApiDb:448 - Save user favorites file /Users/neelbagayatkar/.stm32cubeide/favorites.mcus.txt: 0 item(s)
2023-05-14 13:35:00,481 [INFO] ApiDb:452 - User favorites MCUs=[]
2023-05-14 13:41:02,376 [INFO] Activator:176 - 


2023-05-14 13:41:02,378 [INFO] Activator:177 - !SESSION log4j initialized
2023-05-14 13:41:07,100 [ERROR] LogOutputStream:75 - [STDERR_REDIRECT] 
2023-05-14 13:41:07,587 [INFO] LogOutputStream:77 - [STDOUT_REDIRECT] 
2023-05-14 13:41:09,106 [INFO] LogOutputStream:77 - [STDOUT_REDIRECT] 
2023-05-14 13:41:31,211 [ERROR] LogOutputStream:75 - [STDERR_REDIRECT] SLF4J: Failed to load class "org.slf4j.impl.StaticLoggerBinder".
2023-05-14 13:41:31,214 [ERROR] LogOutputStream:75 - [STDERR_REDIRECT] SLF4J: Defaulting to no-operation (NOP) logger implementation
2023-05-14 13:41:31,214 [ERROR] LogOutputStream:75 - [STDERR_REDIRECT] SLF4J: See http://www.slf4j.org/codes.html#StaticLoggerBinder for further details.
2023-05-14 13:42:22,250 [ERROR] ApiDbMcu:1630 - Can't use Application install path:
2023-05-14 13:42:22,255 [WARN] RulesReader:66 - Compatibility file://mcu/compatibility.xml not found
2023-05-14 13:43:51,685 [INFO] McuFinderGlobals:53 - Set McuFinder mode to 2 (CubeIDE integrated)
2023-05-14 13:43:51,796 [INFO] ApplicationProperties:184 - Using Application install path: /Applications/STM32CubeIDE.app/Contents/Eclipse/plugins/com.st.stm32cube.common.mx_6.8.0.202302231600
2023-05-14 13:43:51,806 [INFO] DbMcusXml:78 - Set database path to: /Applications/STM32CubeIDE.app/Contents/Eclipse/plugins/com.st.stm32cube.common.mx_6.8.0.202302231600//db//mcu/
2023-05-14 13:43:51,806 [INFO] ApiDb:274 - Set plugin database path to: /Applications/STM32CubeIDE.app/Contents/Eclipse/plugins/com.st.stm32cube.common.mx_6.8.0.202302231600//db//plugins/boardmanager/
2023-05-14 13:43:51,809 [WARN] ApiDb:259 - Overriding images path with different value:  => /Applications/STM32CubeIDE.app/Contents/Eclipse/plugins/com.st.stm32cube.common.mx_6.8.0.202302231600//db//plugins/mcufinder/images/
2023-05-14 13:43:51,831 [INFO] ApiDb:250 - Set database path to: /Users/neelbagayatkar/.stmcufinder/plugins/mcufinder//mcu/
2023-05-14 13:43:51,832 [INFO] DbMcusAds:125 - Set database path to: /Users/neelbagayatkar/.stmcufinder/plugins/mcufinder//mcu/
2023-05-14 13:43:51,835 [INFO] CrossReferenceDbSqlite:203 - Set database path to: /Users/neelbagayatkar/.stmcufinder/plugins/mcufinder//mcu/cs/
2023-05-14 13:43:51,873 [INFO] DbMcusXml:78 - Set database path to: /Applications/STM32CubeIDE.app/Contents/Eclipse/plugins/com.st.stm32cube.common.mx_6.8.0.202302231600//db//mcu/
2023-05-14 13:43:51,873 [INFO] ApiDb:274 - Set plugin database path to: /Applications/STM32CubeIDE.app/Contents/Eclipse/plugins/com.st.stm32cube.common.mx_6.8.0.202302231600//db//plugins/boardmanager/
2023-05-14 13:43:51,873 [INFO] ApiDb:261 - Set plugin images path to: /Applications/STM32CubeIDE.app/Contents/Eclipse/plugins/com.st.stm32cube.common.mx_6.8.0.202302231600//db//plugins/mcufinder/images/
2023-05-14 13:43:51,873 [WARN] DbFile:41 - Overriding database path with different value: /Users/neelbagayatkar/.stmcufinder/plugins/mcufinder/ => /Users/neelbagayatkar/.stmcufinder/plugins/mcufinder
2023-05-14 13:43:51,873 [INFO] ApiDb:250 - Set database path to: /Users/neelbagayatkar/.stmcufinder/plugins/mcufinder//mcu/
2023-05-14 13:43:51,873 [WARN] DbFile:41 - Overriding database path with different value: /Users/neelbagayatkar/.stmcufinder/plugins/mcufinder/ => /Users/neelbagayatkar/.stmcufinder/plugins/mcufinder
2023-05-14 13:43:51,873 [INFO] DbMcusAds:125 - Set database path to: /Users/neelbagayatkar/.stmcufinder/plugins/mcufinder//mcu/
2023-05-14 13:43:51,873 [WARN] DbFile:41 - Overriding database path with different value: /Users/neelbagayatkar/.stmcufinder/plugins/mcufinder/ => /Users/neelbagayatkar/.stmcufinder/plugins/mcufinder
2023-05-14 13:43:51,873 [WARN] DbFile:41 - Overriding database path with different value: /Users/neelbagayatkar/.stmcufinder/plugins/mcufinder/ => /Users/neelbagayatkar/.stmcufinder/plugins/mcufinder
2023-05-14 13:43:51,873 [INFO] CrossReferenceDbSqlite:203 - Set database path to: /Users/neelbagayatkar/.stmcufinder/plugins/mcufinder//mcu/cs/
2023-05-14 13:43:51,928 [INFO] MainPanel:253 - HeapMemory: 450887680
2023-05-14 13:43:51,988 [INFO] DbMcusXml:78 - Set database path to: /Applications/STM32CubeIDE.app/Contents/Eclipse/plugins/com.st.stm32cube.common.mx_6.8.0.202302231600//db//mcu/
2023-05-14 13:43:51,989 [INFO] ApiDb:274 - Set plugin database path to: /Applications/STM32CubeIDE.app/Contents/Eclipse/plugins/com.st.stm32cube.common.mx_6.8.0.202302231600//db//plugins/boardmanager/
2023-05-14 13:43:51,989 [INFO] ApiDb:261 - Set plugin images path to: /Applications/STM32CubeIDE.app/Contents/Eclipse/plugins/com.st.stm32cube.common.mx_6.8.0.202302231600//db//plugins/mcufinder/images/
2023-05-14 13:43:51,989 [WARN] DbFile:41 - Overriding database path with different value: /Users/neelbagayatkar/.stmcufinder/plugins/mcufinder/ => /Users/neelbagayatkar/.stmcufinder/plugins/mcufinder
2023-05-14 13:43:51,989 [INFO] ApiDb:250 - Set database path to: /Users/neelbagayatkar/.stmcufinder/plugins/mcufinder//mcu/
2023-05-14 13:43:51,989 [WARN] DbFile:41 - Overriding database path with different value: /Users/neelbagayatkar/.stmcufinder/plugins/mcufinder/ => /Users/neelbagayatkar/.stmcufinder/plugins/mcufinder
2023-05-14 13:43:51,989 [INFO] DbMcusAds:125 - Set database path to: /Users/neelbagayatkar/.stmcufinder/plugins/mcufinder//mcu/
2023-05-14 13:43:51,989 [WARN] DbFile:41 - Overriding database path with different value: /Users/neelbagayatkar/.stmcufinder/plugins/mcufinder/ => /Users/neelbagayatkar/.stmcufinder/plugins/mcufinder
2023-05-14 13:43:51,989 [WARN] DbFile:41 - Overriding database path with different value: /Users/neelbagayatkar/.stmcufinder/plugins/mcufinder/ => /Users/neelbagayatkar/.stmcufinder/plugins/mcufinder
2023-05-14 13:43:51,989 [INFO] CrossReferenceDbSqlite:203 - Set database path to: /Users/neelbagayatkar/.stmcufinder/plugins/mcufinder//mcu/cs/
2023-05-14 13:43:52,007 [INFO] ApplicationProperties:184 - Using Application install path: /Applications/STM32CubeIDE.app/Contents/Eclipse/plugins/com.st.stm32cube.common.mx_6.8.0.202302231600
2023-05-14 13:43:52,008 [INFO] PluginManage:196 - Search for loadable plugins [exclusion list=, ]
2023-05-14 13:43:52,011 [INFO] PluginManage:310 - Check plugin analytics
2023-05-14 13:43:52,207 [INFO] AnalyticsPlugin:253 - Accepted Software Licenses: 
2023-05-14 13:43:52,208 [INFO] AnalyticsPlugin:255 - Accepted CMSIS Pack Licenses: 
2023-05-14 13:43:52,209 [INFO] AnalyticsPlugin:257 - Accepted Firmware Licenses: 
2023-05-14 13:43:52,224 [INFO] PluginManage:359 - Loaded plugin analytics (category:tool,tabindex:-1)
2023-05-14 13:43:52,225 [INFO] PluginManage:310 - Check plugin cadmodel
2023-05-14 13:43:52,441 [INFO] CADModel:105 - Init CAD model plugin
2023-05-14 13:43:52,441 [INFO] PluginManage:359 - Loaded plugin cadmodel (category:power,tabindex:5)
2023-05-14 13:43:52,442 [INFO] PluginManage:310 - Check plugin clock
2023-05-14 13:43:52,452 [INFO] PluginManage:359 - Loaded plugin clock (category:base,tabindex:2)
2023-05-14 13:43:52,452 [INFO] PluginManage:310 - Check plugin ddr
2023-05-14 13:43:52,454 [INFO] PluginManage:359 - Loaded plugin ddr (category:tool,tabindex:6)
2023-05-14 13:43:52,454 [INFO] PluginManage:310 - Check plugin filemanager
2023-05-14 13:43:52,561 [INFO] PluginManage:359 - Loaded plugin filemanager (category:base,tabindex:10)
2023-05-14 13:43:52,562 [INFO] PluginManage:310 - Check plugin ipmanager
2023-05-14 13:43:52,570 [INFO] PluginManage:359 - Loaded plugin ipmanager (category:base,tabindex:5)
2023-05-14 13:43:52,570 [INFO] PluginManage:310 - Check plugin lpbam
2023-05-14 13:43:52,577 [INFO] PluginManage:359 - Loaded plugin lpbam (category:base,tabindex:0)
2023-05-14 13:43:52,577 [INFO] PluginManage:310 - Check plugin pinoutandconfiguration
2023-05-14 13:43:52,583 [INFO] PluginManage:359 - Loaded plugin pinoutandconfiguration (category:base,tabindex:1)
2023-05-14 13:43:52,583 [INFO] PluginManage:310 - Check plugin pinoutconfig
2023-05-14 13:43:52,665 [WARN] SupportedApi:132 - Cannot load RTOS API schema: s4s-elt-must-match.1: The content of 'definitions' must match (annotation?, (simpleType | complexType)?, (unique | key | keyref)*)). A problem was found starting at: attribute.
2023-05-14 13:43:52,982 [INFO] PluginManage:359 - Loaded plugin pinoutconfig (category:base,tabindex:0)
2023-05-14 13:43:52,984 [INFO] PluginManage:310 - Check plugin power
2023-05-14 13:43:53,015 [INFO] PluginManage:359 - Loaded plugin power (category:power,tabindex:4)
2023-05-14 13:43:53,015 [INFO] PluginManage:310 - Check plugin projectmanager
2023-05-14 13:43:53,065 [INFO] PluginManage:359 - Loaded plugin projectmanager (category:projectmanager,tabindex:3)
2023-05-14 13:43:53,065 [INFO] PluginManage:310 - Check plugin thirdparty
2023-05-14 13:43:53,177 [INFO] PluginManage:359 - Loaded plugin thirdparty (category:base,tabindex:-1)
2023-05-14 13:43:53,177 [INFO] PluginManage:310 - Check plugin tools
2023-05-14 13:43:53,177 [WARN] IntegrityCheckThread:84 - waiting for thirdparty lock release [integrity check]
2023-05-14 13:43:53,181 [INFO] IntegrityCheckThread:86 - entering critical section [integrity check]
2023-05-14 13:43:53,182 [INFO] PluginManage:359 - Loaded plugin tools (category:base,tabindex:7)
2023-05-14 13:43:53,182 [INFO] PluginManage:310 - Check plugin tutovideos
2023-05-14 13:43:53,183 [INFO] ThirdPartyUpdaterWithRetryManager:70 - Updater plugin not ready yet. [1/15]
2023-05-14 13:43:53,342 [INFO] PluginManage:359 - Loaded plugin tutovideos (category:base,tabindex:-1)
2023-05-14 13:43:53,342 [INFO] PluginManage:310 - Check plugin updater
2023-05-14 13:43:53,363 [INFO] PluginManage:359 - Loaded plugin updater (category:base,tabindex:12)
2023-05-14 13:43:53,364 [INFO] PluginManage:283 - PluginManage : Loaded plugins [15]
2023-05-14 13:43:53,570 [INFO] PinOutPanel:1499 - setPackage(No Configuration,No Configuration)
2023-05-14 13:43:53,610 [INFO] CADModel:165 - CPN selected for project level
2023-05-14 13:43:53,610 [INFO] CADModel:114 - Register for checkConnection events
2023-05-14 13:43:53,620 [INFO] IPUIPlugin:80 - create IPUIPlugin
2023-05-14 13:43:53,620 [INFO] PluginManager:220 - loadIPPluginJar : add mdma
2023-05-14 13:43:53,625 [INFO] IPUIPlugin:80 - create IPUIPlugin
2023-05-14 13:43:53,625 [INFO] PluginManager:220 - loadIPPluginJar : add freertos
2023-05-14 13:43:53,627 [INFO] IPUIPlugin:80 - create IPUIPlugin
2023-05-14 13:43:53,628 [INFO] PluginManager:220 - loadIPPluginJar : add gic
2023-05-14 13:43:53,632 [INFO] IPUIPlugin:80 - create IPUIPlugin
2023-05-14 13:43:53,632 [INFO] PluginManager:220 - loadIPPluginJar : add adc
2023-05-14 13:43:53,633 [INFO] IPUIPlugin:80 - create IPUIPlugin
2023-05-14 13:43:53,633 [INFO] PluginManager:220 - loadIPPluginJar : add gtzc
2023-05-14 13:43:53,633 [INFO] IPUIPlugin:80 - create IPUIPlugin
2023-05-14 13:43:53,633 [INFO] PluginManager:220 - loadIPPluginJar : add quadspi
2023-05-14 13:43:53,635 [INFO] IPUIPlugin:80 - create IPUIPlugin
2023-05-14 13:43:53,635 [INFO] PluginManager:220 - loadIPPluginJar : add aes
2023-05-14 13:43:53,636 [INFO] IPUIPlugin:80 - create IPUIPlugin
2023-05-14 13:43:53,636 [INFO] PluginManager:220 - loadIPPluginJar : add pdm2pcm
2023-05-14 13:43:53,637 [INFO] IPUIPlugin:80 - create IPUIPlugin
2023-05-14 13:43:53,637 [INFO] PluginManager:220 - loadIPPluginJar : add hash
2023-05-14 13:43:53,638 [INFO] IPUIPlugin:80 - create IPUIPlugin
2023-05-14 13:43:53,638 [INFO] PluginManager:220 - loadIPPluginJar : add tim
2023-05-14 13:43:53,639 [INFO] IPUIPlugin:80 - create IPUIPlugin
2023-05-14 13:43:53,639 [INFO] PluginManager:220 - loadIPPluginJar : add tsc
2023-05-14 13:43:53,639 [INFO] IPUIPlugin:80 - create IPUIPlugin
2023-05-14 13:43:53,640 [INFO] PluginManager:220 - loadIPPluginJar : add ts
2023-05-14 13:43:53,640 [INFO] IPUIPlugin:80 - create IPUIPlugin
2023-05-14 13:43:53,641 [INFO] PluginManager:220 - loadIPPluginJar : add can
2023-05-14 13:43:53,642 [INFO] IPUIPlugin:80 - create IPUIPlugin
2023-05-14 13:43:53,642 [INFO] PluginManager:220 - loadIPPluginJar : add dma3
2023-05-14 13:43:53,643 [INFO] IPUIPlugin:80 - create IPUIPlugin
2023-05-14 13:43:53,643 [INFO] PluginManager:220 - loadIPPluginJar : add dfsdm
2023-05-14 13:43:53,644 [INFO] IPUIPlugin:80 - create IPUIPlugin
2023-05-14 13:43:53,644 [INFO] PluginManager:220 - loadIPPluginJar : add spi
2023-05-14 13:43:53,645 [INFO] IPUIPlugin:80 - create IPUIPlugin
2023-05-14 13:43:53,645 [INFO] PluginManager:220 - loadIPPluginJar : add gfxmmu
2023-05-14 13:43:53,646 [INFO] IPUIPlugin:80 - create IPUIPlugin
2023-05-14 13:43:53,646 [INFO] PluginManager:220 - loadIPPluginJar : add genericplugin
2023-05-14 13:43:53,665 [INFO] IPUIPlugin:80 - create IPUIPlugin
2023-05-14 13:43:53,665 [INFO] PluginManager:220 - loadIPPluginJar : add cryp
2023-05-14 13:43:53,668 [INFO] IPUIPlugin:80 - create IPUIPlugin
2023-05-14 13:43:53,668 [INFO] PluginManager:220 - loadIPPluginJar : add gpio
2023-05-14 13:43:53,669 [INFO] IPUIPlugin:80 - create IPUIPlugin
2023-05-14 13:43:53,669 [INFO] PluginManager:220 - loadIPPluginJar : add comp
2023-05-14 13:43:53,669 [INFO] IPUIPlugin:80 - create IPUIPlugin
2023-05-14 13:43:53,669 [INFO] PluginManager:220 - loadIPPluginJar : add tracer_emb
2023-05-14 13:43:53,671 [INFO] IPUIPlugin:80 - create IPUIPlugin
2023-05-14 13:43:53,671 [INFO] PluginManager:220 - loadIPPluginJar : add openamp
2023-05-14 13:43:53,674 [INFO] IPUIPlugin:80 - create IPUIPlugin
2023-05-14 13:43:53,674 [INFO] PluginManager:220 - loadIPPluginJar : add stm32_wpan
2023-05-14 13:43:53,677 [INFO] IPUIPlugin:80 - create IPUIPlugin
2023-05-14 13:43:53,681 [INFO] PluginManager:220 - loadIPPluginJar : add plateformsettings
2023-05-14 13:43:53,682 [INFO] IPUIPlugin:80 - create IPUIPlugin
2023-05-14 13:43:53,682 [INFO] PluginManager:220 - loadIPPluginJar : add ipddr
2023-05-14 13:43:53,683 [INFO] IPUIPlugin:80 - create IPUIPlugin
2023-05-14 13:43:53,684 [INFO] PluginManager:220 - loadIPPluginJar : add usart
2023-05-14 13:43:53,685 [INFO] IPUIPlugin:80 - create IPUIPlugin
2023-05-14 13:43:53,685 [INFO] PluginManager:220 - loadIPPluginJar : add ltdc
2023-05-14 13:43:53,687 [INFO] IPUIPlugin:80 - create IPUIPlugin
2023-05-14 13:43:53,687 [INFO] PluginManager:220 - loadIPPluginJar : add nvic
2023-05-14 13:43:53,687 [INFO] IPUIPlugin:80 - create IPUIPlugin
2023-05-14 13:43:53,687 [INFO] PluginManager:220 - loadIPPluginJar : add fatfs
2023-05-14 13:43:53,697 [INFO] IPUIPlugin:80 - create IPUIPlugin
2023-05-14 13:43:53,697 [INFO] PluginManager:220 - loadIPPluginJar : add linkedlist
2023-05-14 13:43:53,700 [INFO] IPUIPlugin:80 - create IPUIPlugin
2023-05-14 13:43:53,700 [INFO] PluginManager:220 - loadIPPluginJar : add dma
2023-05-14 13:43:53,702 [INFO] IPUIPlugin:80 - create IPUIPlugin
2023-05-14 13:43:53,702 [INFO] PluginManager:220 - loadIPPluginJar : add fmc
2023-05-14 13:43:53,703 [INFO] IPUIPlugin:80 - create IPUIPlugin
2023-05-14 13:43:53,703 [INFO] PluginManager:220 - loadIPPluginJar : add i2s
2023-05-14 13:43:53,703 [INFO] IPUIPlugin:80 - create IPUIPlugin
2023-05-14 13:43:53,703 [INFO] PluginManager:220 - loadIPPluginJar : add ucpd
2023-05-14 13:43:53,704 [INFO] IPUIPlugin:80 - create IPUIPlugin
2023-05-14 13:43:53,705 [INFO] PluginManager:220 - loadIPPluginJar : add lorawan
2023-05-14 13:43:53,706 [INFO] IPUIPlugin:80 - create IPUIPlugin
2023-05-14 13:43:53,706 [INFO] PluginManager:220 - loadIPPluginJar : add opamp
2023-05-14 13:43:53,707 [INFO] IPUIPlugin:80 - create IPUIPlugin
2023-05-14 13:43:53,707 [INFO] PluginManager:220 - loadIPPluginJar : add i3c
2023-05-14 13:43:53,708 [INFO] IPUIPlugin:80 - create IPUIPlugin
2023-05-14 13:43:53,708 [INFO] PluginManager:220 - loadIPPluginJar : add touchsensing
2023-05-14 13:43:53,709 [INFO] IPUIPlugin:80 - create IPUIPlugin
2023-05-14 13:43:53,709 [INFO] PluginManager:220 - loadIPPluginJar : add i2c
2023-05-14 13:43:53,711 [INFO] IPUIPlugin:80 - create IPUIPlugin
2023-05-14 13:43:53,711 [INFO] PluginManager:220 - loadIPPluginJar : add resmgrutility
2023-05-14 13:43:53,712 [INFO] IPUIPlugin:80 - create IPUIPlugin
2023-05-14 13:43:53,712 [INFO] PluginManager:220 - loadIPPluginJar : add sai
2023-05-14 13:43:53,714 [INFO] IPUIPlugin:80 - create IPUIPlugin
2023-05-14 13:43:53,714 [INFO] PluginManager:220 - loadIPPluginJar : add usbx
2023-05-14 13:43:53,820 [INFO] CADModel:165 - CPN selected for project level
2023-05-14 13:43:53,820 [INFO] CADModel:114 - Register for checkConnection events
2023-05-14 13:43:53,821 [FATAL] Updater:308 - Updater called before beeing initialized
2023-05-14 13:43:53,821 [ERROR] CADModel:125 - Updater not yet initialized, retry later 
2023-05-14 13:43:53,969 [INFO] CADModel:165 - CPN selected for project level
2023-05-14 13:43:53,969 [INFO] CADModel:114 - Register for checkConnection events
2023-05-14 13:43:53,969 [FATAL] Updater:308 - Updater called before beeing initialized
2023-05-14 13:43:53,969 [ERROR] CADModel:125 - Updater not yet initialized, retry later 
2023-05-14 13:43:53,972 [FATAL] Updater:308 - Updater called before beeing initialized
2023-05-14 13:43:54,093 [FATAL] Updater:308 - Updater called before beeing initialized
2023-05-14 13:43:54,100 [INFO] DbMcusAds:53 - JSON generation date=Tue Mar 07 19:50:54 AEDT 2023 (1678179054945)
2023-05-14 13:43:54,100 [FATAL] Updater:308 - Updater called before beeing initialized
2023-05-14 13:43:54,145 [WARN] DetailPanel:346 - Failed to get advertising image, set to default
2023-05-14 13:43:54,331 [FATAL] Updater:308 - Updater called before beeing initialized
2023-05-14 13:43:54,347 [FATAL] Updater:308 - Updater called before beeing initialized
2023-05-14 13:43:54,347 [FATAL] Updater:308 - Updater called before beeing initialized
2023-05-14 13:43:54,348 [WARN] DetailPanel:346 - Failed to get advertising image, set to default
2023-05-14 13:43:54,373 [FATAL] Updater:308 - Updater called before beeing initialized
2023-05-14 13:43:54,484 [ERROR] Updater:1120 - MainUpdater not yet initialized. External WinMGr cannot be set.
2023-05-14 13:43:54,556 [INFO] Updater:1056 - Updater Version found : 6.8.0
2023-05-14 13:43:54,577 [INFO] ApplicationProperties:184 - Using Application install path: /Applications/STM32CubeIDE.app/Contents/Eclipse/plugins/com.st.stm32cube.common.mx_6.8.0.202302231600
2023-05-14 13:43:54,795 [INFO] MainUpdater:2854 - connection check result : 10
2023-05-14 13:43:54,795 [INFO] MainUpdater:283 - Updater Check For Update Now.
2023-05-14 13:43:54,796 [INFO] MicroXplorer:498 - Change Database Version : DB.6.0.80
2023-05-14 13:43:54,995 [INFO] CheckServerUpdateThread:120 - End of CheckServer Thread
2023-05-14 13:43:55,004 [INFO] MainUpdater:2854 - connection check result : 10
2023-05-14 13:43:55,989 [INFO] ApiDb:581 - Connected to CubeFinder SQLite database (/Users/neelbagayatkar/.stmcufinder/plugins/mcufinder/mcu/cube-finder-db.db)
2023-05-14 13:43:56,027 [INFO] ApiDb:668 - CubeFinder database Data Model version=2.1
2023-05-14 13:43:56,027 [INFO] ApiDb:669 - CubeFinder database Configuration version=3.0.35
2023-05-14 13:43:56,028 [INFO] ApiDb:670 - CubeFinder database generation date=2023-04-03 (1680511692)
2023-05-14 13:43:56,028 [INFO] ApiDb:671 - CubeFinder database FW Pack versions=[FP-ATR-ASTRA1_V2.0.0, STM32Cube_FW_C0_V1.0.1, STM32Cube_FW_F0_V1.11.4, STM32Cube_FW_F3_V1.11.4, STM32Cube_FW_F4_V1.27.1, STM32Cube_FW_F7_V1.17.0, STM32Cube_FW_G0_V1.6.1, STM32Cube_FW_G4_V1.5.1, STM32Cube_FW_H5_V0.5.1, STM32Cube_FW_H5_V1.0.0, STM32Cube_FW_H7_V1.11.0, STM32Cube_FW_L0_V1.12.2, STM32Cube_FW_L5_V1.5.0, STM32Cube_FW_U5_V1.2.0, STM32Cube_FW_WBA_V1.0.0, STM32Cube_FW_WBA_V1.0.0RC1, STM32Cube_FW_WBA_V1.0.0RC3, STM32Cube_FW_WB_V1.15.0RC1, STM32Cube_FW_WB_V1.16.0, STM32Cube_FW_WB_V1.16.0RC2, STM32Cube_FW_WL_V1.3.0, X-CUBE-ALGOBUILD_V1.3.0, X-CUBE-ALS_V1.0.1, X-CUBE-AZRTOS-F4_V1.1.0, X-CUBE-AZRTOS-F7_V1.1.0, X-CUBE-AZRTOS-G0_V1.1.0, X-CUBE-AZRTOS-G4_V1.0.0, X-CUBE-AZRTOS-H7_V3.0.0, X-CUBE-AZRTOS-L4_V1.0.0, X-CUBE-AZRTOS-L5_V1.1.0, X-CUBE-AZRTOS-WB_V1.1.0, X-CUBE-AZRTOS-WL_V1.0.0, X-CUBE-BLE1_V6.2.4, X-CUBE-BLE2_V3.3.0, X-CUBE-BLEMGR_V1.3.0, X-CUBE-EEPRMA1_V4.1.0, X-CUBE-FREERTOS_V1.0.1, X-CUBE-GNSS1_V6.0.0, X-CUBE-MEMS1_V9.1.0, X-CUBE-MEMS1_V9.4.0, X-CUBE-MEMS1_V9.5.0, X-CUBE-NFC4_V3.0.0, X-CUBE-NFC7_V1.0.0, X-CUBE-SFXS2LP1_V4.0.0, X-CUBE-SUBG2_V5.0.0]
2023-05-14 13:43:56,122 [INFO] DbBoardsSqlite:226 - include board P-NUCLEO-WB55-NUCLEO as a kit item of type 'Nucleo-64'
2023-05-14 13:43:56,122 [INFO] DbBoardsSqlite:226 - include board P-NUCLEO-WB55-USBDONGLE as a kit item of type 'Nucleo USB Dongle'
2023-05-14 13:43:56,123 [INFO] DbBoardsSqlite:226 - include board STEVAL-IDP005V1 as a kit item of type 'Evaluation Board'
2023-05-14 13:43:56,123 [INFO] DbBoardsSqlite:226 - include board STEVAL-IDP005V2 as a kit item of type 'Evaluation Board'
2023-05-14 13:43:56,212 [INFO] ApiDb:240 - Found 297 in-development CPN: [B-G473E-ZEST1S, B-WB1M-WPAN1, B-WL5M-SUBG1, NUCLEO-C031C6, NUCLEO-H503RB, NUCLEO-H563ZI, NUCLEO-U545RE-Q, NUCLEO-U5A5ZJ-Q, NUCLEO-WBA52CG, STEVAL-PROTEUS1, STEVAL-STWINBX1, STM320518-EVAL, STM32C0116-DK, STM32C011D6Y3TR, STM32C011D6Y6TR, STM32C011F4P3, STM32C011F4P6, STM32C011F4U3, STM32C011F4U6TR, STM32C011F6P3, STM32C011F6P6, STM32C011F6U3, STM32C011F6U6TR, STM32C011J4M3, STM32C011J4M6, STM32C011J6M3, STM32C011J6M6, STM32C0316-DK, STM32C031C4T3, STM32C031C4T6, STM32C031C4U3, STM32C031C4U6, STM32C031C6T3, STM32C031C6T6, STM32C031C6U3, STM32C031C6U6, STM32C031F4P3, STM32C031F4P6, STM32C031F6P3, STM32C031F6P6, STM32C031G4U3, STM32C031G4U6, STM32C031G6U3, STM32C031G6U6, STM32C031K4T3, STM32C031K4T6, STM32C031K4U3, STM32C031K4U6, STM32C031K6T3, STM32C031K6T6, STM32C031K6U3, STM32C031K6U6, STM32G071K8TXN, STM32G071K8UXN, STM32G081GBU6N, STM32G081KBT6N, STM32G081KBUXN, STM32G0B1CCT6N, STM32G0B1KCT6, STM32G0B1NEY6TR, STM32G0B1RCT6N, STM32G0C1CCT6, STM32G0C1CCT6N, STM32G0C1CCU6N, STM32G0C1CET6N, STM32G0C1CEU6N, STM32G0C1KCT6, STM32G0C1NEY6TR, STM32G0C1RCI6N, STM32G0C1RCT6N, STM32G0C1REI6N, STM32G0C1RET6N, STM32G0C1VCI6, STM32G0C1VEI6, STM32G471CCT6, STM32G471CCU6, STM32G471CET3, STM32G471CET6, STM32G471CEU3, STM32G471CEU6, STM32G471MCT6, STM32G471MET3, STM32G471MET6, STM32G471MEY6TR, STM32G471QCT6, STM32G471QET3, STM32G471RCT6, STM32G471RET3, STM32G471RET6, STM32G471VCH6, STM32G471VCI6, STM32G471VCT6, STM32G471VEH3, STM32G471VEH6, STM32G471VEI3, STM32G471VEI6, STM32G471VET3, STM32G471VET6, STM32G474CCT6, STM32H503CBT6, STM32H503CBU6, STM32H503EBY6TR, STM32H503KBU6, STM32H503RBT6, STM32H562AGI6, STM32H562AII6, STM32H562IGK6, STM32H562IGT6, STM32H562IIK6, STM32H562IIT6, STM32H562RGT6, STM32H562RGV6, STM32H562RIT6, STM32H562RIV6, STM32H562VGT6, STM32H562VIT6, STM32H562ZGT6, STM32H562ZIT6, STM32H563AGI6, STM32H563AII3Q, STM32H563AII6, STM32H563IGK6, STM32H563IGT6, STM32H563IIK3Q, STM32H563IIK6, STM32H563IIT3Q, STM32H563IIT6, STM32H563MIY3QTR, STM32H563RGT6, STM32H563RGV6, STM32H563RIT6, STM32H563RIV6, STM32H563VGT6, STM32H563VIT3Q, STM32H563VIT6, STM32H563ZGT6, STM32H563ZIT3Q, STM32H563ZIT6, STM32H573AII3Q, STM32H573AII6, STM32H573I-DK, STM32H573IIK3Q, STM32H573IIK6, STM32H573IIT3Q, STM32H573IIT6, STM32H573MIY3QTR, STM32H573RIT6, STM32H573RIV6, STM32H573VIT3Q, STM32H573VIT6, STM32H573ZIT3Q, STM32H573ZIT6, STM32L4R5QGI6STR, STM32MP131AAE3, STM32MP131AAF3, STM32MP131AAG3, STM32MP131CAE3, STM32MP131CAF3, STM32MP131CAG3, STM32MP131DAE7, STM32MP131DAF7, STM32MP131DAG7, STM32MP131FAE7, STM32MP131FAF7, STM32MP131FAG7, STM32MP133AAE3, STM32MP133AAF3, STM32MP133AAG3, STM32MP133CAE3, STM32MP133CAF3, STM32MP133CAG3, STM32MP133DAE7, STM32MP133DAF7, STM32MP133DAG7, STM32MP133FAE7, STM32MP133FAF7, STM32MP133FAG7, STM32MP135AAE3, STM32MP135AAF3, STM32MP135AAG3, STM32MP135CAE3, STM32MP135CAF3, STM32MP135CAG3, STM32MP135DAE7, STM32MP135DAF7, STM32MP135DAG7, STM32MP135F-DK, STM32MP135FAE7, STM32MP135FAF7, STM32MP135FAF7T, STM32MP135FAF7U, STM32MP135FAG7, STM32U535CBT6, STM32U535CBT6Q, STM32U535CBU6, STM32U535CBU6Q, STM32U535CCT6, STM32U535CCT6Q, STM32U535CCU6, STM32U535CCU6Q, STM32U535CET6, STM32U535CET6Q, STM32U535CEU6, STM32U535CEU6Q, STM32U535JEY6QTR, STM32U535NCY6QTR, STM32U535NEY6QTR, STM32U535RBI6, STM32U535RBI6Q, STM32U535RBT6, STM32U535RBT6Q, STM32U535RCI6, STM32U535RCI6Q, STM32U535RCT6, STM32U535RCT6Q, STM32U535REI6, STM32U535REI6Q, STM32U535RET6, STM32U535RET6Q, STM32U535VCI6, STM32U535VCI6Q, STM32U535VCT6, STM32U535VCT6Q, STM32U535VEI6, STM32U535VEI6Q, STM32U535VET6, STM32U535VET6Q, STM32U545CET6, STM32U545CET6Q, STM32U545CEU6, STM32U545CEU6Q, STM32U545JEY6QTR, STM32U545NEY6QTR, STM32U545REI6, STM32U545REI6Q, STM32U545RET6, STM32U545RET6Q, STM32U545VEI6, STM32U545VEI6Q, STM32U545VET6, STM32U545VET6Q, STM32U595AIH6, STM32U595AIH6Q, STM32U595AJH6, STM32U595AJH6Q, STM32U595QII6, STM32U595QII6Q, STM32U595QJI6, STM32U595QJI6Q, STM32U595RIT6, STM32U595RIT6Q, STM32U595RJT6, STM32U595RJT6Q, STM32U595VIT6, STM32U595VIT6Q, STM32U595VJT6, STM32U595VJT6Q, STM32U595ZIT6, STM32U595ZIT6Q, STM32U595ZIY6QTR, STM32U595ZJT6, STM32U595ZJT6Q, STM32U595ZJY6QTR, STM32U599BJY6QTR, STM32U599NIH6Q, STM32U599NJH6Q, STM32U599VIT6Q, STM32U599VJT6, STM32U599VJT6Q, STM32U599ZIT6Q, STM32U599ZIY6QTR, STM32U599ZJT6Q, STM32U599ZJY6QTR, STM32U5A5AJH6, STM32U5A5AJH6Q, STM32U5A5QJI6, STM32U5A5QJI6Q, STM32U5A5RJT6, STM32U5A5RJT6Q, STM32U5A5VJT6, STM32U5A5VJT6Q, STM32U5A5ZJT6, STM32U5A5ZJT6Q, STM32U5A5ZJY6QTR, STM32U5A9BJY6QTR, STM32U5A9J-DK, STM32U5A9NJH6Q, STM32U5A9VJT6Q, STM32U5A9ZJT6Q, STM32U5A9ZJY6QTR, STM32WB1MMCH6, STM32WBA52CEU6, STM32WBA52CEU6T, STM32WBA52CGU6, STM32WBA52CGU6T, STM32WL5MOCH6, STM32WL5MOCH6TR]
2023-05-14 13:43:56,338 [INFO] BoardInfo:880 - No configuration file found for board P-NUCLEO-WB55
2023-05-14 13:43:56,338 [WARN] PackLoader:240 - Cannot read IP mode file for STMicroelectronics.X-CUBE-GNSS1.6.0.0
2023-05-14 13:43:56,339 [INFO] DbBoards:157 - Kit is not supported: P-NUCLEO-WB55
2023-05-14 13:43:56,344 [INFO] BoardInfo:880 - No configuration file found for board STEVAL-BFA001V1B
2023-05-14 13:43:56,344 [INFO] DbBoards:157 - Kit is not supported: STEVAL-BFA001V1B
2023-05-14 13:43:56,345 [INFO] BoardInfo:880 - No configuration file found for board STEVAL-BFA001V2B
2023-05-14 13:43:56,345 [INFO] DbBoards:157 - Kit is not supported: STEVAL-BFA001V2B
2023-05-14 13:43:56,424 [WARN] PackLoader:240 - Cannot read IP mode file for STMicroelectronics.X-CUBE-AZRTOS-F4.1.1.0
2023-05-14 13:43:56,471 [INFO] DbBoards:161 - Found 187 boards, 184 are supported
2023-05-14 13:43:56,474 [INFO] ApiDb:668 - CubeFinder database Data Model version=2.1
2023-05-14 13:43:56,474 [INFO] ApiDb:669 - CubeFinder database Configuration version=3.0.35
2023-05-14 13:43:56,474 [INFO] ApiDb:670 - CubeFinder database generation date=2023-04-03 (1680511692)
2023-05-14 13:43:56,474 [INFO] ApiDb:671 - CubeFinder database FW Pack versions=[FP-ATR-ASTRA1_V2.0.0, STM32Cube_FW_C0_V1.0.1, STM32Cube_FW_F0_V1.11.4, STM32Cube_FW_F3_V1.11.4, STM32Cube_FW_F4_V1.27.1, STM32Cube_FW_F7_V1.17.0, STM32Cube_FW_G0_V1.6.1, STM32Cube_FW_G4_V1.5.1, STM32Cube_FW_H5_V0.5.1, STM32Cube_FW_H5_V1.0.0, STM32Cube_FW_H7_V1.11.0, STM32Cube_FW_L0_V1.12.2, STM32Cube_FW_L5_V1.5.0, STM32Cube_FW_U5_V1.2.0, STM32Cube_FW_WBA_V1.0.0, STM32Cube_FW_WBA_V1.0.0RC1, STM32Cube_FW_WBA_V1.0.0RC3, STM32Cube_FW_WB_V1.15.0RC1, STM32Cube_FW_WB_V1.16.0, STM32Cube_FW_WB_V1.16.0RC2, STM32Cube_FW_WL_V1.3.0, X-CUBE-ALGOBUILD_V1.3.0, X-CUBE-ALS_V1.0.1, X-CUBE-AZRTOS-F4_V1.1.0, X-CUBE-AZRTOS-F7_V1.1.0, X-CUBE-AZRTOS-G0_V1.1.0, X-CUBE-AZRTOS-G4_V1.0.0, X-CUBE-AZRTOS-H7_V3.0.0, X-CUBE-AZRTOS-L4_V1.0.0, X-CUBE-AZRTOS-L5_V1.1.0, X-CUBE-AZRTOS-WB_V1.1.0, X-CUBE-AZRTOS-WL_V1.0.0, X-CUBE-BLE1_V6.2.4, X-CUBE-BLE2_V3.3.0, X-CUBE-BLEMGR_V1.3.0, X-CUBE-EEPRMA1_V4.1.0, X-CUBE-FREERTOS_V1.0.1, X-CUBE-GNSS1_V6.0.0, X-CUBE-MEMS1_V9.1.0, X-CUBE-MEMS1_V9.4.0, X-CUBE-MEMS1_V9.5.0, X-CUBE-NFC4_V3.0.0, X-CUBE-NFC7_V1.0.0, X-CUBE-SFXS2LP1_V4.0.0, X-CUBE-SUBG2_V5.0.0]
2023-05-14 13:43:56,495 [WARN] PackLoader:240 - Cannot read IP mode file for STMicroelectronics.X-CUBE-SMBUS.2.1.0
2023-05-14 13:43:56,684 [WARN] PackLoader:240 - Cannot read IP mode file for STMicroelectronics.X-CUBE-AZRTOS-F7.1.1.0
2023-05-14 13:43:56,896 [WARN] PackLoader:240 - Cannot read IP mode file for STMicroelectronics.X-CUBE-MEMS1.9.6.0
2023-05-14 13:43:57,110 [ERROR] RealEvaluatedCondition:428 - Found unsupported composite condition: CLASS='Data Exchange' GROUP='STM32_MetaDataManager'
2023-05-14 13:43:57,110 [ERROR] RealEvaluatedCondition:428 - Found unsupported composite condition: CLASS='Data Exchange' GROUP='STM32_MetaDataManager'
2023-05-14 13:43:57,116 [WARN] PackLoader:240 - Cannot read IP mode file for STMicroelectronics.FP-SNS-MOTENV1.4.3.0
2023-05-14 13:43:57,124 [WARN] PackLoader:240 - Cannot read IP mode file for STMicroelectronics.FP-SNS-FLIGHT1.5.0.0
2023-05-14 13:43:57,150 [WARN] PackLoader:240 - Cannot read IP mode file for STMicroelectronics.X-CUBE-BLE1.6.2.4
2023-05-14 13:43:57,177 [WARN] PackLoader:240 - Cannot read IP mode file for emotas.I-CUBE-CANOPEN.1.1.3
2023-05-14 13:43:57,190 [WARN] PackLoader:240 - Cannot read IP mode file for STMicroelectronics.X-CUBE-BLEMGR.2.0.0
2023-05-14 13:43:57,276 [WARN] ConditionMgr:438 - getConditionDescription Invalid condition id : UX DEVICE CLASS RTOS Condition cause : null
2023-05-14 13:43:57,278 [WARN] ConditionMgr:438 - getConditionDescription Invalid condition id : UX DEVICE CLASS RTOS Condition cause : null
2023-05-14 13:43:57,287 [WARN] PackLoader:240 - Cannot read IP mode file for STMicroelectronics.X-CUBE-AZRTOS-H7.3.1.0
2023-05-14 13:43:57,291 [WARN] ConditionMgr:1039 - genDependencies : Invalid condition id : UX DEVICE CLASS RTOS Condition cause : null
2023-05-14 13:43:57,291 [WARN] ConditionMgr:1039 - genDependencies : Invalid condition id : UX DEVICE CLASS RTOS Condition cause : null
2023-05-14 13:43:57,292 [WARN] ConditionMgr:1039 - genDependencies : Invalid condition id : UX DEVICE CLASS RTOS Condition cause : null
2023-05-14 13:43:57,293 [WARN] ConditionMgr:1039 - genDependencies : Invalid condition id : UX DEVICE CLASS RTOS Condition cause : null
2023-05-14 13:43:57,293 [WARN] ConditionMgr:1039 - genDependencies : Invalid condition id : UX DEVICE CLASS RTOS Condition cause : null
2023-05-14 13:43:57,344 [WARN] PackLoader:240 - Cannot read IP mode file for STMicroelectronics.X-CUBE-DISPLAY.3.0.0
2023-05-14 13:43:57,355 [WARN] PackLoader:240 - Cannot read IP mode file for wolfSSL.I-CUBE-wolfSSL.5.5.4
2023-05-14 13:43:57,374 [WARN] PackLoader:240 - Cannot read IP mode file for STMicroelectronics.X-CUBE-NFC7.1.0.0
2023-05-14 13:43:57,386 [WARN] PackLoader:240 - Cannot read IP mode file for STMicroelectronics.X-CUBE-EEPRMA1.4.1.0
2023-05-14 13:43:57,408 [WARN] PackLoader:240 - Cannot read IP mode file for WES.I-CUBE-Cesium.1.3.0
2023-05-14 13:43:57,417 [WARN] PackLoader:240 - Cannot read IP mode file for STMicroelectronics.X-CUBE-SFXS2LP1.4.0.0
2023-05-14 13:43:57,424 [WARN] PackLoader:240 - Cannot read IP mode file for STMicroelectronics.X-CUBE-BLE2.3.3.0
2023-05-14 13:43:57,436 [WARN] PackLoader:240 - Cannot read IP mode file for STMicroelectronics.X-CUBE-TOF1.3.2.0
2023-05-14 13:43:57,477 [WARN] PackLoader:240 - Cannot read IP mode file for STMicroelectronics.X-CUBE-AZRTOS-H7.3.0.0
2023-05-14 13:43:57,485 [WARN] PackLoader:240 - Cannot read IP mode file for STMicroelectronics.X-CUBE-ISPU.1.1.0
2023-05-14 13:43:57,496 [WARN] PackLoader:240 - Cannot read IP mode file for RoweBots.I-CUBE-UNISONRTOS.5.5.0-4
2023-05-14 13:43:57,500 [WARN] PackLoader:240 - Cannot read IP mode file for STMicroelectronics.X-CUBE-AI.8.0.0
2023-05-14 13:43:57,506 [WARN] PackLoader:240 - Cannot read IP mode file for STMicroelectronics.X-CUBE-FREERTOS.1.0.0
2023-05-14 13:43:57,510 [WARN] PackLoader:240 - Cannot read IP mode file for STMicroelectronics.X-CUBE-FREERTOS.1.0.1
2023-05-14 13:43:57,513 [WARN] PackLoader:240 - Cannot read IP mode file for STMicroelectronics.X-CUBE-TOUCHGFX.4.21.1
2023-05-14 13:43:57,514 [WARN] PackLoader:240 - Cannot read IP mode file for STMicroelectronics.X-CUBE-TOUCHGFX.4.21.3
2023-05-14 13:43:57,527 [WARN] PackLoader:240 - Cannot read IP mode file for STMicroelectronics.X-CUBE-ALGOBUILD.1.3.0
2023-05-14 13:43:57,550 [WARN] PackLoader:240 - Cannot read IP mode file for STMicroelectronics.X-CUBE-AZRTOS-L5.1.1.0
2023-05-14 13:43:57,573 [WARN] PackLoader:240 - Cannot read IP mode file for STMicroelectronics.X-CUBE-AZRTOS-G0.1.1.0
2023-05-14 13:43:57,600 [WARN] PackLoader:240 - Cannot read IP mode file for STMicroelectronics.X-CUBE-SUBG2.5.0.0
2023-05-14 13:43:57,622 [WARN] PackLoader:240 - Cannot read IP mode file for STMicroelectronics.X-CUBE-NFC4.3.0.0
2023-05-14 13:43:57,633 [INFO] ApiDb:240 - Found 297 in-development CPN: [B-G473E-ZEST1S, B-WB1M-WPAN1, B-WL5M-SUBG1, NUCLEO-C031C6, NUCLEO-H503RB, NUCLEO-H563ZI, NUCLEO-U545RE-Q, NUCLEO-U5A5ZJ-Q, NUCLEO-WBA52CG, STEVAL-PROTEUS1, STEVAL-STWINBX1, STM320518-EVAL, STM32C0116-DK, STM32C011D6Y3TR, STM32C011D6Y6TR, STM32C011F4P3, STM32C011F4P6, STM32C011F4U3, STM32C011F4U6TR, STM32C011F6P3, STM32C011F6P6, STM32C011F6U3, STM32C011F6U6TR, STM32C011J4M3, STM32C011J4M6, STM32C011J6M3, STM32C011J6M6, STM32C0316-DK, STM32C031C4T3, STM32C031C4T6, STM32C031C4U3, STM32C031C4U6, STM32C031C6T3, STM32C031C6T6, STM32C031C6U3, STM32C031C6U6, STM32C031F4P3, STM32C031F4P6, STM32C031F6P3, STM32C031F6P6, STM32C031G4U3, STM32C031G4U6, STM32C031G6U3, STM32C031G6U6, STM32C031K4T3, STM32C031K4T6, STM32C031K4U3, STM32C031K4U6, STM32C031K6T3, STM32C031K6T6, STM32C031K6U3, STM32C031K6U6, STM32G071K8TXN, STM32G071K8UXN, STM32G081GBU6N, STM32G081KBT6N, STM32G081KBUXN, STM32G0B1CCT6N, STM32G0B1KCT6, STM32G0B1NEY6TR, STM32G0B1RCT6N, STM32G0C1CCT6, STM32G0C1CCT6N, STM32G0C1CCU6N, STM32G0C1CET6N, STM32G0C1CEU6N, STM32G0C1KCT6, STM32G0C1NEY6TR, STM32G0C1RCI6N, STM32G0C1RCT6N, STM32G0C1REI6N, STM32G0C1RET6N, STM32G0C1VCI6, STM32G0C1VEI6, STM32G471CCT6, STM32G471CCU6, STM32G471CET3, STM32G471CET6, STM32G471CEU3, STM32G471CEU6, STM32G471MCT6, STM32G471MET3, STM32G471MET6, STM32G471MEY6TR, STM32G471QCT6, STM32G471QET3, STM32G471RCT6, STM32G471RET3, STM32G471RET6, STM32G471VCH6, STM32G471VCI6, STM32G471VCT6, STM32G471VEH3, STM32G471VEH6, STM32G471VEI3, STM32G471VEI6, STM32G471VET3, STM32G471VET6, STM32G474CCT6, STM32H503CBT6, STM32H503CBU6, STM32H503EBY6TR, STM32H503KBU6, STM32H503RBT6, STM32H562AGI6, STM32H562AII6, STM32H562IGK6, STM32H562IGT6, STM32H562IIK6, STM32H562IIT6, STM32H562RGT6, STM32H562RGV6, STM32H562RIT6, STM32H562RIV6, STM32H562VGT6, STM32H562VIT6, STM32H562ZGT6, STM32H562ZIT6, STM32H563AGI6, STM32H563AII3Q, STM32H563AII6, STM32H563IGK6, STM32H563IGT6, STM32H563IIK3Q, STM32H563IIK6, STM32H563IIT3Q, STM32H563IIT6, STM32H563MIY3QTR, STM32H563RGT6, STM32H563RGV6, STM32H563RIT6, STM32H563RIV6, STM32H563VGT6, STM32H563VIT3Q, STM32H563VIT6, STM32H563ZGT6, STM32H563ZIT3Q, STM32H563ZIT6, STM32H573AII3Q, STM32H573AII6, STM32H573I-DK, STM32H573IIK3Q, STM32H573IIK6, STM32H573IIT3Q, STM32H573IIT6, STM32H573MIY3QTR, STM32H573RIT6, STM32H573RIV6, STM32H573VIT3Q, STM32H573VIT6, STM32H573ZIT3Q, STM32H573ZIT6, STM32L4R5QGI6STR, STM32MP131AAE3, STM32MP131AAF3, STM32MP131AAG3, STM32MP131CAE3, STM32MP131CAF3, STM32MP131CAG3, STM32MP131DAE7, STM32MP131DAF7, STM32MP131DAG7, STM32MP131FAE7, STM32MP131FAF7, STM32MP131FAG7, STM32MP133AAE3, STM32MP133AAF3, STM32MP133AAG3, STM32MP133CAE3, STM32MP133CAF3, STM32MP133CAG3, STM32MP133DAE7, STM32MP133DAF7, STM32MP133DAG7, STM32MP133FAE7, STM32MP133FAF7, STM32MP133FAG7, STM32MP135AAE3, STM32MP135AAF3, STM32MP135AAG3, STM32MP135CAE3, STM32MP135CAF3, STM32MP135CAG3, STM32MP135DAE7, STM32MP135DAF7, STM32MP135DAG7, STM32MP135F-DK, STM32MP135FAE7, STM32MP135FAF7, STM32MP135FAF7T, STM32MP135FAF7U, STM32MP135FAG7, STM32U535CBT6, STM32U535CBT6Q, STM32U535CBU6, STM32U535CBU6Q, STM32U535CCT6, STM32U535CCT6Q, STM32U535CCU6, STM32U535CCU6Q, STM32U535CET6, STM32U535CET6Q, STM32U535CEU6, STM32U535CEU6Q, STM32U535JEY6QTR, STM32U535NCY6QTR, STM32U535NEY6QTR, STM32U535RBI6, STM32U535RBI6Q, STM32U535RBT6, STM32U535RBT6Q, STM32U535RCI6, STM32U535RCI6Q, STM32U535RCT6, STM32U535RCT6Q, STM32U535REI6, STM32U535REI6Q, STM32U535RET6, STM32U535RET6Q, STM32U535VCI6, STM32U535VCI6Q, STM32U535VCT6, STM32U535VCT6Q, STM32U535VEI6, STM32U535VEI6Q, STM32U535VET6, STM32U535VET6Q, STM32U545CET6, STM32U545CET6Q, STM32U545CEU6, STM32U545CEU6Q, STM32U545JEY6QTR, STM32U545NEY6QTR, STM32U545REI6, STM32U545REI6Q, STM32U545RET6, STM32U545RET6Q, STM32U545VEI6, STM32U545VEI6Q, STM32U545VET6, STM32U545VET6Q, STM32U595AIH6, STM32U595AIH6Q, STM32U595AJH6, STM32U595AJH6Q, STM32U595QII6, STM32U595QII6Q, STM32U595QJI6, STM32U595QJI6Q, STM32U595RIT6, STM32U595RIT6Q, STM32U595RJT6, STM32U595RJT6Q, STM32U595VIT6, STM32U595VIT6Q, STM32U595VJT6, STM32U595VJT6Q, STM32U595ZIT6, STM32U595ZIT6Q, STM32U595ZIY6QTR, STM32U595ZJT6, STM32U595ZJT6Q, STM32U595ZJY6QTR, STM32U599BJY6QTR, STM32U599NIH6Q, STM32U599NJH6Q, STM32U599VIT6Q, STM32U599VJT6, STM32U599VJT6Q, STM32U599ZIT6Q, STM32U599ZIY6QTR, STM32U599ZJT6Q, STM32U599ZJY6QTR, STM32U5A5AJH6, STM32U5A5AJH6Q, STM32U5A5QJI6, STM32U5A5QJI6Q, STM32U5A5RJT6, STM32U5A5RJT6Q, STM32U5A5VJT6, STM32U5A5VJT6Q, STM32U5A5ZJT6, STM32U5A5ZJT6Q, STM32U5A5ZJY6QTR, STM32U5A9BJY6QTR, STM32U5A9J-DK, STM32U5A9NJH6Q, STM32U5A9VJT6Q, STM32U5A9ZJT6Q, STM32U5A9ZJY6QTR, STM32WB1MMCH6, STM32WBA52CEU6, STM32WBA52CEU6T, STM32WBA52CGU6, STM32WBA52CGU6T, STM32WL5MOCH6, STM32WL5MOCH6TR]
2023-05-14 13:43:57,639 [INFO] DbMcus:216 - Found 3775 MCUs, 3775 are supported
2023-05-14 13:43:57,648 [WARN] PackLoader:240 - Cannot read IP mode file for STMicroelectronics.X-CUBE-AZRTOS-G4.2.0.0
2023-05-14 13:43:57,648 [INFO] ApiDb:423 - Load user favorites file /Users/neelbagayatkar/.stm32cubeide/favorites.mcus.txt: 0 item(s)
2023-05-14 13:43:57,649 [INFO] ApiDb:427 - User favorites MCUs=[]
2023-05-14 13:43:57,649 [INFO] DbMcus:222 - Set 0 / 0 favorites MCUs
2023-05-14 13:43:57,671 [WARN] PackLoader:240 - Cannot read IP mode file for STMicroelectronics.X-CUBE-TOF1.3.3.0
2023-05-14 13:43:57,694 [WARN] PackLoader:240 - Cannot read IP mode file for STMicroelectronics.FP-ATR-ASTRA1.1.1.1
2023-05-14 13:43:57,714 [WARN] PackLoader:240 - Cannot read IP mode file for STMicroelectronics.X-CUBE-AZRTOS-G4.1.0.0
2023-05-14 13:43:57,725 [WARN] PackLoader:240 - Cannot read IP mode file for STMicroelectronics.FP-ATR-SIGFOX1.3.2.0
2023-05-14 13:43:57,757 [WARN] PackLoader:240 - Cannot read IP mode file for STMicroelectronics.X-CUBE-AZRTOS-L4.1.0.0
2023-05-14 13:43:57,780 [WARN] PackLoader:240 - Cannot read IP mode file for STMicroelectronics.X-CUBE-AZRTOS-WL.1.0.0
2023-05-14 13:43:57,789 [WARN] PackLoader:240 - Cannot read IP mode file for portGmbH.I-Cube-SoM-uGOAL.1.1.0
2023-05-14 13:43:57,793 [WARN] PackLoader:240 - Cannot read IP mode file for STMicroelectronics.X-CUBE-ALS.1.0.1
2023-05-14 13:43:57,887 [WARN] PackLoader:240 - Cannot read IP mode file for STMicroelectronics.X-CUBE-MEMS1.9.5.0
2023-05-14 13:43:57,926 [INFO] ApiDb:423 - Load user favorites file /Users/neelbagayatkar/.stm32cubeide/favorites.boards.txt: 1 item(s)
2023-05-14 13:43:57,927 [INFO] ApiDb:427 - User favorites Boards=[STM32F3DISCOVERY]
2023-05-14 13:43:57,933 [INFO] DbBoards:190 - Set 1 / 1 favorites Boards
2023-05-14 13:43:57,933 [INFO] McuFinderGlobals:66 - Set McuFinderConnectedMode to true
2023-05-14 13:43:57,995 [INFO] MultiScanPanel:200 - Auto-refresh data requested => check proxy status ongoing
2023-05-14 13:43:58,000 [INFO] FinderPluginLoader:95 - Searching for filters in installed packs
2023-05-14 13:43:58,070 [WARN] PackLoader:240 - Cannot read IP mode file for STMicroelectronics.X-CUBE-AZRTOS-WB.1.1.0
2023-05-14 13:43:58,141 [WARN] PackLoader:240 - Cannot read IP mode file for SEGGER.I-CUBE-embOS.1.3.1
2023-05-14 13:43:58,210 [WARN] PackLoader:240 - Cannot read IP mode file for STMicroelectronics.FP-ATR-ASTRA1.2.0.0
2023-05-14 13:43:58,213 [INFO] ThirdParty:978 - Integrity check success = true
2023-05-14 13:43:58,213 [INFO] IntegrityCheckThread:100 - exiting critical section [integrity check]
2023-05-14 13:43:58,213 [INFO] IntegrityCheckThread:103 - End integrity checks thread
2023-05-14 13:43:59,499 [INFO] LoadUrlFilesThread:185 - End of LoadServerUrlFiles without Thread
2023-05-14 13:43:59,516 [INFO] DetailPanel:341 - Set advertising image to /Users/neelbagayatkar/STM32Cube/Repository//en.prom-stm32h5-mcu-finder.jpg
2023-05-14 13:44:24,411 [INFO] McuFinderGlobals:66 - Set McuFinderConnectedMode to true
2023-05-14 13:44:24,694 [INFO] ApiDb:448 - Save user favorites file /Users/neelbagayatkar/.stm32cubeide/favorites.mcus.txt: 0 item(s)
2023-05-14 13:44:24,695 [INFO] ApiDb:452 - User favorites MCUs=[]
2023-05-14 13:46:02,638 [INFO] MainUpdater:2854 - connection check result : 10
2023-05-14 13:46:02,843 [INFO] McuFinderGlobals:66 - Set McuFinderConnectedMode to true
2023-05-14 13:46:02,848 [INFO] MultiScanPanel:200 - Auto-refresh data requested => check proxy status ongoing
2023-05-14 13:46:02,850 [INFO] FinderPluginLoader:95 - Searching for filters in installed packs
2023-05-14 13:46:03,511 [INFO] LoadUrlFilesThread:185 - End of LoadServerUrlFiles without Thread
2023-05-14 13:46:03,511 [INFO] DetailPanel:341 - Set advertising image to /Users/neelbagayatkar/STM32Cube/Repository//en.prom-stm32h5-mcu-finder.jpg
2023-05-14 13:47:01,453 [INFO] MainUpdater:2854 - connection check result : 10
2023-05-14 13:47:01,454 [INFO] MainUpdater:2854 - connection check result : 10
2023-05-14 13:47:02,269 [INFO] MicroXplorer:468 - Change Database Path : 
2023-05-14 13:47:02,271 [INFO] MicroXplorer:498 - Change Database Version : DB.6.0.80
2023-05-14 13:47:02,271 [WARN] ThirdParty:871 - waiting for thirdparty lock release [close project]
2023-05-14 13:47:02,271 [INFO] ThirdParty:873 - entering critical section [close project]
2023-05-14 13:47:02,280 [INFO] ThirdParty:883 - exiting critical section [close project]
2023-05-14 13:47:02,288 [INFO] PinOutPanel:1499 - setPackage(No Configuration,No Configuration)
2023-05-14 13:47:02,316 [INFO] UtilMem:75 - Begin LoadConfig() Used Memory: 496259432 Bytes (652214272)
2023-05-14 13:47:02,318 [INFO] MicroXplorer:468 - Change Database Path : 
2023-05-14 13:47:02,318 [INFO] MicroXplorer:498 - Change Database Version : DB.6.0.80
2023-05-14 13:47:02,318 [INFO] OpenFileManager:308 - Change cursor
2023-05-14 13:47:02,493 [INFO] Mcu:1937 - Initializing MCU STM32F303V(B-C)Tx STM32F303VCTx STM32F303VCT6
2023-05-14 13:47:04,193 [INFO] Context:659 - Trying to add GPIOservice into a context  which must be forbidden
2023-05-14 13:47:05,324 [INFO] RtosManager:555 - Registered RTOS mode: class=CMSIS, group=RTOS, mode=CMSIS_V1, owner=FREERTOS
2023-05-14 13:47:05,326 [INFO] RtosManager:555 - Registered RTOS mode: class=CMSIS, group=RTOS2, mode=CMSIS_V2, owner=FREERTOS
2023-05-14 13:47:05,326 [INFO] RtosManager:555 - Registered RTOS mode: class=RTOS, group=Core, mode=CMSIS_V1, owner=FREERTOS
2023-05-14 13:47:05,326 [INFO] RtosManager:555 - Registered RTOS mode: class=RTOS, group=Core, mode=CMSIS_V2, owner=FREERTOS
2023-05-14 13:47:05,326 [WARN] ModelIntegratedComponent:184 - Missing modes for component STMicroelectronics:FreeRTOS:0.0.1:STMicroelectronics:RTOS:FreeRTOS:Core:::10.2.0:
2023-05-14 13:47:05,337 [WARN] ModelIntegratedComponent:63 - No mode defined for component null
2023-05-14 13:47:05,337 [WARN] ModelIntegratedComponent:63 - No mode defined for component null
2023-05-14 13:47:05,338 [WARN] ModelIntegratedComponent:63 - No mode defined for component null
2023-05-14 13:47:05,338 [WARN] ModelIntegratedComponent:63 - No mode defined for component null
2023-05-14 13:47:05,338 [WARN] ModelIntegratedComponent:63 - No mode defined for component null
2023-05-14 13:47:05,338 [WARN] ModelIntegratedComponent:63 - No mode defined for component null
2023-05-14 13:47:05,338 [WARN] ModelIntegratedComponent:63 - No mode defined for component null
2023-05-14 13:47:05,338 [WARN] ModelIntegratedComponent:63 - No mode defined for component null
2023-05-14 13:47:05,338 [WARN] ModelIntegratedComponent:63 - No mode defined for component null
2023-05-14 13:47:05,338 [WARN] ModelIntegratedComponent:63 - No mode defined for component null
2023-05-14 13:47:05,338 [WARN] ModelIntegratedComponent:63 - No mode defined for component null
2023-05-14 13:47:05,338 [WARN] ModelIntegratedComponent:63 - No mode defined for component null
2023-05-14 13:47:05,338 [WARN] ModelIntegratedComponent:63 - No mode defined for component null
2023-05-14 13:47:05,338 [WARN] ModelIntegratedComponent:63 - No mode defined for component null
2023-05-14 13:47:05,338 [WARN] ModelIntegratedComponent:63 - No mode defined for component null
2023-05-14 13:47:05,338 [WARN] ModelIntegratedComponent:63 - No mode defined for component null
2023-05-14 13:47:05,338 [WARN] ModelIntegratedComponent:63 - No mode defined for component null
2023-05-14 13:47:05,338 [WARN] ModelIntegratedComponent:63 - No mode defined for component null
2023-05-14 13:47:05,338 [WARN] ModelIntegratedComponent:63 - No mode defined for component null
2023-05-14 13:47:05,338 [WARN] ModelIntegratedComponent:63 - No mode defined for component null
2023-05-14 13:47:05,338 [WARN] ModelIntegratedComponent:63 - No mode defined for component null
2023-05-14 13:47:05,338 [WARN] ModelIntegratedComponent:63 - No mode defined for component null
2023-05-14 13:47:05,338 [WARN] ModelIntegratedComponent:63 - No mode defined for component null
2023-05-14 13:47:05,338 [WARN] ModelIntegratedComponent:63 - No mode defined for component null
2023-05-14 13:47:05,338 [WARN] ModelIntegratedComponent:63 - No mode defined for component null
2023-05-14 13:47:05,338 [WARN] ModelIntegratedComponent:63 - No mode defined for component null
2023-05-14 13:47:05,338 [WARN] ModelIntegratedComponent:63 - No mode defined for component null
2023-05-14 13:47:05,338 [WARN] ModelIntegratedComponent:63 - No mode defined for component null
2023-05-14 13:47:05,338 [WARN] ModelIntegratedComponent:63 - No mode defined for component null
2023-05-14 13:47:05,338 [WARN] ModelIntegratedComponent:63 - No mode defined for component null
2023-05-14 13:47:05,338 [WARN] ModelIntegratedComponent:63 - No mode defined for component null
2023-05-14 13:47:05,338 [WARN] ModelIntegratedComponent:63 - No mode defined for component null
2023-05-14 13:47:05,338 [WARN] ModelIntegratedComponent:63 - No mode defined for component null
2023-05-14 13:47:05,482 [INFO] ThirdPartyModel:298 - Start build external matchings
2023-05-14 13:47:06,049 [INFO] ThirdPartyModel:316 - End build external matchings
2023-05-14 13:47:06,138 [INFO] ImportTextPane:194 - (OptionalMessage_ERROR) IP (DMA) : Parameter (Instance) has Id (TIM2_CH1) currently not set
2023-05-14 13:47:06,139 [INFO] ImportTextPane:194 - (OptionalMessage_ERROR) IP (DMA) : Parameter (Direction) has Id (TIM2_CH1) currently not set
2023-05-14 13:47:06,139 [INFO] ImportTextPane:194 - (OptionalMessage_ERROR) IP (DMA) : Parameter (PeriphInc) has Id (TIM2_CH1) currently not set
2023-05-14 13:47:06,139 [INFO] ImportTextPane:194 - (OptionalMessage_ERROR) IP (DMA) : Parameter (MemInc) has Id (TIM2_CH1) currently not set
2023-05-14 13:47:06,140 [INFO] ImportTextPane:194 - (OptionalMessage_ERROR) IP (DMA) : Parameter (PeriphDataAlignment) has Id (TIM2_CH1) currently not set
2023-05-14 13:47:06,140 [INFO] ImportTextPane:194 - (OptionalMessage_ERROR) IP (DMA) : Parameter (MemDataAlignment) has Id (TIM2_CH1) currently not set
2023-05-14 13:47:06,140 [INFO] ImportTextPane:194 - (OptionalMessage_ERROR) IP (DMA) : Parameter (Mode) has Id (TIM2_CH1) currently not set
2023-05-14 13:47:06,140 [INFO] ImportTextPane:194 - (OptionalMessage_ERROR) IP (DMA) : Parameter (Priority) has Id (TIM2_CH1) currently not set
2023-05-14 13:47:06,153 [INFO] ImportTextPane:194 - (OptionalMessage_ERROR) IP (RCC) : Invalid parameter (FamilyName)
2023-05-14 13:47:06,156 [INFO] ImportTextPane:194 - (OptionalMessage_ERROR) IP (RCC) : Invalid parameter (TIM2Freq_Value)
2023-05-14 13:47:06,568 [INFO] UtilMem:75 - End LoadConfig() Used Memory: 531097952 Bytes (652214272)
2023-05-14 13:47:06,729 [WARN] ThirdParty:833 - waiting for thirdparty lock release [change project]
2023-05-14 13:47:06,733 [INFO] ThirdParty:835 - entering critical section [change project]
2023-05-14 13:47:06,733 [INFO] ThirdParty:1030 - CMSIS Pack Vendor :STMicroelectronics X-CUBE-ISPU 1.1.0
2023-05-14 13:47:06,733 [INFO] ThirdParty:1030 - CMSIS Pack Vendor :RoweBots I-CUBE-UNISONRTOS 5.5.0-4
2023-05-14 13:47:06,733 [INFO] ThirdParty:1030 - CMSIS Pack Vendor :STMicroelectronics X-CUBE-GNSS1 6.0.0
2023-05-14 13:47:06,733 [INFO] ThirdParty:1030 - CMSIS Pack Vendor :STMicroelectronics USB_HOST 2.0.0
2023-05-14 13:47:06,733 [INFO] ThirdParty:1030 - CMSIS Pack Vendor :STMicroelectronics X-CUBE-AZRTOS-F4 1.1.0
2023-05-14 13:47:06,733 [INFO] ThirdParty:1030 - CMSIS Pack Vendor :STMicroelectronics LIBJPEG 8.0.0
2023-05-14 13:47:06,733 [INFO] ThirdParty:1030 - CMSIS Pack Vendor :STMicroelectronics X-CUBE-SMBUS 2.1.0
2023-05-14 13:47:06,733 [INFO] ThirdParty:1030 - CMSIS Pack Vendor :STMicroelectronics USB_DEVICE 3.0.0
2023-05-14 13:47:06,733 [INFO] ThirdParty:1030 - CMSIS Pack Vendor :STMicroelectronics X-CUBE-AI 8.0.0
2023-05-14 13:47:06,734 [INFO] ThirdParty:1030 - CMSIS Pack Vendor :STMicroelectronics X-CUBE-FREERTOS 1.0.0
2023-05-14 13:47:06,734 [INFO] ThirdParty:1030 - CMSIS Pack Vendor :STMicroelectronics X-CUBE-FREERTOS 1.0.1
2023-05-14 13:47:06,734 [INFO] ThirdParty:1030 - CMSIS Pack Vendor :STMicroelectronics X-CUBE-TOUCHGFX 4.21.1
2023-05-14 13:47:06,734 [INFO] ThirdParty:1030 - CMSIS Pack Vendor :STMicroelectronics X-CUBE-TOUCHGFX 4.21.3
2023-05-14 13:47:06,734 [INFO] ThirdParty:1030 - CMSIS Pack Vendor :STMicroelectronics X-CUBE-AZRTOS-F7 1.1.0
2023-05-14 13:47:06,734 [INFO] ThirdParty:1030 - CMSIS Pack Vendor :STMicroelectronics USB_DEVICE 2.0.0
2023-05-14 13:47:06,734 [INFO] ThirdParty:1030 - CMSIS Pack Vendor :STMicroelectronics X-CUBE-MEMS1 9.6.0
2023-05-14 13:47:06,734 [INFO] ThirdParty:1030 - CMSIS Pack Vendor :STMicroelectronics FP-SNS-MOTENV1 4.3.0
2023-05-14 13:47:06,734 [INFO] ThirdParty:1030 - CMSIS Pack Vendor :STMicroelectronics FP-SNS-FLIGHT1 5.0.0
2023-05-14 13:47:06,734 [INFO] ThirdParty:1030 - CMSIS Pack Vendor :STMicroelectronics X-CUBE-ALGOBUILD 1.3.0
2023-05-14 13:47:06,734 [INFO] ThirdParty:1030 - CMSIS Pack Vendor :STMicroelectronics X-CUBE-BLE1 6.2.4
2023-05-14 13:47:06,734 [INFO] ThirdParty:1030 - CMSIS Pack Vendor :STMicroelectronics X-CUBE-AZRTOS-L5 1.1.0
2023-05-14 13:47:06,734 [INFO] ThirdParty:1030 - CMSIS Pack Vendor :STMicroelectronics FreeRTOS 0.0.1
2023-05-14 13:47:06,734 [INFO] ThirdParty:1030 - CMSIS Pack Vendor :emotas I-CUBE-CANOPEN 1.1.3
2023-05-14 13:47:06,735 [INFO] ThirdParty:1030 - CMSIS Pack Vendor :STMicroelectronics X-CUBE-AZRTOS-G0 1.1.0
2023-05-14 13:47:06,735 [INFO] ThirdParty:1030 - CMSIS Pack Vendor :STMicroelectronics X-CUBE-BLEMGR 2.0.0
2023-05-14 13:47:06,735 [INFO] ThirdParty:1030 - CMSIS Pack Vendor :STMicroelectronics X-CUBE-SUBG2 5.0.0
2023-05-14 13:47:06,735 [INFO] ThirdParty:1030 - CMSIS Pack Vendor :STMicroelectronics X-CUBE-NFC4 3.0.0
2023-05-14 13:47:06,735 [INFO] ThirdParty:1030 - CMSIS Pack Vendor :STMicroelectronics STM32_WPAN 1.0.0
2023-05-14 13:47:06,735 [INFO] ThirdParty:1030 - CMSIS Pack Vendor :STMicroelectronics lwIP 2.0.3
2023-05-14 13:47:06,735 [INFO] ThirdParty:1030 - CMSIS Pack Vendor :STMicroelectronics USB_HOST 1.0.0
2023-05-14 13:47:06,735 [INFO] ThirdParty:1030 - CMSIS Pack Vendor :STMicroelectronics X-CUBE-AZRTOS-G4 2.0.0
2023-05-14 13:47:06,735 [INFO] ThirdParty:1030 - CMSIS Pack Vendor :STMicroelectronics PDM2PCM 3.1.0
2023-05-14 13:47:06,735 [INFO] ThirdParty:1030 - CMSIS Pack Vendor :STMicroelectronics X-CUBE-AZRTOS-H7 3.1.0
2023-05-14 13:47:06,735 [INFO] ThirdParty:1030 - CMSIS Pack Vendor :STMicroelectronics X-CUBE-TOF1 3.3.0
2023-05-14 13:47:06,735 [INFO] ThirdParty:1030 - CMSIS Pack Vendor :STMicroelectronics FP-ATR-ASTRA1 1.1.1
2023-05-14 13:47:06,735 [INFO] ThirdParty:1030 - CMSIS Pack Vendor :STMicroelectronics PDM2PCM 3.3.0
2023-05-14 13:47:06,735 [INFO] ThirdParty:1030 - CMSIS Pack Vendor :STMicroelectronics X-CUBE-DISPLAY 3.0.0
2023-05-14 13:47:06,735 [INFO] ThirdParty:1030 - CMSIS Pack Vendor :STMicroelectronics X-CUBE-AZRTOS-G4 1.0.0
2023-05-14 13:47:06,735 [INFO] ThirdParty:1030 - CMSIS Pack Vendor :STMicroelectronics FP-ATR-SIGFOX1 3.2.0
2023-05-14 13:47:06,735 [INFO] ThirdParty:1030 - CMSIS Pack Vendor :wolfSSL I-CUBE-wolfSSL 5.5.4
2023-05-14 13:47:06,735 [INFO] ThirdParty:1030 - CMSIS Pack Vendor :STMicroelectronics X-CUBE-AZRTOS-L4 1.0.0
2023-05-14 13:47:06,735 [INFO] ThirdParty:1030 - CMSIS Pack Vendor :STMicroelectronics HAL Drivers 0.0.0
2023-05-14 13:47:06,735 [INFO] ThirdParty:1030 - CMSIS Pack Vendor :STMicroelectronics MBEDTLS 2.16.2
2023-05-14 13:47:06,735 [INFO] ThirdParty:1030 - CMSIS Pack Vendor :STMicroelectronics MBEDTLS 2.14.1
2023-05-14 13:47:06,735 [INFO] ThirdParty:1030 - CMSIS Pack Vendor :STMicroelectronics X-CUBE-NFC7 1.0.0
2023-05-14 13:47:06,735 [INFO] ThirdParty:1030 - CMSIS Pack Vendor :STMicroelectronics X-CUBE-AZRTOS-WL 1.0.0
2023-05-14 13:47:06,735 [INFO] ThirdParty:1030 - CMSIS Pack Vendor :STMicroelectronics X-CUBE-EEPRMA1 4.1.0
2023-05-14 13:47:06,735 [INFO] ThirdParty:1030 - CMSIS Pack Vendor :portGmbH I-Cube-SoM-uGOAL 1.1.0
2023-05-14 13:47:06,735 [INFO] ThirdParty:1030 - CMSIS Pack Vendor :STMicroelectronics X-CUBE-ALS 1.0.1
2023-05-14 13:47:06,735 [INFO] ThirdParty:1030 - CMSIS Pack Vendor :STMicroelectronics X-CUBE-MEMS1 9.5.0
2023-05-14 13:47:06,735 [INFO] ThirdParty:1030 - CMSIS Pack Vendor :STMicroelectronics ThreadX 1.0.0
2023-05-14 13:47:06,735 [INFO] ThirdParty:1030 - CMSIS Pack Vendor :STMicroelectronics X-CUBE-AZRTOS-WB 1.1.0
2023-05-14 13:47:06,736 [INFO] ThirdParty:1030 - CMSIS Pack Vendor :SEGGER I-CUBE-embOS 1.3.1
2023-05-14 13:47:06,736 [INFO] ThirdParty:1030 - CMSIS Pack Vendor :STMicroelectronics USB_DEVICE 1.0.0
2023-05-14 13:47:06,736 [INFO] ThirdParty:1030 - CMSIS Pack Vendor :STMicroelectronics ThreadX 0.0.2
2023-05-14 13:47:06,736 [INFO] ThirdParty:1030 - CMSIS Pack Vendor :WES I-CUBE-Cesium 1.3.0
2023-05-14 13:47:06,736 [INFO] ThirdParty:1030 - CMSIS Pack Vendor :STMicroelectronics FP-ATR-ASTRA1 2.0.0
2023-05-14 13:47:06,736 [INFO] ThirdParty:1030 - CMSIS Pack Vendor :STMicroelectronics lwIP 2.1.2
2023-05-14 13:47:06,736 [INFO] ThirdParty:1030 - CMSIS Pack Vendor :STMicroelectronics X-CUBE-SFXS2LP1 4.0.0
2023-05-14 13:47:06,736 [INFO] ThirdParty:1030 - CMSIS Pack Vendor :STMicroelectronics X-CUBE-BLE2 3.3.0
2023-05-14 13:47:06,737 [INFO] ThirdParty:1030 - CMSIS Pack Vendor :STMicroelectronics X-CUBE-TOF1 3.2.0
2023-05-14 13:47:06,737 [INFO] ThirdParty:1030 - CMSIS Pack Vendor :STMicroelectronics PDM2PCM 3.2.0
2023-05-14 13:47:06,737 [INFO] ThirdParty:1030 - CMSIS Pack Vendor :STMicroelectronics X-CUBE-AZRTOS-H7 3.0.0
2023-05-14 13:47:06,739 [INFO] ThirdParty:841 - exiting critical section [change project]
2023-05-14 13:47:07,465 [INFO] PinOutPanel:1499 - setPackage(No Configuration,No Configuration)
2023-05-14 13:47:07,469 [INFO] PinOutPanel:1499 - setPackage(STM32F303VCTx,LQFP100)
2023-05-14 13:47:08,422 [INFO] UtilMem:75 - Before build in PCC Used Memory: 543064872 Bytes (652214272)
2023-05-14 13:47:09,691 [INFO] UtilMem:75 - After build in PCC Used Memory: 507756272 Bytes (652214272)
2023-05-14 13:47:09,799 [INFO] IPUIPlugin:80 - create IPUIPlugin
2023-05-14 13:47:09,799 [INFO] IPUIPlugin:80 - create IPUIPlugin
2023-05-14 13:47:09,799 [INFO] IPUIPlugin:80 - create IPUIPlugin
2023-05-14 13:47:09,799 [INFO] IPUIPlugin:80 - create IPUIPlugin
2023-05-14 13:47:09,800 [INFO] IPUIPlugin:80 - create IPUIPlugin
2023-05-14 13:47:09,800 [INFO] IPUIPlugin:80 - create IPUIPlugin
2023-05-14 13:47:09,800 [INFO] IPUIPlugin:80 - create IPUIPlugin
2023-05-14 13:47:09,800 [INFO] IPUIPlugin:80 - create IPUIPlugin
2023-05-14 13:47:09,800 [INFO] IPUIPlugin:80 - create IPUIPlugin
2023-05-14 13:47:09,800 [INFO] IPUIPlugin:80 - create IPUIPlugin
2023-05-14 13:47:09,800 [INFO] IPUIPlugin:80 - create IPUIPlugin
2023-05-14 13:47:09,800 [INFO] IPUIPlugin:80 - create IPUIPlugin
2023-05-14 13:47:09,800 [INFO] IPUIPlugin:80 - create IPUIPlugin
2023-05-14 13:47:09,801 [INFO] IPUIPlugin:80 - create IPUIPlugin
2023-05-14 13:47:09,801 [INFO] IPUIPlugin:80 - create IPUIPlugin
2023-05-14 13:47:09,802 [INFO] IPUIPlugin:80 - create IPUIPlugin
2023-05-14 13:47:09,802 [INFO] IPUIPlugin:80 - create IPUIPlugin
2023-05-14 13:47:09,802 [INFO] IPUIPlugin:80 - create IPUIPlugin
2023-05-14 13:47:09,802 [INFO] IPUIPlugin:80 - create IPUIPlugin
2023-05-14 13:47:09,802 [INFO] IPUIPlugin:80 - create IPUIPlugin
2023-05-14 13:47:09,803 [INFO] IPUIPlugin:80 - create IPUIPlugin
2023-05-14 13:47:09,803 [INFO] IPUIPlugin:80 - create IPUIPlugin
2023-05-14 13:47:09,803 [INFO] IPUIPlugin:80 - create IPUIPlugin
2023-05-14 13:47:09,803 [INFO] IPUIPlugin:80 - create IPUIPlugin
2023-05-14 13:47:09,808 [INFO] IPUIPlugin:80 - create IPUIPlugin
2023-05-14 13:47:09,808 [INFO] IPUIPlugin:80 - create IPUIPlugin
2023-05-14 13:47:09,808 [INFO] IPUIPlugin:80 - create IPUIPlugin
2023-05-14 13:47:09,808 [INFO] IPUIPlugin:80 - create IPUIPlugin
2023-05-14 13:47:09,808 [INFO] IPUIPlugin:80 - create IPUIPlugin
2023-05-14 13:47:09,808 [INFO] IPUIPlugin:80 - create IPUIPlugin
2023-05-14 13:47:09,808 [INFO] IPUIPlugin:80 - create IPUIPlugin
2023-05-14 13:47:09,809 [INFO] IPUIPlugin:80 - create IPUIPlugin
2023-05-14 13:47:09,809 [INFO] IPUIPlugin:80 - create IPUIPlugin
2023-05-14 13:47:09,809 [INFO] IPUIPlugin:80 - create IPUIPlugin
2023-05-14 13:47:09,809 [INFO] IPUIPlugin:80 - create IPUIPlugin
2023-05-14 13:47:09,809 [INFO] IPUIPlugin:80 - create IPUIPlugin
2023-05-14 13:47:09,809 [INFO] IPUIPlugin:80 - create IPUIPlugin
2023-05-14 13:47:09,809 [INFO] IPUIPlugin:80 - create IPUIPlugin
2023-05-14 13:47:09,809 [INFO] IPUIPlugin:80 - create IPUIPlugin
2023-05-14 13:47:09,809 [INFO] IPUIPlugin:80 - create IPUIPlugin
2023-05-14 13:47:09,809 [INFO] IPUIPlugin:80 - create IPUIPlugin
2023-05-14 13:47:09,809 [INFO] IPUIPlugin:80 - create IPUIPlugin
2023-05-14 13:47:09,809 [INFO] IPUIPlugin:80 - create IPUIPlugin
2023-05-14 13:47:09,809 [INFO] IPUIPlugin:80 - create IPUIPlugin
2023-05-14 13:47:09,809 [INFO] IPUIPlugin:80 - create IPUIPlugin
2023-05-14 13:47:09,809 [INFO] IPUIPlugin:80 - create IPUIPlugin
2023-05-14 13:47:09,810 [INFO] IPUIPlugin:80 - create IPUIPlugin
2023-05-14 13:47:09,810 [INFO] IPUIPlugin:80 - create IPUIPlugin
2023-05-14 13:47:09,810 [INFO] IPUIPlugin:80 - create IPUIPlugin
2023-05-14 13:47:09,810 [INFO] IPUIPlugin:80 - create IPUIPlugin
2023-05-14 13:47:09,810 [INFO] IPUIPlugin:80 - create IPUIPlugin
2023-05-14 13:47:09,810 [INFO] IPUIPlugin:80 - create IPUIPlugin
2023-05-14 13:47:09,810 [INFO] IPUIPlugin:80 - create IPUIPlugin
2023-05-14 13:47:09,810 [INFO] IPUIPlugin:80 - create IPUIPlugin
2023-05-14 13:47:09,811 [INFO] IPUIPlugin:80 - create IPUIPlugin
2023-05-14 13:47:10,313 [INFO] CADModel:165 - CPN selected for project levelSTM32F303VCT6
2023-05-14 13:47:10,313 [INFO] CADModel:114 - Register for checkConnection events
2023-05-14 13:47:10,418 [INFO] OpenFileManager:328 - Restore cursor
2023-05-14 13:47:10,829 [WARN] IP:2113 - lpm_enable not found: check if there is a RefParameter without a condition.
2023-05-14 13:47:10,831 [WARN] IP:2113 - lpm_enable not found: check if there is a RefParameter without a condition.
2023-05-14 13:47:12,175 [INFO] UtilMem:75 - End SaveConfig() Used Memory: 493822024 Bytes (652214272)
2023-05-14 13:47:12,266 [INFO] UtilMem:75 - End SaveConfig() Used Memory: 516890696 Bytes (652214272)
2023-05-14 13:47:12,774 [INFO] BlockDiagram:2759 - set Specific Code input for plugin: SPI
2023-05-14 13:47:12,774 [INFO] BlockDiagram:2759 - set Specific Code input for plugin: TIM1_8F3
2023-05-14 13:47:12,774 [INFO] BlockDiagram:2759 - set Specific Code input for plugin: TIM1_8F3
2023-05-14 13:47:12,774 [INFO] BlockDiagram:2759 - set Specific Code input for plugin: SYS
2023-05-14 13:47:12,774 [INFO] BlockDiagram:2759 - set Specific Code input for plugin: RCC
2023-05-14 13:47:12,774 [INFO] BlockDiagram:2759 - set Specific Code input for plugin: I2C
2023-05-14 13:47:12,774 [INFO] BlockDiagram:2759 - set Specific Code input for plugin: NVIC
2023-05-14 13:47:12,774 [INFO] BlockDiagram:2759 - set Specific Code input for plugin: USART
2023-05-14 13:47:12,774 [INFO] BlockDiagram:2759 - set Specific Code input for plugin: DMA
2023-05-14 13:47:12,774 [INFO] BlockDiagram:2759 - set Specific Code input for plugin: USB
2023-05-14 13:47:12,774 [INFO] BlockDiagram:2759 - set Specific Code input for plugin: GPIO
2023-05-14 13:47:12,775 [INFO] CodeGenerator:793 - code generatio: config db path: /Applications/STM32CubeIDE.app/Contents/Eclipse/plugins/com.st.stm32cube.common.mx_6.8.0.202302231600//db/
2023-05-14 13:47:12,865 [WARN] IP:2113 - lpm_enable not found: check if there is a RefParameter without a condition.
2023-05-14 13:47:13,255 [INFO] CodeEngine:255 - oldGeneratedFile, /Users/neelbagayatkar/Documents/Project/MajorProject_Manshatronics/try/MXTmpFiles/license.tmp_save
2023-05-14 13:47:13,804 [INFO] CodeEngine:279 - Generated code: /Users/neelbagayatkar/Documents/Project/MajorProject_Manshatronics/try/MXTmpFiles/license.tmp
2023-05-14 13:47:14,102 [INFO] CodeEngine:255 - oldGeneratedFile, /Users/neelbagayatkar/Documents/Project/MajorProject_Manshatronics/try/MXTmpFiles/gpio.tmp_save
2023-05-14 13:47:14,275 [INFO] CodeEngine:279 - Generated code: /Users/neelbagayatkar/Documents/Project/MajorProject_Manshatronics/try/MXTmpFiles/gpio.tmp
2023-05-14 13:47:15,513 [INFO] CodeEngine:255 - oldGeneratedFile, /Users/neelbagayatkar/Documents/Project/MajorProject_Manshatronics/try/MXTmpFiles/dma.tmp_save
2023-05-14 13:47:15,626 [INFO] CodeEngine:279 - Generated code: /Users/neelbagayatkar/Documents/Project/MajorProject_Manshatronics/try/MXTmpFiles/dma.tmp
2023-05-14 13:47:15,627 [INFO] CodeEngine:255 - oldGeneratedFile, /Users/neelbagayatkar/Documents/Project/MajorProject_Manshatronics/try/MXTmpFiles/dma_GV.tmp_save
2023-05-14 13:47:15,685 [INFO] CodeEngine:279 - Generated code: /Users/neelbagayatkar/Documents/Project/MajorProject_Manshatronics/try/MXTmpFiles/dma_GV.tmp
2023-05-14 13:47:15,694 [INFO] CodeEngine:255 - oldGeneratedFile, /Users/neelbagayatkar/Documents/Project/MajorProject_Manshatronics/try/Core/Src/stm32f3xx_it.c_save
2023-05-14 13:47:15,828 [INFO] CodeEngine:279 - Generated code: /Users/neelbagayatkar/Documents/Project/MajorProject_Manshatronics/try/Core/Src/stm32f3xx_it.c
2023-05-14 13:47:15,829 [INFO] CodeEngine:255 - oldGeneratedFile, /Users/neelbagayatkar/Documents/Project/MajorProject_Manshatronics/try/Core/Inc/stm32f3xx_it.h_save
2023-05-14 13:47:15,889 [INFO] CodeEngine:279 - Generated code: /Users/neelbagayatkar/Documents/Project/MajorProject_Manshatronics/try/Core/Inc/stm32f3xx_it.h
2023-05-14 13:47:15,894 [INFO] CodeEngine:255 - oldGeneratedFile, /Users/neelbagayatkar/Documents/Project/MajorProject_Manshatronics/try/Core/Src/stm32f3xx_hal_msp.c_save
2023-05-14 13:47:16,046 [INFO] CodeEngine:279 - Generated code: /Users/neelbagayatkar/Documents/Project/MajorProject_Manshatronics/try/Core/Src/stm32f3xx_hal_msp.c
2023-05-14 13:47:16,049 [INFO] CodeEngine:255 - oldGeneratedFile, /Users/neelbagayatkar/Documents/Project/MajorProject_Manshatronics/try/MXTmpFiles/system.tmp_save
2023-05-14 13:47:16,107 [INFO] CodeEngine:279 - Generated code: /Users/neelbagayatkar/Documents/Project/MajorProject_Manshatronics/try/MXTmpFiles/system.tmp
2023-05-14 13:47:16,112 [INFO] CodeEngine:311 - oldGeneratedFile, /Users/neelbagayatkar/Documents/Project/MajorProject_Manshatronics/try/Core/Inc/stm32f3xx_hal_conf.h_save
2023-05-14 13:47:16,174 [INFO] CodeEngine:335 - Generated code: /Users/neelbagayatkar/Documents/Project/MajorProject_Manshatronics/try/Core/Inc/stm32f3xx_hal_conf.h
2023-05-14 13:47:16,219 [WARN] IPConfigManager:3431 - IP not found : TIM
2023-05-14 13:47:16,220 [WARN] CodeGenerator:3754 - IP not found : null
2023-05-14 13:47:16,222 [INFO] CodeEngine:255 - oldGeneratedFile, /Users/neelbagayatkar/Documents/Project/MajorProject_Manshatronics/try/Core/Inc/main.h_save
2023-05-14 13:47:16,310 [INFO] CodeEngine:279 - Generated code: /Users/neelbagayatkar/Documents/Project/MajorProject_Manshatronics/try/Core/Inc/main.h
2023-05-14 13:47:16,312 [INFO] CodeEngine:255 - oldGeneratedFile, /Users/neelbagayatkar/Documents/Project/MajorProject_Manshatronics/try/Core/Src/main.c_save
2023-05-14 13:47:16,479 [INFO] CodeEngine:279 - Generated code: /Users/neelbagayatkar/Documents/Project/MajorProject_Manshatronics/try/Core/Src/main.c
2023-05-14 13:47:17,171 [INFO] ProjectBuilder:2996 - Time for Copy HAL[1] : 68mS.
2023-05-14 13:47:17,192 [INFO] ProjectBuilder:4304 - Project Generator version: 3.19.2
2023-05-14 13:47:17,529 [INFO] ConfigFileManager:1483 - The Die is : DIE422
2023-05-14 13:47:17,545 [INFO] ApiDbMcu:507 - Load IP Config File for FATFS
2023-05-14 13:47:17,550 [INFO] ApiDbMcu:507 - Load IP Config File for FREERTOS
2023-05-14 13:47:17,598 [INFO] ApiDbMcu:507 - Load IP Config File for TOUCHSENSING
2023-05-14 13:47:17,642 [INFO] ApiDbMcu:507 - Load IP Config File for USB_DEVICE
2023-05-14 13:47:19,016 [INFO] LogOutputStream:77 - [STDOUT_REDIRECT] 
2023-05-14 13:47:21,837 [INFO] ProjectBuilder:4505 - Time for Generating toolchain IDE Files: 4627mS.
2023-05-14 13:47:21,852 [INFO] ProjectBuilder:2867 - Time for Copy CMSIS : 3mS.
2023-05-14 13:47:21,857 [INFO] ProjectBuilder:2867 - Time for Copy CMSIS : 0mS.
2023-05-14 13:47:23,195 [INFO] McuFinderGlobals:66 - Set McuFinderConnectedMode to true
2023-05-14 13:47:23,323 [INFO] ApiDb:448 - Save user favorites file /Users/neelbagayatkar/.stm32cubeide/favorites.mcus.txt: 0 item(s)
2023-05-14 13:47:23,323 [INFO] ApiDb:452 - User favorites MCUs=[]
2023-05-14 13:54:26,408 [ERROR] LogOutputStream:75 - [STDERR_REDIRECT] May 14, 2023 1:54:26 PM org.apache.http.impl.execchain.RetryExec execute
2023-05-14 13:54:26,411 [ERROR] LogOutputStream:75 - [STDERR_REDIRECT] INFO: I/O exception (org.apache.http.NoHttpResponseException) caught when processing request to {s}->https://marketplace.eclipse.org:443: The target server failed to respond
2023-05-14 13:54:26,411 [ERROR] LogOutputStream:75 - [STDERR_REDIRECT] 
2023-05-14 13:54:26,412 [ERROR] LogOutputStream:75 - [STDERR_REDIRECT] May 14, 2023 1:54:26 PM org.apache.http.impl.execchain.RetryExec execute
2023-05-14 13:54:26,412 [ERROR] LogOutputStream:75 - [STDERR_REDIRECT] INFO: Retrying request to {s}->https://marketplace.eclipse.org:443
2023-05-14 13:54:26,413 [ERROR] LogOutputStream:75 - [STDERR_REDIRECT] 
2023-05-14 13:58:43,332 [INFO] MainUpdater:2854 - connection check result : 10
2023-05-14 13:58:43,334 [INFO] MainUpdater:2854 - connection check result : 10
2023-05-14 13:58:43,587 [ERROR] IocParser:57 - IOException caught: /Users/neelbagayatkar/Documents/Project/MajorProject_Manshatronics/try/try.ioc (No such file or directory)
2023-05-14 13:58:43,589 [ERROR] PeripheralListParser:95 - Something went wrong with ioc file reading: /Users/neelbagayatkar/Documents/Project/MajorProject_Manshatronics/try/try.ioc (No such file or directory)
2023-05-14 13:58:43,589 [ERROR] RegexParser:59 - Issue caught when parsing regex: /Users/neelbagayatkar/Documents/Project/MajorProject_Manshatronics/try/try.ioc (No such file or directory)
2023-05-14 13:58:43,848 [INFO] I2cTimingTraitement:330 - 0x2000090E
2023-05-14 13:58:43,861 [INFO] MicroXplorer:468 - Change Database Path : 
2023-05-14 13:58:43,861 [INFO] MicroXplorer:498 - Change Database Version : DB.6.0.80
2023-05-14 13:58:43,967 [WARN] ThirdParty:871 - waiting for thirdparty lock release [close project]
2023-05-14 13:58:43,967 [INFO] ThirdParty:873 - entering critical section [close project]
2023-05-14 13:58:43,968 [INFO] ThirdParty:883 - exiting critical section [close project]
2023-05-14 13:58:43,971 [INFO] PinOutPanel:1499 - setPackage(No Configuration,No Configuration)
2023-05-14 13:58:43,982 [INFO] UtilMem:75 - Begin LoadConfig() Used Memory: 524507280 Bytes (890241024)
2023-05-14 13:58:43,983 [INFO] MicroXplorer:468 - Change Database Path : 
2023-05-14 13:58:43,983 [INFO] MicroXplorer:498 - Change Database Version : DB.6.0.80
2023-05-14 13:58:43,983 [INFO] OpenFileManager:308 - Change cursor
2023-05-14 13:58:44,035 [INFO] RulesReader:64 - Compatibility file has been processed (293 Rules)
2023-05-14 13:58:44,042 [INFO] Mcu:1937 - Initializing MCU STM32F303V(B-C)Tx STM32F303VCTx STM32F303VCT6
2023-05-14 13:58:45,394 [INFO] Context:659 - Trying to add GPIOservice into a context  which must be forbidden
2023-05-14 13:58:45,940 [INFO] RtosManager:555 - Registered RTOS mode: class=CMSIS, group=RTOS, mode=CMSIS_V1, owner=FREERTOS
2023-05-14 13:58:45,940 [INFO] RtosManager:555 - Registered RTOS mode: class=CMSIS, group=RTOS2, mode=CMSIS_V2, owner=FREERTOS
2023-05-14 13:58:45,940 [INFO] RtosManager:555 - Registered RTOS mode: class=RTOS, group=Core, mode=CMSIS_V1, owner=FREERTOS
2023-05-14 13:58:45,940 [INFO] RtosManager:555 - Registered RTOS mode: class=RTOS, group=Core, mode=CMSIS_V2, owner=FREERTOS
2023-05-14 13:58:45,940 [WARN] ModelIntegratedComponent:184 - Missing modes for component STMicroelectronics:FreeRTOS:0.0.1:STMicroelectronics:RTOS:FreeRTOS:Core:::10.2.0:
2023-05-14 13:58:45,949 [WARN] ModelIntegratedComponent:63 - No mode defined for component null
2023-05-14 13:58:45,949 [WARN] ModelIntegratedComponent:63 - No mode defined for component null
2023-05-14 13:58:45,949 [WARN] ModelIntegratedComponent:63 - No mode defined for component null
2023-05-14 13:58:45,949 [WARN] ModelIntegratedComponent:63 - No mode defined for component null
2023-05-14 13:58:45,949 [WARN] ModelIntegratedComponent:63 - No mode defined for component null
2023-05-14 13:58:45,949 [WARN] ModelIntegratedComponent:63 - No mode defined for component null
2023-05-14 13:58:45,949 [WARN] ModelIntegratedComponent:63 - No mode defined for component null
2023-05-14 13:58:45,949 [WARN] ModelIntegratedComponent:63 - No mode defined for component null
2023-05-14 13:58:45,950 [WARN] ModelIntegratedComponent:63 - No mode defined for component null
2023-05-14 13:58:45,950 [WARN] ModelIntegratedComponent:63 - No mode defined for component null
2023-05-14 13:58:45,950 [WARN] ModelIntegratedComponent:63 - No mode defined for component null
2023-05-14 13:58:45,950 [WARN] ModelIntegratedComponent:63 - No mode defined for component null
2023-05-14 13:58:45,950 [WARN] ModelIntegratedComponent:63 - No mode defined for component null
2023-05-14 13:58:45,950 [WARN] ModelIntegratedComponent:63 - No mode defined for component null
2023-05-14 13:58:45,950 [WARN] ModelIntegratedComponent:63 - No mode defined for component null
2023-05-14 13:58:45,950 [WARN] ModelIntegratedComponent:63 - No mode defined for component null
2023-05-14 13:58:45,950 [WARN] ModelIntegratedComponent:63 - No mode defined for component null
2023-05-14 13:58:45,950 [WARN] ModelIntegratedComponent:63 - No mode defined for component null
2023-05-14 13:58:45,950 [WARN] ModelIntegratedComponent:63 - No mode defined for component null
2023-05-14 13:58:45,950 [WARN] ModelIntegratedComponent:63 - No mode defined for component null
2023-05-14 13:58:45,950 [WARN] ModelIntegratedComponent:63 - No mode defined for component null
2023-05-14 13:58:45,950 [WARN] ModelIntegratedComponent:63 - No mode defined for component null
2023-05-14 13:58:45,950 [WARN] ModelIntegratedComponent:63 - No mode defined for component null
2023-05-14 13:58:45,950 [WARN] ModelIntegratedComponent:63 - No mode defined for component null
2023-05-14 13:58:45,950 [WARN] ModelIntegratedComponent:63 - No mode defined for component null
2023-05-14 13:58:45,950 [WARN] ModelIntegratedComponent:63 - No mode defined for component null
2023-05-14 13:58:45,950 [WARN] ModelIntegratedComponent:63 - No mode defined for component null
2023-05-14 13:58:45,950 [WARN] ModelIntegratedComponent:63 - No mode defined for component null
2023-05-14 13:58:45,950 [WARN] ModelIntegratedComponent:63 - No mode defined for component null
2023-05-14 13:58:45,950 [WARN] ModelIntegratedComponent:63 - No mode defined for component null
2023-05-14 13:58:45,950 [WARN] ModelIntegratedComponent:63 - No mode defined for component null
2023-05-14 13:58:45,950 [WARN] ModelIntegratedComponent:63 - No mode defined for component null
2023-05-14 13:58:45,950 [WARN] ModelIntegratedComponent:63 - No mode defined for component null
2023-05-14 13:58:46,061 [INFO] ThirdPartyModel:298 - Start build external matchings
2023-05-14 13:58:46,638 [INFO] ThirdPartyModel:316 - End build external matchings
2023-05-14 13:58:46,707 [INFO] ImportTextPane:194 - (OptionalMessage_ERROR) IP (DMA) : Parameter (Instance) has Id (TIM2_CH1) currently not set
2023-05-14 13:58:46,707 [INFO] ImportTextPane:194 - (OptionalMessage_ERROR) IP (DMA) : Parameter (Direction) has Id (TIM2_CH1) currently not set
2023-05-14 13:58:46,707 [INFO] ImportTextPane:194 - (OptionalMessage_ERROR) IP (DMA) : Parameter (PeriphInc) has Id (TIM2_CH1) currently not set
2023-05-14 13:58:46,707 [INFO] ImportTextPane:194 - (OptionalMessage_ERROR) IP (DMA) : Parameter (MemInc) has Id (TIM2_CH1) currently not set
2023-05-14 13:58:46,707 [INFO] ImportTextPane:194 - (OptionalMessage_ERROR) IP (DMA) : Parameter (PeriphDataAlignment) has Id (TIM2_CH1) currently not set
2023-05-14 13:58:46,708 [INFO] ImportTextPane:194 - (OptionalMessage_ERROR) IP (DMA) : Parameter (MemDataAlignment) has Id (TIM2_CH1) currently not set
2023-05-14 13:58:46,708 [INFO] ImportTextPane:194 - (OptionalMessage_ERROR) IP (DMA) : Parameter (Mode) has Id (TIM2_CH1) currently not set
2023-05-14 13:58:46,708 [INFO] ImportTextPane:194 - (OptionalMessage_ERROR) IP (DMA) : Parameter (Priority) has Id (TIM2_CH1) currently not set
2023-05-14 13:58:46,723 [INFO] ImportTextPane:194 - (OptionalMessage_ERROR) IP (RCC) : Invalid parameter (FamilyName)
2023-05-14 13:58:46,726 [INFO] ImportTextPane:194 - (OptionalMessage_ERROR) IP (RCC) : Invalid parameter (TIM2Freq_Value)
2023-05-14 13:58:47,054 [INFO] UtilMem:75 - End LoadConfig() Used Memory: 723360176 Bytes (890241024)
2023-05-14 13:58:47,128 [WARN] ThirdParty:833 - waiting for thirdparty lock release [change project]
2023-05-14 13:58:47,135 [INFO] ThirdParty:835 - entering critical section [change project]
2023-05-14 13:58:47,135 [INFO] ThirdParty:1030 - CMSIS Pack Vendor :STMicroelectronics X-CUBE-ISPU 1.1.0
2023-05-14 13:58:47,135 [INFO] ThirdParty:1030 - CMSIS Pack Vendor :RoweBots I-CUBE-UNISONRTOS 5.5.0-4
2023-05-14 13:58:47,135 [INFO] ThirdParty:1030 - CMSIS Pack Vendor :STMicroelectronics X-CUBE-GNSS1 6.0.0
2023-05-14 13:58:47,136 [INFO] ThirdParty:1030 - CMSIS Pack Vendor :STMicroelectronics USB_HOST 2.0.0
2023-05-14 13:58:47,136 [INFO] ThirdParty:1030 - CMSIS Pack Vendor :STMicroelectronics X-CUBE-AZRTOS-F4 1.1.0
2023-05-14 13:58:47,136 [INFO] ThirdParty:1030 - CMSIS Pack Vendor :STMicroelectronics LIBJPEG 8.0.0
2023-05-14 13:58:47,136 [INFO] ThirdParty:1030 - CMSIS Pack Vendor :STMicroelectronics X-CUBE-SMBUS 2.1.0
2023-05-14 13:58:47,136 [INFO] ThirdParty:1030 - CMSIS Pack Vendor :STMicroelectronics USB_DEVICE 3.0.0
2023-05-14 13:58:47,136 [INFO] ThirdParty:1030 - CMSIS Pack Vendor :STMicroelectronics X-CUBE-AI 8.0.0
2023-05-14 13:58:47,136 [INFO] ThirdParty:1030 - CMSIS Pack Vendor :STMicroelectronics X-CUBE-FREERTOS 1.0.0
2023-05-14 13:58:47,136 [INFO] ThirdParty:1030 - CMSIS Pack Vendor :STMicroelectronics X-CUBE-FREERTOS 1.0.1
2023-05-14 13:58:47,136 [INFO] ThirdParty:1030 - CMSIS Pack Vendor :STMicroelectronics X-CUBE-TOUCHGFX 4.21.1
2023-05-14 13:58:47,136 [INFO] ThirdParty:1030 - CMSIS Pack Vendor :STMicroelectronics X-CUBE-TOUCHGFX 4.21.3
2023-05-14 13:58:47,136 [INFO] ThirdParty:1030 - CMSIS Pack Vendor :STMicroelectronics X-CUBE-AZRTOS-F7 1.1.0
2023-05-14 13:58:47,136 [INFO] ThirdParty:1030 - CMSIS Pack Vendor :STMicroelectronics USB_DEVICE 2.0.0
2023-05-14 13:58:47,136 [INFO] ThirdParty:1030 - CMSIS Pack Vendor :STMicroelectronics X-CUBE-MEMS1 9.6.0
2023-05-14 13:58:47,136 [INFO] ThirdParty:1030 - CMSIS Pack Vendor :STMicroelectronics FP-SNS-MOTENV1 4.3.0
2023-05-14 13:58:47,136 [INFO] ThirdParty:1030 - CMSIS Pack Vendor :STMicroelectronics FP-SNS-FLIGHT1 5.0.0
2023-05-14 13:58:47,136 [INFO] ThirdParty:1030 - CMSIS Pack Vendor :STMicroelectronics X-CUBE-ALGOBUILD 1.3.0
2023-05-14 13:58:47,136 [INFO] ThirdParty:1030 - CMSIS Pack Vendor :STMicroelectronics X-CUBE-BLE1 6.2.4
2023-05-14 13:58:47,136 [INFO] ThirdParty:1030 - CMSIS Pack Vendor :STMicroelectronics X-CUBE-AZRTOS-L5 1.1.0
2023-05-14 13:58:47,136 [INFO] ThirdParty:1030 - CMSIS Pack Vendor :STMicroelectronics FreeRTOS 0.0.1
2023-05-14 13:58:47,136 [INFO] ThirdParty:1030 - CMSIS Pack Vendor :emotas I-CUBE-CANOPEN 1.1.3
2023-05-14 13:58:47,136 [INFO] ThirdParty:1030 - CMSIS Pack Vendor :STMicroelectronics X-CUBE-AZRTOS-G0 1.1.0
2023-05-14 13:58:47,136 [INFO] ThirdParty:1030 - CMSIS Pack Vendor :STMicroelectronics X-CUBE-BLEMGR 2.0.0
2023-05-14 13:58:47,136 [INFO] ThirdParty:1030 - CMSIS Pack Vendor :STMicroelectronics X-CUBE-SUBG2 5.0.0
2023-05-14 13:58:47,136 [INFO] ThirdParty:1030 - CMSIS Pack Vendor :STMicroelectronics X-CUBE-NFC4 3.0.0
2023-05-14 13:58:47,136 [INFO] ThirdParty:1030 - CMSIS Pack Vendor :STMicroelectronics STM32_WPAN 1.0.0
2023-05-14 13:58:47,136 [INFO] ThirdParty:1030 - CMSIS Pack Vendor :STMicroelectronics lwIP 2.0.3
2023-05-14 13:58:47,136 [INFO] ThirdParty:1030 - CMSIS Pack Vendor :STMicroelectronics USB_HOST 1.0.0
2023-05-14 13:58:47,136 [INFO] ThirdParty:1030 - CMSIS Pack Vendor :STMicroelectronics X-CUBE-AZRTOS-G4 2.0.0
2023-05-14 13:58:47,136 [INFO] ThirdParty:1030 - CMSIS Pack Vendor :STMicroelectronics PDM2PCM 3.1.0
2023-05-14 13:58:47,136 [INFO] ThirdParty:1030 - CMSIS Pack Vendor :STMicroelectronics X-CUBE-AZRTOS-H7 3.1.0
2023-05-14 13:58:47,136 [INFO] ThirdParty:1030 - CMSIS Pack Vendor :STMicroelectronics X-CUBE-TOF1 3.3.0
2023-05-14 13:58:47,137 [INFO] ThirdParty:1030 - CMSIS Pack Vendor :STMicroelectronics FP-ATR-ASTRA1 1.1.1
2023-05-14 13:58:47,137 [INFO] ThirdParty:1030 - CMSIS Pack Vendor :STMicroelectronics PDM2PCM 3.3.0
2023-05-14 13:58:47,137 [INFO] ThirdParty:1030 - CMSIS Pack Vendor :STMicroelectronics X-CUBE-DISPLAY 3.0.0
2023-05-14 13:58:47,137 [INFO] ThirdParty:1030 - CMSIS Pack Vendor :STMicroelectronics X-CUBE-AZRTOS-G4 1.0.0
2023-05-14 13:58:47,137 [INFO] ThirdParty:1030 - CMSIS Pack Vendor :STMicroelectronics FP-ATR-SIGFOX1 3.2.0
2023-05-14 13:58:47,137 [INFO] ThirdParty:1030 - CMSIS Pack Vendor :wolfSSL I-CUBE-wolfSSL 5.5.4
2023-05-14 13:58:47,137 [INFO] ThirdParty:1030 - CMSIS Pack Vendor :STMicroelectronics X-CUBE-AZRTOS-L4 1.0.0
2023-05-14 13:58:47,137 [INFO] ThirdParty:1030 - CMSIS Pack Vendor :STMicroelectronics HAL Drivers 0.0.0
2023-05-14 13:58:47,138 [INFO] ThirdParty:1030 - CMSIS Pack Vendor :STMicroelectronics MBEDTLS 2.16.2
2023-05-14 13:58:47,138 [INFO] ThirdParty:1030 - CMSIS Pack Vendor :STMicroelectronics MBEDTLS 2.14.1
2023-05-14 13:58:47,138 [INFO] ThirdParty:1030 - CMSIS Pack Vendor :STMicroelectronics X-CUBE-NFC7 1.0.0
2023-05-14 13:58:47,141 [INFO] ThirdParty:1030 - CMSIS Pack Vendor :STMicroelectronics X-CUBE-AZRTOS-WL 1.0.0
2023-05-14 13:58:47,142 [INFO] ThirdParty:1030 - CMSIS Pack Vendor :STMicroelectronics X-CUBE-EEPRMA1 4.1.0
2023-05-14 13:58:47,142 [INFO] ThirdParty:1030 - CMSIS Pack Vendor :portGmbH I-Cube-SoM-uGOAL 1.1.0
2023-05-14 13:58:47,142 [INFO] ThirdParty:1030 - CMSIS Pack Vendor :STMicroelectronics X-CUBE-ALS 1.0.1
2023-05-14 13:58:47,142 [INFO] ThirdParty:1030 - CMSIS Pack Vendor :STMicroelectronics X-CUBE-MEMS1 9.5.0
2023-05-14 13:58:47,142 [INFO] ThirdParty:1030 - CMSIS Pack Vendor :STMicroelectronics ThreadX 1.0.0
2023-05-14 13:58:47,142 [INFO] ThirdParty:1030 - CMSIS Pack Vendor :STMicroelectronics X-CUBE-AZRTOS-WB 1.1.0
2023-05-14 13:58:47,142 [INFO] ThirdParty:1030 - CMSIS Pack Vendor :SEGGER I-CUBE-embOS 1.3.1
2023-05-14 13:58:47,142 [INFO] ThirdParty:1030 - CMSIS Pack Vendor :STMicroelectronics USB_DEVICE 1.0.0
2023-05-14 13:58:47,142 [INFO] ThirdParty:1030 - CMSIS Pack Vendor :STMicroelectronics ThreadX 0.0.2
2023-05-14 13:58:47,142 [INFO] ThirdParty:1030 - CMSIS Pack Vendor :WES I-CUBE-Cesium 1.3.0
2023-05-14 13:58:47,142 [INFO] ThirdParty:1030 - CMSIS Pack Vendor :STMicroelectronics FP-ATR-ASTRA1 2.0.0
2023-05-14 13:58:47,142 [INFO] ThirdParty:1030 - CMSIS Pack Vendor :STMicroelectronics lwIP 2.1.2
2023-05-14 13:58:47,142 [INFO] ThirdParty:1030 - CMSIS Pack Vendor :STMicroelectronics X-CUBE-SFXS2LP1 4.0.0
2023-05-14 13:58:47,142 [INFO] ThirdParty:1030 - CMSIS Pack Vendor :STMicroelectronics X-CUBE-BLE2 3.3.0
2023-05-14 13:58:47,143 [INFO] ThirdParty:1030 - CMSIS Pack Vendor :STMicroelectronics X-CUBE-TOF1 3.2.0
2023-05-14 13:58:47,143 [INFO] ThirdParty:1030 - CMSIS Pack Vendor :STMicroelectronics PDM2PCM 3.2.0
2023-05-14 13:58:47,143 [INFO] ThirdParty:1030 - CMSIS Pack Vendor :STMicroelectronics X-CUBE-AZRTOS-H7 3.0.0
2023-05-14 13:58:47,144 [INFO] ThirdParty:841 - exiting critical section [change project]
2023-05-14 13:58:47,838 [INFO] PinOutPanel:1499 - setPackage(No Configuration,No Configuration)
2023-05-14 13:58:47,845 [INFO] PinOutPanel:1499 - setPackage(STM32F303VCTx,LQFP100)
2023-05-14 13:58:48,496 [INFO] UtilMem:75 - Before build in PCC Used Memory: 539513664 Bytes (890241024)
2023-05-14 13:58:49,050 [INFO] UtilMem:75 - After build in PCC Used Memory: 585169136 Bytes (890241024)
2023-05-14 13:58:49,109 [INFO] IPUIPlugin:80 - create IPUIPlugin
2023-05-14 13:58:49,110 [INFO] IPUIPlugin:80 - create IPUIPlugin
2023-05-14 13:58:49,110 [INFO] IPUIPlugin:80 - create IPUIPlugin
2023-05-14 13:58:49,110 [INFO] IPUIPlugin:80 - create IPUIPlugin
2023-05-14 13:58:49,110 [INFO] IPUIPlugin:80 - create IPUIPlugin
2023-05-14 13:58:49,111 [INFO] IPUIPlugin:80 - create IPUIPlugin
2023-05-14 13:58:49,111 [INFO] IPUIPlugin:80 - create IPUIPlugin
2023-05-14 13:58:49,111 [INFO] IPUIPlugin:80 - create IPUIPlugin
2023-05-14 13:58:49,111 [INFO] IPUIPlugin:80 - create IPUIPlugin
2023-05-14 13:58:49,111 [INFO] IPUIPlugin:80 - create IPUIPlugin
2023-05-14 13:58:49,111 [INFO] IPUIPlugin:80 - create IPUIPlugin
2023-05-14 13:58:49,111 [INFO] IPUIPlugin:80 - create IPUIPlugin
2023-05-14 13:58:49,111 [INFO] IPUIPlugin:80 - create IPUIPlugin
2023-05-14 13:58:49,111 [INFO] IPUIPlugin:80 - create IPUIPlugin
2023-05-14 13:58:49,111 [INFO] IPUIPlugin:80 - create IPUIPlugin
2023-05-14 13:58:49,111 [INFO] IPUIPlugin:80 - create IPUIPlugin
2023-05-14 13:58:49,111 [INFO] IPUIPlugin:80 - create IPUIPlugin
2023-05-14 13:58:49,112 [INFO] IPUIPlugin:80 - create IPUIPlugin
2023-05-14 13:58:49,112 [INFO] IPUIPlugin:80 - create IPUIPlugin
2023-05-14 13:58:49,112 [INFO] IPUIPlugin:80 - create IPUIPlugin
2023-05-14 13:58:49,112 [INFO] IPUIPlugin:80 - create IPUIPlugin
2023-05-14 13:58:49,112 [INFO] IPUIPlugin:80 - create IPUIPlugin
2023-05-14 13:58:49,114 [INFO] IPUIPlugin:80 - create IPUIPlugin
2023-05-14 13:58:49,114 [INFO] IPUIPlugin:80 - create IPUIPlugin
2023-05-14 13:58:49,114 [INFO] IPUIPlugin:80 - create IPUIPlugin
2023-05-14 13:58:49,114 [INFO] IPUIPlugin:80 - create IPUIPlugin
2023-05-14 13:58:49,114 [INFO] IPUIPlugin:80 - create IPUIPlugin
2023-05-14 13:58:49,114 [INFO] IPUIPlugin:80 - create IPUIPlugin
2023-05-14 13:58:49,115 [INFO] IPUIPlugin:80 - create IPUIPlugin
2023-05-14 13:58:49,115 [INFO] IPUIPlugin:80 - create IPUIPlugin
2023-05-14 13:58:49,116 [INFO] IPUIPlugin:80 - create IPUIPlugin
2023-05-14 13:58:49,117 [INFO] IPUIPlugin:80 - create IPUIPlugin
2023-05-14 13:58:49,117 [INFO] IPUIPlugin:80 - create IPUIPlugin
2023-05-14 13:58:49,117 [INFO] IPUIPlugin:80 - create IPUIPlugin
2023-05-14 13:58:49,117 [INFO] IPUIPlugin:80 - create IPUIPlugin
2023-05-14 13:58:49,117 [INFO] IPUIPlugin:80 - create IPUIPlugin
2023-05-14 13:58:49,117 [INFO] IPUIPlugin:80 - create IPUIPlugin
2023-05-14 13:58:49,117 [INFO] IPUIPlugin:80 - create IPUIPlugin
2023-05-14 13:58:49,117 [INFO] IPUIPlugin:80 - create IPUIPlugin
2023-05-14 13:58:49,117 [INFO] IPUIPlugin:80 - create IPUIPlugin
2023-05-14 13:58:49,117 [INFO] IPUIPlugin:80 - create IPUIPlugin
2023-05-14 13:58:49,117 [INFO] IPUIPlugin:80 - create IPUIPlugin
2023-05-14 13:58:49,117 [INFO] IPUIPlugin:80 - create IPUIPlugin
2023-05-14 13:58:49,118 [INFO] IPUIPlugin:80 - create IPUIPlugin
2023-05-14 13:58:49,118 [INFO] IPUIPlugin:80 - create IPUIPlugin
2023-05-14 13:58:49,118 [INFO] IPUIPlugin:80 - create IPUIPlugin
2023-05-14 13:58:49,118 [INFO] IPUIPlugin:80 - create IPUIPlugin
2023-05-14 13:58:49,118 [INFO] IPUIPlugin:80 - create IPUIPlugin
2023-05-14 13:58:49,118 [INFO] IPUIPlugin:80 - create IPUIPlugin
2023-05-14 13:58:49,118 [INFO] IPUIPlugin:80 - create IPUIPlugin
2023-05-14 13:58:49,119 [INFO] IPUIPlugin:80 - create IPUIPlugin
2023-05-14 13:58:49,119 [INFO] IPUIPlugin:80 - create IPUIPlugin
2023-05-14 13:58:49,120 [INFO] IPUIPlugin:80 - create IPUIPlugin
2023-05-14 13:58:49,120 [INFO] IPUIPlugin:80 - create IPUIPlugin
2023-05-14 13:58:49,120 [INFO] IPUIPlugin:80 - create IPUIPlugin
2023-05-14 13:58:49,226 [INFO] CADModel:165 - CPN selected for project levelSTM32F303VCT6
2023-05-14 13:58:49,226 [INFO] CADModel:114 - Register for checkConnection events
2023-05-14 13:58:49,271 [INFO] OpenFileManager:328 - Restore cursor
2023-05-14 13:58:49,508 [WARN] IP:2113 - lpm_enable not found: check if there is a RefParameter without a condition.
2023-05-14 13:58:49,509 [WARN] IP:2113 - lpm_enable not found: check if there is a RefParameter without a condition.
2023-05-14 14:02:18,981 [INFO] MainUpdater:2854 - connection check result : 10
2023-05-14 14:02:19,407 [INFO] McuFinderGlobals:66 - Set McuFinderConnectedMode to true
2023-05-14 14:02:19,412 [INFO] MultiScanPanel:200 - Auto-refresh data requested => check proxy status ongoing
2023-05-14 14:02:19,414 [INFO] FinderPluginLoader:95 - Searching for filters in installed packs
2023-05-14 14:02:20,009 [INFO] LoadUrlFilesThread:185 - End of LoadServerUrlFiles without Thread
2023-05-14 14:02:20,009 [INFO] DetailPanel:341 - Set advertising image to /Users/neelbagayatkar/STM32Cube/Repository//en.prom-stm32h5-mcu-finder.jpg
2023-05-14 14:02:24,155 [INFO] MultiScanPanel:200 - Auto-refresh data requested => check proxy status ongoing
2023-05-14 14:02:24,356 [INFO] LoadUrlFilesThread:185 - End of LoadServerUrlFiles without Thread
2023-05-14 14:02:24,357 [INFO] DetailPanel:341 - Set advertising image to /Users/neelbagayatkar/STM32Cube/Repository//en.prom-stm32h5-mcu-finder.jpg
2023-05-14 14:04:26,538 [INFO] MainUpdater:2854 - connection check result : 10
2023-05-14 14:04:26,542 [INFO] MainUpdater:2854 - connection check result : 10
2023-05-14 14:04:26,969 [INFO] I2cTimingTraitement:330 - 0x2000090E
2023-05-14 14:04:26,974 [INFO] MicroXplorer:468 - Change Database Path : 
2023-05-14 14:04:26,974 [INFO] MicroXplorer:498 - Change Database Version : DB.6.0.80
2023-05-14 14:04:27,031 [WARN] ThirdParty:871 - waiting for thirdparty lock release [close project]
2023-05-14 14:04:27,031 [INFO] ThirdParty:873 - entering critical section [close project]
2023-05-14 14:04:27,031 [INFO] ThirdParty:883 - exiting critical section [close project]
2023-05-14 14:04:27,033 [INFO] PinOutPanel:1499 - setPackage(No Configuration,No Configuration)
2023-05-14 14:04:27,035 [INFO] UtilMem:75 - Begin LoadConfig() Used Memory: 672007320 Bytes (890241024)
2023-05-14 14:04:27,036 [INFO] OpenFileManager:308 - Change cursor
2023-05-14 14:04:27,052 [INFO] ProjectFactory:402 - No CPN specified for board STM32F3DISCOVERY => set CPN to STM32F303VCT6
2023-05-14 14:04:27,053 [INFO] Mcu:1937 - Initializing MCU STM32F303V(B-C)Tx STM32F303VCTx STM32F303VCT6
2023-05-14 14:04:28,420 [INFO] Context:659 - Trying to add GPIOservice into a context  which must be forbidden
2023-05-14 14:04:28,876 [INFO] Rule:228 - rule 117617 - U5Cobra4M][GTZC] default value MPCBB3 and MPCBB5 - Not Secured memory - MPCBB1 is applicable
2023-05-14 14:04:28,878 [INFO] Rule:228 - rule 117617 - U5Cobra4M][GTZC] default value MPCBB3 and MPCBB5 - Not Secured memory - MPCBB1 is applicable
2023-05-14 14:04:28,878 [INFO] Rule:228 - rule 117617 - U5Cobra4M][GTZC] default value MPCBB3 and MPCBB5 - Not Secured memory - MPCBB2 is applicable
2023-05-14 14:04:28,878 [INFO] Rule:228 - rule 117617 - U5Cobra4M][GTZC] default value MPCBB3 and MPCBB5 - Not Secured memory - MPCBB2 is applicable
2023-05-14 14:04:28,878 [INFO] Rule:228 - rule 117617 - U5Cobra4M][GTZC] default value MPCBB3 and MPCBB5 - Not Secured memory - MPCBB3 is applicable
2023-05-14 14:04:28,878 [INFO] Rule:228 - rule 117617 - U5Cobra4M][GTZC] default value MPCBB3 and MPCBB5 - Not Secured memory - MPCBB3 is applicable
2023-05-14 14:04:28,878 [INFO] Rule:228 - rule 117617 - U5Cobra4M][GTZC] default value MPCBB3 and MPCBB5 - Not Secured memory - MPCBB4 is applicable
2023-05-14 14:04:28,878 [INFO] Rule:228 - rule 117617 - U5Cobra4M][GTZC] default value MPCBB3 and MPCBB5 - Not Secured memory - MPCBB4 is applicable
2023-05-14 14:04:28,878 [INFO] Rule:228 - rule 117617 - U5Cobra4M][GTZC] default value MPCBB3 and MPCBB5 - Secured memory - MPCBB1 is applicable
2023-05-14 14:04:28,878 [INFO] Rule:228 - rule 117617 - U5Cobra4M][GTZC] default value MPCBB3 and MPCBB5 - Secured memory - MPCBB2 is applicable
2023-05-14 14:04:28,878 [INFO] Rule:228 - rule 117617 - U5Cobra4M][GTZC] default value MPCBB3 and MPCBB5 - Secured memory - MPCBB3 is applicable
2023-05-14 14:04:28,878 [INFO] Rule:228 - rule 117617 - U5Cobra4M][GTZC] default value MPCBB3 and MPCBB5 - Secured memory - MPCBB4 is applicable
2023-05-14 14:04:28,878 [INFO] Rule:228 - rule 117617 - U5Cobra4M][GTZC] default value MPCBB3 and MPCBB5 - Privileged memory - MPCBB1 is applicable
2023-05-14 14:04:28,878 [INFO] Rule:228 - rule 117617 - U5Cobra4M][GTZC] default value MPCBB3 and MPCBB5 - Privileged memory - MPCBB2 is applicable
2023-05-14 14:04:28,878 [INFO] Rule:228 - rule 117617 - U5Cobra4M][GTZC] default value MPCBB3 and MPCBB5 - Privileged memory - MPCBB3 is applicable
2023-05-14 14:04:28,878 [INFO] Rule:228 - rule 117617 - U5Cobra4M][GTZC] default value MPCBB3 and MPCBB5 - Privileged memory - MPCBB4 is applicable
2023-05-14 14:04:28,878 [INFO] Rule:228 - rule 117617 - U5Cobra4M][GTZC] default value MPCBB3 and MPCBB5 - Not Privileged memory - MPCBB1 is applicable
2023-05-14 14:04:28,879 [INFO] Rule:228 - rule 117617 - U5Cobra4M][GTZC] default value MPCBB3 and MPCBB5 - Not Privileged memory - MPCBB2 is applicable
2023-05-14 14:04:28,879 [INFO] Rule:228 - rule 117617 - U5Cobra4M][GTZC] default value MPCBB3 and MPCBB5 - Not Privileged memory - MPCBB3 is applicable
2023-05-14 14:04:28,879 [INFO] Rule:228 - rule 117617 - U5Cobra4M][GTZC] default value MPCBB3 and MPCBB5 - Not Privileged memory - MPCBB4 is applicable
2023-05-14 14:04:28,879 [INFO] Rule:228 - rule 117617 - U5Cobra4M][GTZC] default value MPCBB3 and MPCBB5 - Privileged memory - MPCBB1 is applicable
2023-05-14 14:04:28,879 [INFO] Rule:228 - rule 117617 - U5Cobra4M][GTZC] default value MPCBB3 and MPCBB5 - Privileged memory - MPCBB2 is applicable
2023-05-14 14:04:28,880 [INFO] Rule:228 - rule 117617 - U5Cobra4M][GTZC] default value MPCBB3 and MPCBB5 - Privileged memory - MPCBB3 is applicable
2023-05-14 14:04:28,880 [INFO] Rule:228 - rule 117617 - U5Cobra4M][GTZC] default value MPCBB3 and MPCBB5 - Privileged memory - MPCBB4 is applicable
2023-05-14 14:04:28,880 [INFO] Rule:228 - rule 117617 - U5Cobra4M][GTZC] default value MPCBB3 and MPCBB5 - Privileged memory - MPCBB1 is applicable
2023-05-14 14:04:28,880 [INFO] Rule:228 - rule 117617 - U5Cobra4M][GTZC] default value MPCBB3 and MPCBB5 - Privileged memory - MPCBB2 is applicable
2023-05-14 14:04:28,880 [INFO] Rule:228 - rule 117617 - U5Cobra4M][GTZC] default value MPCBB3 and MPCBB5 - Privileged memory - MPCBB3 is applicable
2023-05-14 14:04:28,880 [INFO] Rule:228 - rule 117617 - U5Cobra4M][GTZC] default value MPCBB3 and MPCBB5 - Privileged memory - MPCBB4 is applicable
2023-05-14 14:04:28,880 [INFO] Rule:228 - rule 117617 - U5Cobra4M][GTZC] default value MPCBB3 and MPCBB5 - Not Privileged memory - MPCBB1 is applicable
2023-05-14 14:04:28,880 [INFO] Rule:228 - rule 117617 - U5Cobra4M][GTZC] default value MPCBB3 and MPCBB5 - Not Privileged memory - MPCBB2 is applicable
2023-05-14 14:04:28,880 [INFO] Rule:228 - rule 117617 - U5Cobra4M][GTZC] default value MPCBB3 and MPCBB5 - Not Privileged memory - MPCBB3 is applicable
2023-05-14 14:04:28,880 [INFO] Rule:228 - rule 117617 - U5Cobra4M][GTZC] default value MPCBB3 and MPCBB5 - Not Privileged memory - MPCBB4 is applicable
2023-05-14 14:04:28,880 [INFO] Rule:228 - rule 117617 - U5Cobra4M][GTZC] default value MPCBB3 and MPCBB5 - Privileged memory - MPCBB1 is applicable
2023-05-14 14:04:28,880 [INFO] Rule:228 - rule 117617 - U5Cobra4M][GTZC] default value MPCBB3 and MPCBB5 - Privileged memory - MPCBB2 is applicable
2023-05-14 14:04:28,881 [INFO] Rule:228 - rule 117617 - U5Cobra4M][GTZC] default value MPCBB3 and MPCBB5 - Privileged memory - MPCBB3 is applicable
2023-05-14 14:04:28,882 [INFO] Rule:228 - rule 117617 - U5Cobra4M][GTZC] default value MPCBB3 and MPCBB5 - Privileged memory - MPCBB4 is applicable
2023-05-14 14:04:28,883 [INFO] Rule:228 - rule Rename SubGHz_Phy SUBGHZ_APPLICATION SUBGHZ_PINGPONG to SUBGHZ_ADV_APPLICATION is applicable
2023-05-14 14:04:28,883 [INFO] Rule:228 - rule Rename Enabled to IBEACON is applicable
2023-05-14 14:04:28,883 [INFO] Rule:228 - rule GTZC_S instance for project manager is applicable
2023-05-14 14:04:28,883 [INFO] Rule:228 - rule GTZC_S instance for context M33S is applicable
2023-05-14 14:04:28,883 [INFO] Rule:228 - rule GTZC_S instance value for IP GTZC is applicable
2023-05-14 14:04:28,883 [INFO] Rule:228 - rule GTZC_S instance for mcu.IP is applicable
2023-05-14 14:04:28,883 [INFO] Rule:228 - rule GTZC_S instance for VP is applicable
2023-05-14 14:04:28,883 [INFO] Rule:228 - rule GTZC_S instance for signal is applicable
2023-05-14 14:04:28,883 [INFO] Rule:228 - rule GTZC_S instance for mcu.Pin is applicable
2023-05-14 14:04:28,883 [INFO] Rule:228 - rule GTZC_S instance for VP is applicable
2023-05-14 14:04:28,883 [INFO] Rule:228 - rule GTZC_S instance for signal is applicable
2023-05-14 14:04:28,883 [INFO] Rule:228 - rule GTZC_S instance for mcu is applicable
2023-05-14 14:04:28,883 [INFO] Rule:228 - rule GTZC_S instance for mcu.Pin is applicable
2023-05-14 14:04:28,883 [INFO] Rule:228 - rule GTZC_S instance value for IP GTZC is applicable
2023-05-14 14:04:28,883 [INFO] Rule:228 - rule GTZC_S instance for project manager is applicable
2023-05-14 14:04:28,883 [INFO] Rule:228 - rule GTZC_S instance for context M33S is applicable
2023-05-14 14:04:28,883 [INFO] Rule:228 - rule GTZC_S instance for VP is applicable
2023-05-14 14:04:28,883 [INFO] Rule:228 - rule GTZC_S instance for signal is applicable
2023-05-14 14:04:28,883 [INFO] Rule:228 - rule SPDIFRX instance for mcu is applicable
2023-05-14 14:04:28,883 [INFO] Rule:228 - rule Rename Tracer Mode is applicable
2023-05-14 14:04:28,883 [INFO] Rule:228 - rule SPDIFRX instance value for IP SPDIFRX is applicable
2023-05-14 14:04:28,883 [INFO] Rule:228 - rule SPDIFRX instance for signal is applicable
2023-05-14 14:04:28,883 [INFO] Rule:228 - rule SPDIFRX instance for project manager is applicable
2023-05-14 14:04:28,883 [INFO] Rule:228 - rule SPDIFRX instance for project manager is applicable
2023-05-14 14:04:28,883 [INFO] Rule:228 - rule ADC Scan  fix with FW F7 is applicable
2023-05-14 14:04:28,883 [INFO] Rule:228 - rule ADC Scan  fix with FW F7 is applicable
2023-05-14 14:04:28,883 [INFO] Rule:228 - rule WakeUp0 Mode is applicable
2023-05-14 14:04:28,883 [INFO] Rule:228 - rule WakeUp0 SIGNAL is applicable
2023-05-14 14:04:28,883 [INFO] Rule:228 - rule WakeUp1 Mode is applicable
2023-05-14 14:04:28,883 [INFO] Rule:228 - rule WakeUp1 SIGNAL is applicable
2023-05-14 14:04:28,883 [INFO] Rule:228 - rule WakeUp2 Mode is applicable
2023-05-14 14:04:28,883 [INFO] Rule:228 - rule WakeUp2 SIGNAL is applicable
2023-05-14 14:04:28,883 [INFO] Rule:228 - rule WakeUp4 Mode is applicable
2023-05-14 14:04:28,884 [INFO] Rule:228 - rule WakeUp4 SIGNAL is applicable
2023-05-14 14:04:28,884 [INFO] Rule:228 - rule WakeUp5 Mode is applicable
2023-05-14 14:04:28,884 [INFO] Rule:228 - rule WakeUp5 SIGNAL is applicable
2023-05-14 14:04:28,884 [INFO] Rule:228 - rule Add RTC Activate Clock Source is applicable
2023-05-14 14:04:28,884 [INFO] Rule:228 - rule Add RTC Activate Calendar 1 is applicable
2023-05-14 14:04:28,884 [INFO] Rule:228 - rule Add RTC Activate Calendar 2 is applicable
2023-05-14 14:04:28,884 [INFO] Rule:228 - rule Add RTC Activate Calendar 3 is applicable
2023-05-14 14:04:28,884 [INFO] Rule:228 - rule UART/USART TX Mode is applicable
2023-05-14 14:04:28,884 [INFO] Rule:228 - rule UART/USART RX Mode is applicable
2023-05-14 14:04:28,884 [INFO] Rule:228 - rule UART/USART RX TX Mode is applicable
2023-05-14 14:04:28,884 [INFO] Rule:228 - rule UART/USART PARITY NONE is applicable
2023-05-14 14:04:28,884 [INFO] Rule:228 - rule UART/USART PARITY EVEN is applicable
2023-05-14 14:04:28,884 [INFO] Rule:228 - rule UART/USART PARITY ODD is applicable
2023-05-14 14:04:28,884 [INFO] Rule:228 - rule USART StopBits 1 is applicable
2023-05-14 14:04:28,884 [INFO] Rule:228 - rule USART StopBits 2 is applicable
2023-05-14 14:04:28,884 [INFO] Rule:228 - rule USART StopBits 1.5 is applicable
2023-05-14 14:04:28,884 [INFO] Rule:228 - rule USART StopBits 0.5 is applicable
2023-05-14 14:04:28,884 [INFO] Rule:228 - rule UART/USART WORD LENGTH 7 is applicable
2023-05-14 14:04:28,884 [INFO] Rule:228 - rule UART/USART WORD LENGTH 8 is applicable
2023-05-14 14:04:28,884 [INFO] Rule:228 - rule UART/USART WORD LENGTH 9 is applicable
2023-05-14 14:04:28,884 [INFO] Rule:228 - rule Rename FMC NAND NCE signal is applicable
2023-05-14 14:04:28,884 [INFO] Rule:228 - rule Rename FMC NAND INT signal is applicable
2023-05-14 14:04:28,884 [INFO] Rule:228 - rule Change Default Value for LSE Drive Capability for WB family is applicable
2023-05-14 14:04:28,884 [INFO] Rule:228 - rule Change Default Value for ADC Clock Prescaler G0 family is applicable
2023-05-14 14:04:28,884 [INFO] Rule:228 - rule Change Default Value for ADC ExternalTrigConv L4 family is applicable
2023-05-14 14:04:28,884 [INFO] Rule:228 - rule Change Default Value for ADC ExternalTrigInjecConv L4 family is applicable
2023-05-14 14:04:28,885 [INFO] Rule:228 - rule Change Default Value for ADC ExternalTrigConv F3 family is applicable
2023-05-14 14:04:28,885 [INFO] Rule:228 - rule Change Default Value for ADC ExternalTrigInjecConv F3 family is applicable
2023-05-14 14:04:28,885 [INFO] Rule:228 - rule Change Default Value for ADC ExternalTrigConv Goldfish serie is applicable
2023-05-14 14:04:28,885 [INFO] Rule:228 - rule Change Default Value for ADC ExternalTrigInjecConv Goldfish serie is applicable
2023-05-14 14:04:28,885 [INFO] Rule:228 - rule Change Default Value for ADC ExternalTrigConv L0 family is applicable
2023-05-14 14:04:28,885 [INFO] Rule:228 - rule Change Default Value for ADC ExternalTrigConv F0 family is applicable
2023-05-14 14:04:28,885 [INFO] Rule:228 - rule Change Default Value for ADC ExternalTrigConvn L1 family is applicable
2023-05-14 14:04:28,885 [INFO] Rule:228 - rule Change Default Value for ADC ExternalTrigInjecConv L1 family is applicable
2023-05-14 14:04:28,885 [INFO] Rule:228 - rule Change Default Value for ADC ExternalTrigConv F1 family is applicable
2023-05-14 14:04:28,885 [INFO] Rule:228 - rule Change Default Value for ADC ExternalTrigInjecConv F1 family is applicable
2023-05-14 14:04:28,885 [INFO] Rule:228 - rule Change Default Value for ADC ExternalTrigConv F7 family is applicable
2023-05-14 14:04:28,885 [INFO] Rule:228 - rule Change Default Value for ADC ExternalTrigInjecConv F7 family is applicable
2023-05-14 14:04:28,885 [INFO] Rule:228 - rule Change Default Value for ADC ExternalTrigConv F4 and F2 family is applicable
2023-05-14 14:04:28,885 [INFO] Rule:228 - rule Change Default Value for ADC ExternalTrigInjecConv F4 and F2 family is applicable
2023-05-14 14:04:28,885 [INFO] Rule:228 - rule ADC SamplingTime fix with FW L0  is applicable
2023-05-14 14:04:28,885 [INFO] Rule:228 - rule ADC SamplingTime fix with FW L0  is applicable
2023-05-14 14:04:28,885 [INFO] Rule:228 - rule ADC SamplingTime fix with FW L0 is applicable
2023-05-14 14:04:28,885 [INFO] Rule:228 - rule ADC SamplingTime fix with FW L0 is applicable
2023-05-14 14:04:28,885 [INFO] Rule:228 - rule ADC SamplingTime fix with FW L0  is applicable
2023-05-14 14:04:28,885 [INFO] Rule:228 - rule ADC SamplingTime fix with FW L0 is applicable
2023-05-14 14:04:28,885 [INFO] Rule:228 - rule Rename USB_OE Signal is applicable
2023-05-14 14:04:28,885 [INFO] Rule:228 - rule Rename Activate_OE Mode is applicable
2023-05-14 14:04:28,885 [INFO] Rule:228 - rule Rename DIE462/DIE415 pin PC14/OSC32_IN -> PC14-OSC32_IN (PC14) is applicable
2023-05-14 14:04:28,885 [INFO] Rule:228 - rule Rename DIE462/DIE415 pin PC15/OSC32_OUT -> PC15-OSC32_OUT (PC15) is applicable
2023-05-14 14:04:28,885 [INFO] Rule:228 - rule Rename DIE462/DIE415 pin PH0/OSC_IN -> PH0-OSC_IN (PH0) is applicable
2023-05-14 14:04:28,885 [INFO] Rule:228 - rule Rename DIE462/DIE415 pin PH1/OSC_OUT -> PH1-OSC_OUT (PH1) is applicable
2023-05-14 14:04:28,885 [INFO] Rule:228 - rule Rename DIE462 pin PA13 -> PA13 (JTMS/SWDIO) is applicable
2023-05-14 14:04:28,885 [INFO] Rule:228 - rule Rename DIE415 pin PA13 -> PA13 (JTMS/SWDIO) is applicable
2023-05-14 14:04:28,885 [INFO] Rule:228 - rule Rename DIE462 pin PA14 -> PA14 (JTCK/SWCLK) is applicable
2023-05-14 14:04:28,885 [INFO] Rule:228 - rule Rename DIE415 pin PA14 -> PA14 (JTCK/SWCLK) is applicable
2023-05-14 14:04:28,885 [INFO] Rule:228 - rule Rename DIE462/DIE415 pin PA15 -> PA15 (JTDI) is applicable
2023-05-14 14:04:28,885 [INFO] Rule:228 - rule Rename DIE462 pin PB3 -> PB3 (JTD0/TRACESWO) is applicable
2023-05-14 14:04:28,885 [INFO] Rule:228 - rule Rename DIE415 pin PB3 -> PB3 (JTD0-TRACESWO) is applicable
2023-05-14 14:04:28,885 [INFO] Rule:228 - rule Rename DIE462/DIE415 pin PB4 -> PB4 (NJTRST) is applicable
2023-05-14 14:04:28,885 [INFO] Rule:228 - rule Rename DIE462 pin PH3/BOOT0 -> PH3-BOOT0 (BOOT0) is applicable
2023-05-14 14:04:28,885 [INFO] Rule:228 - rule Rename CRYP DataEncryptionTypesList to Algorithm is applicable
2023-05-14 14:04:28,885 [INFO] Rule:228 - rule Rename AES DataEncryptionTypesList to Algorithm is applicable
2023-05-14 14:04:28,885 [INFO] Rule:228 - rule Rename TDESECB to CRYP_TDES_ECB is applicable
2023-05-14 14:04:28,885 [INFO] Rule:228 - rule Rename TDESCBC to CRYP_TDES_CBC is applicable
2023-05-14 14:04:28,885 [INFO] Rule:228 - rule Rename DESECB to CRYP_DES_ECB is applicable
2023-05-14 14:04:28,886 [INFO] Rule:228 - rule Rename DESCBC to CRYP_DES_CBC is applicable
2023-05-14 14:04:28,886 [INFO] Rule:228 - rule Rename AESECB to CRYP_AES_ECB is applicable
2023-05-14 14:04:28,886 [INFO] Rule:228 - rule Rename AESCBC to CRYP_AES_CBC is applicable
2023-05-14 14:04:28,886 [INFO] Rule:228 - rule Rename AESCTR to CRYP_AES_CTR is applicable
2023-05-14 14:04:28,886 [INFO] Rule:228 - rule Rename AESGCM to CRYP_AES_GCM is applicable
2023-05-14 14:04:28,886 [INFO] Rule:228 - rule Rename AESCCM to CRYP_AES_CCM is applicable
2023-05-14 14:04:28,886 [INFO] Rule:228 - rule Rename CAN TimeSeg1 to BS1 is applicable
2023-05-14 14:04:28,886 [INFO] Rule:228 - rule Rename CAN TimeSeg2 to BS2 is applicable
2023-05-14 14:04:28,886 [INFO] Rule:228 - rule Rename CAN SyncJumpWidth to SJW is applicable
2023-05-14 14:04:28,886 [INFO] Rule:228 - rule TimeTriggeredMode to TTCM is applicable
2023-05-14 14:04:28,886 [INFO] Rule:228 - rule Rename CAN AutoBusOff to ABOM is applicable
2023-05-14 14:04:28,886 [INFO] Rule:228 - rule Rename CAN AutoWakeUp to AWUM is applicable
2023-05-14 14:04:28,886 [INFO] Rule:228 - rule Rename CAN AutoRetransmission to NART is applicable
2023-05-14 14:04:28,886 [INFO] Rule:228 - rule Rename CAN ReceiveFifoLocked to RFLM is applicable
2023-05-14 14:04:28,886 [INFO] Rule:228 - rule Rename CAN TransmitFifoPriority to TXFP is applicable
2023-05-14 14:04:28,886 [INFO] Rule:228 - rule Rename HRTIMER HRTIM_OUTPUTFAULTLEVEL_HIGH in HRTIMER HRTIM_OUTPUTFAULTLEVEL_HIGHZ is applicable
2023-05-14 14:04:28,886 [INFO] Rule:228 - rule Rename TIMER TIM_CLEARINPUTSOURCE_OCREFCLR in  TIMER TIM_CLEARINPUTSOURCE_NONE for F7 family is applicable
2023-05-14 14:04:28,887 [INFO] Rule:228 - rule FDCAN_R1 - Rename FDCAN mode Master into Classic is applicable
2023-05-14 14:04:28,888 [INFO] Rule:228 - rule FDCAN_R2 - Rename FDCAN mode Slave into Classic is applicable
2023-05-14 14:04:28,888 [INFO] Rule:228 - rule FDCAN1_R3 - if PA10.Mode=FullDuplex, add Pin PA12 is applicable
2023-05-14 14:04:28,889 [INFO] Rule:228 - rule FDCAN1_R3 - if PA9.Mode=FullDuplex, add Pin PA11 is applicable
2023-05-14 14:04:28,889 [INFO] Rule:228 - rule FDCAN1_R3 - Alternatepin_1 - if PE1.Mode=FullDuplex, add Pin PB9 is applicable
2023-05-14 14:04:28,889 [INFO] Rule:228 - rule FDCAN1_R3 - Alternatepin_1 - if PE0.Mode=FullDuplex, add Pin PB8 is applicable
2023-05-14 14:04:28,889 [INFO] Rule:228 - rule FDCAN1_R3 - Alternatepin_2 - if PD5.Mode=FullDuplex, add Pin PD1 is applicable
2023-05-14 14:04:28,889 [INFO] Rule:228 - rule FDCAN1_R3 - Alternatepin_2 - if PD4.Mode=FullDuplex, add Pin PD0 is applicable
2023-05-14 14:04:28,889 [INFO] Rule:228 - rule FDCAN1_R4 - Rename Mode FullDuplex into Enable FDCAN_TXFD for pin PA10 is applicable
2023-05-14 14:04:28,889 [INFO] Rule:228 - rule FDCAN1_R4 - Rename Mode FullDuplex into Enable FDCAN_TXFD for pin PA9 is applicable
2023-05-14 14:04:28,889 [INFO] Rule:228 - rule FDCAN1_R4 - Alternatepin_1 - Rename Mode FullDuplex into Enable FDCAN_TXFD for pin PE1 is applicable
2023-05-14 14:04:28,889 [INFO] Rule:228 - rule FDCAN1_R4 - Alternatepin_1 - Rename Mode FullDuplex into Enable FDCAN_TXFD for pin PE0 is applicable
2023-05-14 14:04:28,889 [INFO] Rule:228 - rule FDCAN1_R4 - Alternatepin_2 - Rename Mode FullDuplex into Enable FDCAN_TXFD for pin PD5 is applicable
2023-05-14 14:04:28,889 [INFO] Rule:228 - rule FDCAN1_R4 - Alternatepin_2 - Rename Mode FullDuplex into Enable FDCAN_TXFD for pin PD4 is applicable
2023-05-14 14:04:28,889 [INFO] Rule:228 - rule FDCAN2_R3 - if PD10.Mode=FullDuplex, add Pin PB13 is applicable
2023-05-14 14:04:28,889 [INFO] Rule:228 - rule FDCAN2_R3 - if PD9.Mode=FullDuplex, add Pin PB12 is applicable
2023-05-14 14:04:28,889 [INFO] Rule:228 - rule FDCAN2_R3 - Alternatepin_1 - if PB7.Mode=FullDuplex, add Pin PB6 is applicable
2023-05-14 14:04:28,889 [INFO] Rule:228 - rule FDCAN2_R3 - Alternatepin_1 - if PD9.Mode=FullDuplex, add Pin PB12 is applicable
2023-05-14 14:04:28,889 [INFO] Rule:228 - rule FDCAN2_R4 - Rename Mode FullDuplex into Enable FDCAN_TXFD for pin PD10 is applicable
2023-05-14 14:04:28,889 [INFO] Rule:228 - rule FDCAN2_R4 - Rename Mode FullDuplex into Enable FDCAN_TXFD for pin PD9 is applicable
2023-05-14 14:04:28,889 [INFO] Rule:228 - rule FDCAN2_R4 - Alternatepin_1 - Rename Mode FullDuplex into Enable FDCAN_TXFD for pin PB7 is applicable
2023-05-14 14:04:28,889 [INFO] Rule:228 - rule FDCAN2_R4 - Alternatepin_1 - Rename Mode FullDuplex into Enable FDCAN_TXFD for pin PD6 is applicable
2023-05-14 14:04:28,889 [INFO] Rule:228 - rule USART TxPinLevelInvertParam Mode is applicable
2023-05-14 14:04:28,889 [INFO] Rule:228 - rule USART RxPinLevelInvertParam Mode is applicable
2023-05-14 14:04:28,889 [INFO] Rule:228 - rule USART DataInvertParam Mode is applicable
2023-05-14 14:04:28,889 [INFO] Rule:228 - rule USART SwapParam Mode is applicable
2023-05-14 14:04:28,889 [INFO] Rule:228 - rule USART OverrunDisableParam Mode is applicable
2023-05-14 14:04:28,889 [INFO] Rule:228 - rule USART DMADisableonRxErrorParam Mode is applicable
2023-05-14 14:04:28,889 [INFO] Rule:228 - rule USART MSBFirstParam Mode is applicable
2023-05-14 14:04:28,889 [INFO] Rule:228 - rule Update MwName for USB_DEVICE is applicable
2023-05-14 14:04:28,889 [INFO] Rule:228 - rule Change PWR_Regulator_Voltage_Scale Default Value for RCC  H7 family is applicable
2023-05-14 14:04:28,889 [INFO] Rule:228 - rule UART/USART IPParameter rename Prescaler parameter to ClockPrescaler is applicable
2023-05-14 14:04:28,889 [INFO] Rule:228 - rule UART/USART Prescaler rename Prescaler parameter to ClockPrescaler is applicable
2023-05-14 14:04:28,889 [INFO] Rule:228 - rule TIM1CLockSelection is applicable
2023-05-14 14:04:28,889 [INFO] Rule:228 - rule TIM15CLockSelection is applicable
2023-05-14 14:04:28,889 [INFO] Rule:228 - rule align RCC SDMMC3CLockSelection default value on MP1 is applicable
2023-05-14 14:04:28,889 [INFO] Rule:228 - rule align RCC SDMMC12CLockSelection default value on MP1 is applicable
2023-05-14 14:04:28,889 [INFO] Rule:228 - rule align RCC QSPICLockSelection default value on MP1 is applicable
2023-05-14 14:04:28,889 [INFO] Rule:228 - rule align RCC QSPICLockSelection default value on MP1 is applicable
2023-05-14 14:04:28,889 [INFO] Rule:228 - rule align RCC SPI6CLockSelection default value on MP1 is applicable
2023-05-14 14:04:28,889 [INFO] Rule:228 - rule align RCC LPTIM23CLockSelection default value on MP1 is applicable
2023-05-14 14:04:28,889 [INFO] Rule:228 - rule align RCC LPTIM1CLockSelection default value on MP1 is applicable
2023-05-14 14:04:28,889 [INFO] Rule:228 - rule align RCC USART1CLockSelection default value on MP1 is applicable
2023-05-14 14:04:28,889 [INFO] Rule:228 - rule align RCC USART24CLockSelection default value on MP1 is applicable
2023-05-14 14:04:28,890 [INFO] Rule:228 - rule align RCC USART6CLockSelection default value on MP1 is applicable
2023-05-14 14:04:28,890 [INFO] Rule:228 - rule align RCC UART78CLockSelection default value on MP1 is applicable
2023-05-14 14:04:28,890 [INFO] Rule:228 - rule align RCC USART35CLockSelection default value on MP1 is applicable
2023-05-14 14:04:28,890 [INFO] Rule:228 - rule align RCC SPI45CLockSelection default value on MP1 is applicable
2023-05-14 14:04:28,890 [INFO] Rule:228 - rule align RCC I2C46CLockSelection BCLK value on MP1 is applicable
2023-05-14 14:04:28,890 [INFO] Rule:228 - rule align RCC SPI45CLockSelection default value on MP1 is applicable
2023-05-14 14:04:28,890 [INFO] Rule:228 - rule align RCC I2C12CLockSelection default value on MP1 is applicable
2023-05-14 14:04:28,890 [INFO] Rule:228 - rule align RCC I2C35CLockSelection default value on MP1 is applicable
2023-05-14 14:04:28,890 [INFO] Rule:228 - rule align RCC LPTIM45CLockSelection default value on MP1 is applicable
2023-05-14 14:04:28,890 [INFO] Rule:228 - rule Rename DCMI PIXCK signal is applicable
2023-05-14 14:04:28,890 [INFO] Rule:228 - rule Change Default Value for I2C46CLockSelection MP1 family is applicable
2023-05-14 14:04:28,890 [INFO] Rule:228 - rule Change Default Value for UART for G4, G0 and WB families is applicable
2023-05-14 14:04:28,890 [INFO] Rule:228 - rule Change Default Value for USART for G4, G0 and WB families is applicable
2023-05-14 14:04:28,890 [INFO] Rule:228 - rule Change Default Value for USART for G4 family is applicable
2023-05-14 14:04:28,890 [INFO] Rule:228 - rule Change USART1CLockSelection refparam name for MP1 is applicable
2023-05-14 14:04:28,890 [INFO] Rule:228 - rule Change USART2CLockSelection refparam name for MP1 is applicable
2023-05-14 14:04:28,890 [INFO] Rule:228 - rule Change USART3CLockSelection refparam name for MP1 is applicable
2023-05-14 14:04:28,890 [INFO] Rule:228 - rule Change UART4CLockSelection refparam name for MP1 is applicable
2023-05-14 14:04:28,890 [INFO] Rule:228 - rule Change UART5CLockSelection refparam name for MP1 is applicable
2023-05-14 14:04:28,890 [INFO] Rule:228 - rule Change LPUART1CLockSelection refparam name for MP1 is applicable
2023-05-14 14:04:28,890 [INFO] Rule:228 - rule Change LPTIM1CLockSelection refparam name for MP1 is applicable
2023-05-14 14:04:28,890 [INFO] Rule:228 - rule Change LPTIM2CLockSelection refparam name for MP1 is applicable
2023-05-14 14:04:28,890 [INFO] Rule:228 - rule Change RCC_MCO1Source refparam name for MP1 is applicable
2023-05-14 14:04:28,890 [INFO] Rule:228 - rule Change LSCOSource1 refparam name for MP1 is applicable
2023-05-14 14:04:28,890 [INFO] Rule:228 - rule Change SMPSCLockSelection refparam name for MP1 is applicable
2023-05-14 14:04:28,890 [INFO] Rule:228 - rule Change LPTIM3CLockSelection refparam name for MP1 is applicable
2023-05-14 14:04:28,890 [INFO] Rule:228 - rule Change MPCBB* Default Template Mode to Parameters is applicable
2023-05-14 14:04:28,890 [INFO] Rule:228 - rule Change MPCWM* or MPCBB* Secure Mode to Parameters is applicable
2023-05-14 14:04:28,890 [INFO] Rule:228 - rule Change MPCWM* or MPCBB* No Secure Mode to Parameters is applicable
2023-05-14 14:04:28,890 [INFO] Rule:228 - rule Change TZSC IP Secure Mode to Parameters is applicable
2023-05-14 14:04:28,890 [INFO] Rule:228 - rule Change TZSC IP No Secure Mode to Parameters is applicable
2023-05-14 14:04:28,890 [INFO] Rule:228 - rule Change TZSC IP Privilege Mode to Parameters is applicable
2023-05-14 14:04:28,890 [INFO] Rule:228 - rule Change TZSC IP No Privilege Mode to Parameters is applicable
2023-05-14 14:04:28,890 [INFO] Rule:228 - rule Change TZIC IT Secure Mode to Parameters is applicable
2023-05-14 14:04:28,890 [INFO] Rule:228 - rule Change TZIC IT No Secure Mode to Parameters is applicable
2023-05-14 14:04:28,890 [INFO] Rule:228 - rule Add MPCBB1_NonSecureArea_Start_Address value with referenced to MPCBB1_NonSecureArea_Start value is applicable
2023-05-14 14:04:28,890 [INFO] Rule:228 - rule Add MPCBB2_NonSecureArea_Start_Address value with referenced to MPCBB2_NonSecureArea_Start value is applicable
2023-05-14 14:04:28,890 [INFO] Rule:228 - rule Add MPCWM1_NonSecureArea*_Start_Address value with referenced to MPCWM1_NonSecureArea*_Start value is applicable
2023-05-14 14:04:28,890 [INFO] Rule:228 - rule Add MPCWM2_NonSecureArea*_Start_Address value with referenced to MPCWM2_NonSecureArea*_Start value is applicable
2023-05-14 14:04:28,890 [INFO] Rule:228 - rule Add MPCWM3_NonSecureArea_Start_Address value with referenced to MPCWM3_NonSecureArea_Start value is applicable
2023-05-14 14:04:28,890 [INFO] Rule:228 - rule Change Default Value for PLL1UserDefinedConfig is applicable
2023-05-14 14:04:28,890 [INFO] Rule:228 - rule Change GPIO_PuPd Default Value for USART in async mode is applicable
2023-05-14 14:04:28,892 [INFO] Rule:228 - rule Change SMPSDivider Default Value is applicable
2023-05-14 14:04:28,893 [INFO] Rule:228 - rule OPAMP is applicable
2023-05-14 14:04:28,897 [INFO] Rule:228 - rule LPUART IPParameter rename Prescaler parameter to ClockPrescaler for STM32H7 is applicable
2023-05-14 14:04:28,897 [INFO] Rule:228 - rule LPUART IPParameter rename Prescaler parameter to ClockPrescaler for STM32H7 is applicable
2023-05-14 14:04:28,897 [INFO] Rule:228 - rule LPUART IPParameter rename Prescaler parameter to ClockPrescaler for STM32WB is applicable
2023-05-14 14:04:28,897 [INFO] Rule:228 - rule LPUART IPParameter rename Prescaler parameter to ClockPrescaler for STM32WB is applicable
2023-05-14 14:04:28,897 [INFO] Rule:228 - rule LPUART IPParameter rename Prescaler parameter to ClockPrescaler for STM32G4 is applicable
2023-05-14 14:04:28,897 [INFO] Rule:228 - rule LPUART IPParameter rename Prescaler parameter to ClockPrescaler for STM32G4 is applicable
2023-05-14 14:04:28,897 [INFO] Rule:228 - rule LPUART IPParameter rename Prescaler parameter to ClockPrescaler for STM32L5 is applicable
2023-05-14 14:04:28,897 [INFO] Rule:228 - rule LPUART IPParameter rename Prescaler parameter to ClockPrescaler for STM32L5 is applicable
2023-05-14 14:04:28,897 [INFO] Rule:228 - rule LPUART IPParameter rename Prescaler parameter to ClockPrescaler for STM32G4 is applicable
2023-05-14 14:04:28,897 [INFO] Rule:228 - rule LPUART IPParameter rename Prescaler parameter to ClockPrescaler for STM32G4 is applicable
2023-05-14 14:04:28,897 [INFO] Rule:228 - rule USB device lib V2.5.3 for L0 rename USBD_SUPPORT_USER_STRING parameter to USBD_SUPPORT_USER_STRING_DESC4 is applicable
2023-05-14 14:04:28,897 [INFO] Rule:228 - rule I2SCLockSelection clock entry align is applicable
2023-05-14 14:04:28,897 [INFO] Rule:228 - rule Assign TIMx context if used as SYS timebase is applicable
2023-05-14 14:04:28,897 [INFO] Rule:228 - rule Change GPIO_Pu Default Value for I2C is applicable
2023-05-14 14:04:28,897 [INFO] Rule:228 - rule Change GPIO_Pu Default Value for SMBus is applicable
2023-05-14 14:04:28,897 [INFO] Rule:228 - rule change FDCAN default value is applicable
2023-05-14 14:04:28,897 [INFO] Rule:228 - rule Change mode sai is applicable
2023-05-14 14:04:28,897 [INFO] Rule:228 - rule **Change sai mode is applicable
2023-05-14 14:04:28,957 [INFO] DbConfProperties:307 - Apply Compatibility (41/258 Rules)
2023-05-14 14:04:28,977 [INFO] ImportTextPane:194 - (OptionalMessage_ERROR) Unable to find key (Mcu.ThirdPartyNb) in loaded IOC file
2023-05-14 14:04:29,130 [INFO] RtosManager:555 - Registered RTOS mode: class=CMSIS, group=RTOS, mode=CMSIS_V1, owner=FREERTOS
2023-05-14 14:04:29,131 [INFO] RtosManager:555 - Registered RTOS mode: class=CMSIS, group=RTOS2, mode=CMSIS_V2, owner=FREERTOS
2023-05-14 14:04:29,131 [INFO] RtosManager:555 - Registered RTOS mode: class=RTOS, group=Core, mode=CMSIS_V1, owner=FREERTOS
2023-05-14 14:04:29,131 [INFO] RtosManager:555 - Registered RTOS mode: class=RTOS, group=Core, mode=CMSIS_V2, owner=FREERTOS
2023-05-14 14:04:29,131 [WARN] ModelIntegratedComponent:184 - Missing modes for component STMicroelectronics:FreeRTOS:0.0.1:STMicroelectronics:RTOS:FreeRTOS:Core:::10.2.0:
2023-05-14 14:04:29,138 [WARN] ModelIntegratedComponent:63 - No mode defined for component null
2023-05-14 14:04:29,138 [WARN] ModelIntegratedComponent:63 - No mode defined for component null
2023-05-14 14:04:29,138 [WARN] ModelIntegratedComponent:63 - No mode defined for component null
2023-05-14 14:04:29,138 [WARN] ModelIntegratedComponent:63 - No mode defined for component null
2023-05-14 14:04:29,138 [WARN] ModelIntegratedComponent:63 - No mode defined for component null
2023-05-14 14:04:29,138 [WARN] ModelIntegratedComponent:63 - No mode defined for component null
2023-05-14 14:04:29,139 [WARN] ModelIntegratedComponent:63 - No mode defined for component null
2023-05-14 14:04:29,139 [WARN] ModelIntegratedComponent:63 - No mode defined for component null
2023-05-14 14:04:29,139 [WARN] ModelIntegratedComponent:63 - No mode defined for component null
2023-05-14 14:04:29,139 [WARN] ModelIntegratedComponent:63 - No mode defined for component null
2023-05-14 14:04:29,140 [WARN] ModelIntegratedComponent:63 - No mode defined for component null
2023-05-14 14:04:29,140 [WARN] ModelIntegratedComponent:63 - No mode defined for component null
2023-05-14 14:04:29,140 [WARN] ModelIntegratedComponent:63 - No mode defined for component null
2023-05-14 14:04:29,140 [WARN] ModelIntegratedComponent:63 - No mode defined for component null
2023-05-14 14:04:29,140 [WARN] ModelIntegratedComponent:63 - No mode defined for component null
2023-05-14 14:04:29,140 [WARN] ModelIntegratedComponent:63 - No mode defined for component null
2023-05-14 14:04:29,140 [WARN] ModelIntegratedComponent:63 - No mode defined for component null
2023-05-14 14:04:29,140 [WARN] ModelIntegratedComponent:63 - No mode defined for component null
2023-05-14 14:04:29,140 [WARN] ModelIntegratedComponent:63 - No mode defined for component null
2023-05-14 14:04:29,140 [WARN] ModelIntegratedComponent:63 - No mode defined for component null
2023-05-14 14:04:29,140 [WARN] ModelIntegratedComponent:63 - No mode defined for component null
2023-05-14 14:04:29,140 [WARN] ModelIntegratedComponent:63 - No mode defined for component null
2023-05-14 14:04:29,140 [WARN] ModelIntegratedComponent:63 - No mode defined for component null
2023-05-14 14:04:29,140 [WARN] ModelIntegratedComponent:63 - No mode defined for component null
2023-05-14 14:04:29,140 [WARN] ModelIntegratedComponent:63 - No mode defined for component null
2023-05-14 14:04:29,140 [WARN] ModelIntegratedComponent:63 - No mode defined for component null
2023-05-14 14:04:29,140 [WARN] ModelIntegratedComponent:63 - No mode defined for component null
2023-05-14 14:04:29,140 [WARN] ModelIntegratedComponent:63 - No mode defined for component null
2023-05-14 14:04:29,140 [WARN] ModelIntegratedComponent:63 - No mode defined for component null
2023-05-14 14:04:29,140 [WARN] ModelIntegratedComponent:63 - No mode defined for component null
2023-05-14 14:04:29,140 [WARN] ModelIntegratedComponent:63 - No mode defined for component null
2023-05-14 14:04:29,140 [WARN] ModelIntegratedComponent:63 - No mode defined for component null
2023-05-14 14:04:29,140 [WARN] ModelIntegratedComponent:63 - No mode defined for component null
2023-05-14 14:04:29,226 [INFO] ThirdPartyModel:298 - Start build external matchings
2023-05-14 14:04:29,891 [INFO] ThirdPartyModel:316 - End build external matchings
2023-05-14 14:04:29,948 [INFO] ImportTextPane:194 - (OptionalMessage_ERROR) IP (RCC) : Invalid parameter (FamilyName)
2023-05-14 14:04:29,951 [INFO] ImportTextPane:194 - (OptionalMessage_ERROR) IP (RCC) : Invalid parameter (TIM2Freq_Value)
2023-05-14 14:04:30,183 [INFO] UtilMem:75 - End LoadConfig() Used Memory: 641293168 Bytes (890241024)
2023-05-14 14:04:30,251 [WARN] ThirdParty:833 - waiting for thirdparty lock release [change project]
2023-05-14 14:04:30,254 [INFO] ThirdParty:835 - entering critical section [change project]
2023-05-14 14:04:30,255 [INFO] ThirdParty:1030 - CMSIS Pack Vendor :STMicroelectronics X-CUBE-ISPU 1.1.0
2023-05-14 14:04:30,255 [INFO] ThirdParty:1030 - CMSIS Pack Vendor :RoweBots I-CUBE-UNISONRTOS 5.5.0-4
2023-05-14 14:04:30,255 [INFO] ThirdParty:1030 - CMSIS Pack Vendor :STMicroelectronics X-CUBE-GNSS1 6.0.0
2023-05-14 14:04:30,255 [INFO] ThirdParty:1030 - CMSIS Pack Vendor :STMicroelectronics USB_HOST 2.0.0
2023-05-14 14:04:30,255 [INFO] ThirdParty:1030 - CMSIS Pack Vendor :STMicroelectronics X-CUBE-AZRTOS-F4 1.1.0
2023-05-14 14:04:30,255 [INFO] ThirdParty:1030 - CMSIS Pack Vendor :STMicroelectronics LIBJPEG 8.0.0
2023-05-14 14:04:30,255 [INFO] ThirdParty:1030 - CMSIS Pack Vendor :STMicroelectronics X-CUBE-SMBUS 2.1.0
2023-05-14 14:04:30,255 [INFO] ThirdParty:1030 - CMSIS Pack Vendor :STMicroelectronics USB_DEVICE 3.0.0
2023-05-14 14:04:30,255 [INFO] ThirdParty:1030 - CMSIS Pack Vendor :STMicroelectronics X-CUBE-AI 8.0.0
2023-05-14 14:04:30,255 [INFO] ThirdParty:1030 - CMSIS Pack Vendor :STMicroelectronics X-CUBE-FREERTOS 1.0.0
2023-05-14 14:04:30,255 [INFO] ThirdParty:1030 - CMSIS Pack Vendor :STMicroelectronics X-CUBE-FREERTOS 1.0.1
2023-05-14 14:04:30,255 [INFO] ThirdParty:1030 - CMSIS Pack Vendor :STMicroelectronics X-CUBE-TOUCHGFX 4.21.1
2023-05-14 14:04:30,255 [INFO] ThirdParty:1030 - CMSIS Pack Vendor :STMicroelectronics X-CUBE-TOUCHGFX 4.21.3
2023-05-14 14:04:30,255 [INFO] ThirdParty:1030 - CMSIS Pack Vendor :STMicroelectronics X-CUBE-AZRTOS-F7 1.1.0
2023-05-14 14:04:30,255 [INFO] ThirdParty:1030 - CMSIS Pack Vendor :STMicroelectronics USB_DEVICE 2.0.0
2023-05-14 14:04:30,255 [INFO] ThirdParty:1030 - CMSIS Pack Vendor :STMicroelectronics X-CUBE-MEMS1 9.6.0
2023-05-14 14:04:30,255 [INFO] ThirdParty:1030 - CMSIS Pack Vendor :STMicroelectronics FP-SNS-MOTENV1 4.3.0
2023-05-14 14:04:30,255 [INFO] ThirdParty:1030 - CMSIS Pack Vendor :STMicroelectronics FP-SNS-FLIGHT1 5.0.0
2023-05-14 14:04:30,255 [INFO] ThirdParty:1030 - CMSIS Pack Vendor :STMicroelectronics X-CUBE-ALGOBUILD 1.3.0
2023-05-14 14:04:30,255 [INFO] ThirdParty:1030 - CMSIS Pack Vendor :STMicroelectronics X-CUBE-BLE1 6.2.4
2023-05-14 14:04:30,255 [INFO] ThirdParty:1030 - CMSIS Pack Vendor :STMicroelectronics X-CUBE-AZRTOS-L5 1.1.0
2023-05-14 14:04:30,255 [INFO] ThirdParty:1030 - CMSIS Pack Vendor :STMicroelectronics FreeRTOS 0.0.1
2023-05-14 14:04:30,255 [INFO] ThirdParty:1030 - CMSIS Pack Vendor :emotas I-CUBE-CANOPEN 1.1.3
2023-05-14 14:04:30,255 [INFO] ThirdParty:1030 - CMSIS Pack Vendor :STMicroelectronics X-CUBE-AZRTOS-G0 1.1.0
2023-05-14 14:04:30,255 [INFO] ThirdParty:1030 - CMSIS Pack Vendor :STMicroelectronics X-CUBE-BLEMGR 2.0.0
2023-05-14 14:04:30,255 [INFO] ThirdParty:1030 - CMSIS Pack Vendor :STMicroelectronics X-CUBE-SUBG2 5.0.0
2023-05-14 14:04:30,255 [INFO] ThirdParty:1030 - CMSIS Pack Vendor :STMicroelectronics X-CUBE-NFC4 3.0.0
2023-05-14 14:04:30,255 [INFO] ThirdParty:1030 - CMSIS Pack Vendor :STMicroelectronics STM32_WPAN 1.0.0
2023-05-14 14:04:30,255 [INFO] ThirdParty:1030 - CMSIS Pack Vendor :STMicroelectronics lwIP 2.0.3
2023-05-14 14:04:30,255 [INFO] ThirdParty:1030 - CMSIS Pack Vendor :STMicroelectronics USB_HOST 1.0.0
2023-05-14 14:04:30,255 [INFO] ThirdParty:1030 - CMSIS Pack Vendor :STMicroelectronics X-CUBE-AZRTOS-G4 2.0.0
2023-05-14 14:04:30,255 [INFO] ThirdParty:1030 - CMSIS Pack Vendor :STMicroelectronics PDM2PCM 3.1.0
2023-05-14 14:04:30,255 [INFO] ThirdParty:1030 - CMSIS Pack Vendor :STMicroelectronics X-CUBE-AZRTOS-H7 3.1.0
2023-05-14 14:04:30,255 [INFO] ThirdParty:1030 - CMSIS Pack Vendor :STMicroelectronics X-CUBE-TOF1 3.3.0
2023-05-14 14:04:30,255 [INFO] ThirdParty:1030 - CMSIS Pack Vendor :STMicroelectronics FP-ATR-ASTRA1 1.1.1
2023-05-14 14:04:30,255 [INFO] ThirdParty:1030 - CMSIS Pack Vendor :STMicroelectronics PDM2PCM 3.3.0
2023-05-14 14:04:30,255 [INFO] ThirdParty:1030 - CMSIS Pack Vendor :STMicroelectronics X-CUBE-DISPLAY 3.0.0
2023-05-14 14:04:30,255 [INFO] ThirdParty:1030 - CMSIS Pack Vendor :STMicroelectronics X-CUBE-AZRTOS-G4 1.0.0
2023-05-14 14:04:30,255 [INFO] ThirdParty:1030 - CMSIS Pack Vendor :STMicroelectronics FP-ATR-SIGFOX1 3.2.0
2023-05-14 14:04:30,255 [INFO] ThirdParty:1030 - CMSIS Pack Vendor :wolfSSL I-CUBE-wolfSSL 5.5.4
2023-05-14 14:04:30,255 [INFO] ThirdParty:1030 - CMSIS Pack Vendor :STMicroelectronics X-CUBE-AZRTOS-L4 1.0.0
2023-05-14 14:04:30,255 [INFO] ThirdParty:1030 - CMSIS Pack Vendor :STMicroelectronics HAL Drivers 0.0.0
2023-05-14 14:04:30,255 [INFO] ThirdParty:1030 - CMSIS Pack Vendor :STMicroelectronics MBEDTLS 2.16.2
2023-05-14 14:04:30,255 [INFO] ThirdParty:1030 - CMSIS Pack Vendor :STMicroelectronics MBEDTLS 2.14.1
2023-05-14 14:04:30,255 [INFO] ThirdParty:1030 - CMSIS Pack Vendor :STMicroelectronics X-CUBE-NFC7 1.0.0
2023-05-14 14:04:30,255 [INFO] ThirdParty:1030 - CMSIS Pack Vendor :STMicroelectronics X-CUBE-AZRTOS-WL 1.0.0
2023-05-14 14:04:30,255 [INFO] ThirdParty:1030 - CMSIS Pack Vendor :STMicroelectronics X-CUBE-EEPRMA1 4.1.0
2023-05-14 14:04:30,255 [INFO] ThirdParty:1030 - CMSIS Pack Vendor :portGmbH I-Cube-SoM-uGOAL 1.1.0
2023-05-14 14:04:30,255 [INFO] ThirdParty:1030 - CMSIS Pack Vendor :STMicroelectronics X-CUBE-ALS 1.0.1
2023-05-14 14:04:30,256 [INFO] ThirdParty:1030 - CMSIS Pack Vendor :STMicroelectronics X-CUBE-MEMS1 9.5.0
2023-05-14 14:04:30,256 [INFO] ThirdParty:1030 - CMSIS Pack Vendor :STMicroelectronics ThreadX 1.0.0
2023-05-14 14:04:30,256 [INFO] ThirdParty:1030 - CMSIS Pack Vendor :STMicroelectronics X-CUBE-AZRTOS-WB 1.1.0
2023-05-14 14:04:30,256 [INFO] ThirdParty:1030 - CMSIS Pack Vendor :SEGGER I-CUBE-embOS 1.3.1
2023-05-14 14:04:30,256 [INFO] ThirdParty:1030 - CMSIS Pack Vendor :STMicroelectronics USB_DEVICE 1.0.0
2023-05-14 14:04:30,256 [INFO] ThirdParty:1030 - CMSIS Pack Vendor :STMicroelectronics ThreadX 0.0.2
2023-05-14 14:04:30,256 [INFO] ThirdParty:1030 - CMSIS Pack Vendor :WES I-CUBE-Cesium 1.3.0
2023-05-14 14:04:30,256 [INFO] ThirdParty:1030 - CMSIS Pack Vendor :STMicroelectronics FP-ATR-ASTRA1 2.0.0
2023-05-14 14:04:30,256 [INFO] ThirdParty:1030 - CMSIS Pack Vendor :STMicroelectronics lwIP 2.1.2
2023-05-14 14:04:30,256 [INFO] ThirdParty:1030 - CMSIS Pack Vendor :STMicroelectronics X-CUBE-SFXS2LP1 4.0.0
2023-05-14 14:04:30,256 [INFO] ThirdParty:1030 - CMSIS Pack Vendor :STMicroelectronics X-CUBE-BLE2 3.3.0
2023-05-14 14:04:30,256 [INFO] ThirdParty:1030 - CMSIS Pack Vendor :STMicroelectronics X-CUBE-TOF1 3.2.0
2023-05-14 14:04:30,256 [INFO] ThirdParty:1030 - CMSIS Pack Vendor :STMicroelectronics PDM2PCM 3.2.0
2023-05-14 14:04:30,256 [INFO] ThirdParty:1030 - CMSIS Pack Vendor :STMicroelectronics X-CUBE-AZRTOS-H7 3.0.0
2023-05-14 14:04:30,256 [INFO] ThirdParty:841 - exiting critical section [change project]
2023-05-14 14:04:31,011 [INFO] PinOutPanel:1499 - setPackage(No Configuration,No Configuration)
2023-05-14 14:04:31,016 [INFO] PinOutPanel:1499 - setPackage(STM32F303VCTx,LQFP100)
2023-05-14 14:04:31,537 [INFO] UtilMem:75 - Before build in PCC Used Memory: 625977120 Bytes (890241024)
2023-05-14 14:04:31,892 [INFO] UtilMem:75 - After build in PCC Used Memory: 672114464 Bytes (890241024)
2023-05-14 14:04:31,930 [INFO] IPUIPlugin:80 - create IPUIPlugin
2023-05-14 14:04:31,930 [INFO] IPUIPlugin:80 - create IPUIPlugin
2023-05-14 14:04:31,930 [INFO] IPUIPlugin:80 - create IPUIPlugin
2023-05-14 14:04:31,930 [INFO] IPUIPlugin:80 - create IPUIPlugin
2023-05-14 14:04:31,930 [INFO] IPUIPlugin:80 - create IPUIPlugin
2023-05-14 14:04:31,930 [INFO] IPUIPlugin:80 - create IPUIPlugin
2023-05-14 14:04:31,930 [INFO] IPUIPlugin:80 - create IPUIPlugin
2023-05-14 14:04:31,930 [INFO] IPUIPlugin:80 - create IPUIPlugin
2023-05-14 14:04:31,930 [INFO] IPUIPlugin:80 - create IPUIPlugin
2023-05-14 14:04:31,930 [INFO] IPUIPlugin:80 - create IPUIPlugin
2023-05-14 14:04:31,930 [INFO] IPUIPlugin:80 - create IPUIPlugin
2023-05-14 14:04:31,930 [INFO] IPUIPlugin:80 - create IPUIPlugin
2023-05-14 14:04:31,930 [INFO] IPUIPlugin:80 - create IPUIPlugin
2023-05-14 14:04:31,931 [INFO] IPUIPlugin:80 - create IPUIPlugin
2023-05-14 14:04:31,931 [INFO] IPUIPlugin:80 - create IPUIPlugin
2023-05-14 14:04:31,931 [INFO] IPUIPlugin:80 - create IPUIPlugin
2023-05-14 14:04:31,931 [INFO] IPUIPlugin:80 - create IPUIPlugin
2023-05-14 14:04:31,931 [INFO] IPUIPlugin:80 - create IPUIPlugin
2023-05-14 14:04:31,931 [INFO] IPUIPlugin:80 - create IPUIPlugin
2023-05-14 14:04:31,931 [INFO] IPUIPlugin:80 - create IPUIPlugin
2023-05-14 14:04:31,932 [INFO] IPUIPlugin:80 - create IPUIPlugin
2023-05-14 14:04:31,932 [INFO] IPUIPlugin:80 - create IPUIPlugin
2023-05-14 14:04:31,932 [INFO] IPUIPlugin:80 - create IPUIPlugin
2023-05-14 14:04:31,932 [INFO] IPUIPlugin:80 - create IPUIPlugin
2023-05-14 14:04:31,932 [INFO] IPUIPlugin:80 - create IPUIPlugin
2023-05-14 14:04:31,932 [INFO] IPUIPlugin:80 - create IPUIPlugin
2023-05-14 14:04:31,933 [INFO] IPUIPlugin:80 - create IPUIPlugin
2023-05-14 14:04:31,933 [INFO] IPUIPlugin:80 - create IPUIPlugin
2023-05-14 14:04:31,935 [INFO] IPUIPlugin:80 - create IPUIPlugin
2023-05-14 14:04:31,936 [INFO] IPUIPlugin:80 - create IPUIPlugin
2023-05-14 14:04:31,939 [INFO] IPUIPlugin:80 - create IPUIPlugin
2023-05-14 14:04:31,939 [INFO] IPUIPlugin:80 - create IPUIPlugin
2023-05-14 14:04:31,939 [INFO] IPUIPlugin:80 - create IPUIPlugin
2023-05-14 14:04:31,940 [INFO] IPUIPlugin:80 - create IPUIPlugin
2023-05-14 14:04:31,940 [INFO] IPUIPlugin:80 - create IPUIPlugin
2023-05-14 14:04:31,940 [INFO] IPUIPlugin:80 - create IPUIPlugin
2023-05-14 14:04:31,940 [INFO] IPUIPlugin:80 - create IPUIPlugin
2023-05-14 14:04:31,940 [INFO] IPUIPlugin:80 - create IPUIPlugin
2023-05-14 14:04:31,940 [INFO] IPUIPlugin:80 - create IPUIPlugin
2023-05-14 14:04:31,940 [INFO] IPUIPlugin:80 - create IPUIPlugin
2023-05-14 14:04:31,940 [INFO] IPUIPlugin:80 - create IPUIPlugin
2023-05-14 14:04:31,940 [INFO] IPUIPlugin:80 - create IPUIPlugin
2023-05-14 14:04:31,941 [INFO] IPUIPlugin:80 - create IPUIPlugin
2023-05-14 14:04:31,941 [INFO] IPUIPlugin:80 - create IPUIPlugin
2023-05-14 14:04:31,941 [INFO] IPUIPlugin:80 - create IPUIPlugin
2023-05-14 14:04:31,941 [INFO] IPUIPlugin:80 - create IPUIPlugin
2023-05-14 14:04:31,941 [INFO] IPUIPlugin:80 - create IPUIPlugin
2023-05-14 14:04:31,941 [INFO] IPUIPlugin:80 - create IPUIPlugin
2023-05-14 14:04:31,941 [INFO] IPUIPlugin:80 - create IPUIPlugin
2023-05-14 14:04:31,941 [INFO] IPUIPlugin:80 - create IPUIPlugin
2023-05-14 14:04:31,941 [INFO] IPUIPlugin:80 - create IPUIPlugin
2023-05-14 14:04:31,941 [INFO] IPUIPlugin:80 - create IPUIPlugin
2023-05-14 14:04:31,942 [INFO] IPUIPlugin:80 - create IPUIPlugin
2023-05-14 14:04:31,942 [INFO] IPUIPlugin:80 - create IPUIPlugin
2023-05-14 14:04:31,942 [INFO] IPUIPlugin:80 - create IPUIPlugin
2023-05-14 14:04:32,030 [INFO] CADModel:165 - CPN selected for project levelSTM32F303VCT6
2023-05-14 14:04:32,030 [INFO] CADModel:114 - Register for checkConnection events
2023-05-14 14:04:32,077 [INFO] OpenFileManager:328 - Restore cursor
2023-05-14 14:04:32,236 [WARN] IP:2113 - lpm_enable not found: check if there is a RefParameter without a condition.
2023-05-14 14:04:32,237 [WARN] IP:2113 - lpm_enable not found: check if there is a RefParameter without a condition.
2023-05-14 14:04:33,202 [INFO] UtilMem:75 - End SaveConfig() Used Memory: 616469256 Bytes (890241024)
2023-05-14 14:04:33,258 [INFO] UtilMem:75 - End SaveConfig() Used Memory: 638822320 Bytes (890241024)
2023-05-14 14:04:33,527 [INFO] BlockDiagram:2759 - set Specific Code input for plugin: SPI
2023-05-14 14:04:33,527 [INFO] BlockDiagram:2759 - set Specific Code input for plugin: SYS
2023-05-14 14:04:33,527 [INFO] BlockDiagram:2759 - set Specific Code input for plugin: RCC
2023-05-14 14:04:33,527 [INFO] BlockDiagram:2759 - set Specific Code input for plugin: I2C
2023-05-14 14:04:33,527 [INFO] BlockDiagram:2759 - set Specific Code input for plugin: NVIC
2023-05-14 14:04:33,527 [INFO] BlockDiagram:2759 - set Specific Code input for plugin: USB
2023-05-14 14:04:33,528 [INFO] BlockDiagram:2759 - set Specific Code input for plugin: GPIO
2023-05-14 14:04:33,528 [INFO] CodeGenerator:793 - code generatio: config db path: /Applications/STM32CubeIDE.app/Contents/Eclipse/plugins/com.st.stm32cube.common.mx_6.8.0.202302231600//db/
2023-05-14 14:04:33,546 [WARN] IP:2113 - lpm_enable not found: check if there is a RefParameter without a condition.
2023-05-14 14:04:33,688 [INFO] CodeEngine:255 - oldGeneratedFile, /Users/neelbagayatkar/Documents/Project/MajorProject_Manshatronics/Sensor_readings/MXTmpFiles/license.tmp_save
2023-05-14 14:04:33,994 [INFO] CodeEngine:279 - Generated code: /Users/neelbagayatkar/Documents/Project/MajorProject_Manshatronics/Sensor_readings/MXTmpFiles/license.tmp
2023-05-14 14:04:34,131 [INFO] CodeEngine:255 - oldGeneratedFile, /Users/neelbagayatkar/Documents/Project/MajorProject_Manshatronics/Sensor_readings/MXTmpFiles/gpio.tmp_save
2023-05-14 14:04:34,253 [INFO] CodeEngine:279 - Generated code: /Users/neelbagayatkar/Documents/Project/MajorProject_Manshatronics/Sensor_readings/MXTmpFiles/gpio.tmp
2023-05-14 14:04:34,491 [INFO] CodeEngine:255 - oldGeneratedFile, /Users/neelbagayatkar/Documents/Project/MajorProject_Manshatronics/Sensor_readings/Core/Src/stm32f3xx_it.c_save
2023-05-14 14:04:34,630 [INFO] CodeEngine:279 - Generated code: /Users/neelbagayatkar/Documents/Project/MajorProject_Manshatronics/Sensor_readings/Core/Src/stm32f3xx_it.c
2023-05-14 14:04:34,631 [INFO] CodeEngine:255 - oldGeneratedFile, /Users/neelbagayatkar/Documents/Project/MajorProject_Manshatronics/Sensor_readings/Core/Inc/stm32f3xx_it.h_save
2023-05-14 14:04:34,690 [INFO] CodeEngine:279 - Generated code: /Users/neelbagayatkar/Documents/Project/MajorProject_Manshatronics/Sensor_readings/Core/Inc/stm32f3xx_it.h
2023-05-14 14:04:34,694 [INFO] CodeEngine:255 - oldGeneratedFile, /Users/neelbagayatkar/Documents/Project/MajorProject_Manshatronics/Sensor_readings/Core/Src/stm32f3xx_hal_msp.c_save
2023-05-14 14:04:34,782 [INFO] CodeEngine:279 - Generated code: /Users/neelbagayatkar/Documents/Project/MajorProject_Manshatronics/Sensor_readings/Core/Src/stm32f3xx_hal_msp.c
2023-05-14 14:04:34,784 [INFO] CodeEngine:255 - oldGeneratedFile, /Users/neelbagayatkar/Documents/Project/MajorProject_Manshatronics/Sensor_readings/MXTmpFiles/system.tmp_save
2023-05-14 14:04:34,913 [INFO] CodeEngine:279 - Generated code: /Users/neelbagayatkar/Documents/Project/MajorProject_Manshatronics/Sensor_readings/MXTmpFiles/system.tmp
2023-05-14 14:04:34,930 [INFO] CodeEngine:311 - oldGeneratedFile, /Users/neelbagayatkar/Documents/Project/MajorProject_Manshatronics/Sensor_readings/Core/Inc/stm32f3xx_hal_conf.h_save
2023-05-14 14:04:34,997 [INFO] CodeEngine:335 - Generated code: /Users/neelbagayatkar/Documents/Project/MajorProject_Manshatronics/Sensor_readings/Core/Inc/stm32f3xx_hal_conf.h
2023-05-14 14:04:35,065 [INFO] CodeEngine:255 - oldGeneratedFile, /Users/neelbagayatkar/Documents/Project/MajorProject_Manshatronics/Sensor_readings/Core/Inc/main.h_save
2023-05-14 14:04:35,154 [INFO] CodeEngine:279 - Generated code: /Users/neelbagayatkar/Documents/Project/MajorProject_Manshatronics/Sensor_readings/Core/Inc/main.h
2023-05-14 14:04:35,156 [INFO] CodeEngine:255 - oldGeneratedFile, /Users/neelbagayatkar/Documents/Project/MajorProject_Manshatronics/Sensor_readings/Core/Src/main.c_save
2023-05-14 14:04:35,268 [INFO] CodeEngine:279 - Generated code: /Users/neelbagayatkar/Documents/Project/MajorProject_Manshatronics/Sensor_readings/Core/Src/main.c
2023-05-14 14:04:35,737 [INFO] ProjectBuilder:2996 - Time for Copy HAL[1] : 69mS.
2023-05-14 14:04:35,749 [INFO] ProjectBuilder:4304 - Project Generator version: 3.19.2
2023-05-14 14:04:36,113 [INFO] ConfigFileManager:1483 - The Die is : DIE422
2023-05-14 14:04:36,140 [INFO] ApiDbMcu:507 - Load IP Config File for FATFS
2023-05-14 14:04:36,145 [INFO] ApiDbMcu:507 - Load IP Config File for FREERTOS
2023-05-14 14:04:36,150 [INFO] ApiDbMcu:507 - Load IP Config File for TOUCHSENSING
2023-05-14 14:04:36,168 [INFO] ApiDbMcu:507 - Load IP Config File for USB_DEVICE
2023-05-14 14:04:39,578 [INFO] ProjectBuilder:4505 - Time for Generating toolchain IDE Files: 3825mS.
2023-05-14 14:04:39,585 [INFO] ProjectBuilder:2867 - Time for Copy CMSIS : 1mS.
2023-05-14 14:04:39,587 [INFO] ProjectBuilder:2867 - Time for Copy CMSIS : 0mS.
2023-05-14 14:04:41,024 [INFO] McuFinderGlobals:66 - Set McuFinderConnectedMode to true
2023-05-14 14:04:41,033 [INFO] ApiDb:448 - Save user favorites file /Users/neelbagayatkar/.stm32cubeide/favorites.mcus.txt: 0 item(s)
2023-05-14 14:04:41,033 [INFO] ApiDb:452 - User favorites MCUs=[]
2023-05-14 14:04:41,039 [INFO] ApiDb:448 - Save user favorites file /Users/neelbagayatkar/.stm32cubeide/favorites.boards.txt: 1 item(s)
2023-05-14 14:04:41,040 [INFO] ApiDb:452 - User favorites Boards=[STM32F3DISCOVERY]
2023-05-14 14:04:51,607 [INFO] MainUpdater:2854 - connection check result : 10
2023-05-14 14:04:51,609 [INFO] MainUpdater:2854 - connection check result : 10
2023-05-14 14:04:51,894 [INFO] I2cTimingTraitement:330 - 0x2000090E
2023-05-14 14:04:52,000 [INFO] MicroXplorer:468 - Change Database Path : 
2023-05-14 14:04:52,002 [INFO] MicroXplorer:498 - Change Database Version : DB.6.0.80
2023-05-14 14:04:52,103 [WARN] ThirdParty:871 - waiting for thirdparty lock release [close project]
2023-05-14 14:04:52,103 [INFO] ThirdParty:873 - entering critical section [close project]
2023-05-14 14:04:52,103 [INFO] ThirdParty:883 - exiting critical section [close project]
2023-05-14 14:04:52,105 [INFO] PinOutPanel:1499 - setPackage(No Configuration,No Configuration)
2023-05-14 14:04:52,107 [INFO] UtilMem:75 - Begin LoadConfig() Used Memory: 579810040 Bytes (927989760)
2023-05-14 14:04:52,110 [INFO] MicroXplorer:468 - Change Database Path : 
2023-05-14 14:04:52,112 [INFO] MicroXplorer:498 - Change Database Version : DB.6.0.80
2023-05-14 14:04:52,112 [INFO] OpenFileManager:308 - Change cursor
2023-05-14 14:04:52,132 [INFO] RulesReader:64 - Compatibility file has been processed (293 Rules)
2023-05-14 14:04:52,138 [INFO] Mcu:1937 - Initializing MCU STM32F303V(B-C)Tx STM32F303VCTx STM32F303VCT6
2023-05-14 14:04:53,228 [INFO] Context:659 - Trying to add GPIOservice into a context  which must be forbidden
2023-05-14 14:04:53,776 [INFO] RtosManager:555 - Registered RTOS mode: class=CMSIS, group=RTOS, mode=CMSIS_V1, owner=FREERTOS
2023-05-14 14:04:53,778 [INFO] RtosManager:555 - Registered RTOS mode: class=CMSIS, group=RTOS2, mode=CMSIS_V2, owner=FREERTOS
2023-05-14 14:04:53,778 [INFO] RtosManager:555 - Registered RTOS mode: class=RTOS, group=Core, mode=CMSIS_V1, owner=FREERTOS
2023-05-14 14:04:53,778 [INFO] RtosManager:555 - Registered RTOS mode: class=RTOS, group=Core, mode=CMSIS_V2, owner=FREERTOS
2023-05-14 14:04:53,778 [WARN] ModelIntegratedComponent:184 - Missing modes for component STMicroelectronics:FreeRTOS:0.0.1:STMicroelectronics:RTOS:FreeRTOS:Core:::10.2.0:
2023-05-14 14:04:53,809 [WARN] ModelIntegratedComponent:63 - No mode defined for component null
2023-05-14 14:04:53,809 [WARN] ModelIntegratedComponent:63 - No mode defined for component null
2023-05-14 14:04:53,809 [WARN] ModelIntegratedComponent:63 - No mode defined for component null
2023-05-14 14:04:53,809 [WARN] ModelIntegratedComponent:63 - No mode defined for component null
2023-05-14 14:04:53,809 [WARN] ModelIntegratedComponent:63 - No mode defined for component null
2023-05-14 14:04:53,809 [WARN] ModelIntegratedComponent:63 - No mode defined for component null
2023-05-14 14:04:53,809 [WARN] ModelIntegratedComponent:63 - No mode defined for component null
2023-05-14 14:04:53,809 [WARN] ModelIntegratedComponent:63 - No mode defined for component null
2023-05-14 14:04:53,809 [WARN] ModelIntegratedComponent:63 - No mode defined for component null
2023-05-14 14:04:53,810 [WARN] ModelIntegratedComponent:63 - No mode defined for component null
2023-05-14 14:04:53,810 [WARN] ModelIntegratedComponent:63 - No mode defined for component null
2023-05-14 14:04:53,810 [WARN] ModelIntegratedComponent:63 - No mode defined for component null
2023-05-14 14:04:53,810 [WARN] ModelIntegratedComponent:63 - No mode defined for component null
2023-05-14 14:04:53,810 [WARN] ModelIntegratedComponent:63 - No mode defined for component null
2023-05-14 14:04:53,810 [WARN] ModelIntegratedComponent:63 - No mode defined for component null
2023-05-14 14:04:53,810 [WARN] ModelIntegratedComponent:63 - No mode defined for component null
2023-05-14 14:04:53,810 [WARN] ModelIntegratedComponent:63 - No mode defined for component null
2023-05-14 14:04:53,810 [WARN] ModelIntegratedComponent:63 - No mode defined for component null
2023-05-14 14:04:53,810 [WARN] ModelIntegratedComponent:63 - No mode defined for component null
2023-05-14 14:04:53,810 [WARN] ModelIntegratedComponent:63 - No mode defined for component null
2023-05-14 14:04:53,810 [WARN] ModelIntegratedComponent:63 - No mode defined for component null
2023-05-14 14:04:53,810 [WARN] ModelIntegratedComponent:63 - No mode defined for component null
2023-05-14 14:04:53,810 [WARN] ModelIntegratedComponent:63 - No mode defined for component null
2023-05-14 14:04:53,810 [WARN] ModelIntegratedComponent:63 - No mode defined for component null
2023-05-14 14:04:53,810 [WARN] ModelIntegratedComponent:63 - No mode defined for component null
2023-05-14 14:04:53,810 [WARN] ModelIntegratedComponent:63 - No mode defined for component null
2023-05-14 14:04:53,810 [WARN] ModelIntegratedComponent:63 - No mode defined for component null
2023-05-14 14:04:53,810 [WARN] ModelIntegratedComponent:63 - No mode defined for component null
2023-05-14 14:04:53,811 [WARN] ModelIntegratedComponent:63 - No mode defined for component null
2023-05-14 14:04:53,811 [WARN] ModelIntegratedComponent:63 - No mode defined for component null
2023-05-14 14:04:53,811 [WARN] ModelIntegratedComponent:63 - No mode defined for component null
2023-05-14 14:04:53,811 [WARN] ModelIntegratedComponent:63 - No mode defined for component null
2023-05-14 14:04:53,811 [WARN] ModelIntegratedComponent:63 - No mode defined for component null
2023-05-14 14:04:53,909 [INFO] ThirdPartyModel:298 - Start build external matchings
2023-05-14 14:04:54,426 [INFO] ThirdPartyModel:316 - End build external matchings
2023-05-14 14:04:54,460 [INFO] ImportTextPane:194 - (OptionalMessage_ERROR) IP (DMA) : Parameter (Instance) has Id (TIM2_CH1) currently not set
2023-05-14 14:04:54,460 [INFO] ImportTextPane:194 - (OptionalMessage_ERROR) IP (DMA) : Parameter (Direction) has Id (TIM2_CH1) currently not set
2023-05-14 14:04:54,461 [INFO] ImportTextPane:194 - (OptionalMessage_ERROR) IP (DMA) : Parameter (PeriphInc) has Id (TIM2_CH1) currently not set
2023-05-14 14:04:54,461 [INFO] ImportTextPane:194 - (OptionalMessage_ERROR) IP (DMA) : Parameter (MemInc) has Id (TIM2_CH1) currently not set
2023-05-14 14:04:54,461 [INFO] ImportTextPane:194 - (OptionalMessage_ERROR) IP (DMA) : Parameter (PeriphDataAlignment) has Id (TIM2_CH1) currently not set
2023-05-14 14:04:54,461 [INFO] ImportTextPane:194 - (OptionalMessage_ERROR) IP (DMA) : Parameter (MemDataAlignment) has Id (TIM2_CH1) currently not set
2023-05-14 14:04:54,461 [INFO] ImportTextPane:194 - (OptionalMessage_ERROR) IP (DMA) : Parameter (Mode) has Id (TIM2_CH1) currently not set
2023-05-14 14:04:54,461 [INFO] ImportTextPane:194 - (OptionalMessage_ERROR) IP (DMA) : Parameter (Priority) has Id (TIM2_CH1) currently not set
2023-05-14 14:04:54,473 [INFO] ImportTextPane:194 - (OptionalMessage_ERROR) IP (RCC) : Invalid parameter (FamilyName)
2023-05-14 14:04:54,474 [INFO] ImportTextPane:194 - (OptionalMessage_ERROR) IP (RCC) : Invalid parameter (TIM2Freq_Value)
2023-05-14 14:04:54,768 [INFO] UtilMem:75 - End LoadConfig() Used Memory: 759968200 Bytes (927989760)
2023-05-14 14:04:54,804 [WARN] ThirdParty:833 - waiting for thirdparty lock release [change project]
2023-05-14 14:04:54,807 [INFO] ThirdParty:835 - entering critical section [change project]
2023-05-14 14:04:54,807 [INFO] ThirdParty:1030 - CMSIS Pack Vendor :STMicroelectronics X-CUBE-ISPU 1.1.0
2023-05-14 14:04:54,807 [INFO] ThirdParty:1030 - CMSIS Pack Vendor :RoweBots I-CUBE-UNISONRTOS 5.5.0-4
2023-05-14 14:04:54,807 [INFO] ThirdParty:1030 - CMSIS Pack Vendor :STMicroelectronics X-CUBE-GNSS1 6.0.0
2023-05-14 14:04:54,807 [INFO] ThirdParty:1030 - CMSIS Pack Vendor :STMicroelectronics USB_HOST 2.0.0
2023-05-14 14:04:54,807 [INFO] ThirdParty:1030 - CMSIS Pack Vendor :STMicroelectronics X-CUBE-AZRTOS-F4 1.1.0
2023-05-14 14:04:54,807 [INFO] ThirdParty:1030 - CMSIS Pack Vendor :STMicroelectronics LIBJPEG 8.0.0
2023-05-14 14:04:54,807 [INFO] ThirdParty:1030 - CMSIS Pack Vendor :STMicroelectronics X-CUBE-SMBUS 2.1.0
2023-05-14 14:04:54,807 [INFO] ThirdParty:1030 - CMSIS Pack Vendor :STMicroelectronics USB_DEVICE 3.0.0
2023-05-14 14:04:54,807 [INFO] ThirdParty:1030 - CMSIS Pack Vendor :STMicroelectronics X-CUBE-AI 8.0.0
2023-05-14 14:04:54,807 [INFO] ThirdParty:1030 - CMSIS Pack Vendor :STMicroelectronics X-CUBE-FREERTOS 1.0.0
2023-05-14 14:04:54,807 [INFO] ThirdParty:1030 - CMSIS Pack Vendor :STMicroelectronics X-CUBE-FREERTOS 1.0.1
2023-05-14 14:04:54,807 [INFO] ThirdParty:1030 - CMSIS Pack Vendor :STMicroelectronics X-CUBE-TOUCHGFX 4.21.1
2023-05-14 14:04:54,808 [INFO] ThirdParty:1030 - CMSIS Pack Vendor :STMicroelectronics X-CUBE-TOUCHGFX 4.21.3
2023-05-14 14:04:54,808 [INFO] ThirdParty:1030 - CMSIS Pack Vendor :STMicroelectronics X-CUBE-AZRTOS-F7 1.1.0
2023-05-14 14:04:54,808 [INFO] ThirdParty:1030 - CMSIS Pack Vendor :STMicroelectronics USB_DEVICE 2.0.0
2023-05-14 14:04:54,808 [INFO] ThirdParty:1030 - CMSIS Pack Vendor :STMicroelectronics X-CUBE-MEMS1 9.6.0
2023-05-14 14:04:54,808 [INFO] ThirdParty:1030 - CMSIS Pack Vendor :STMicroelectronics FP-SNS-MOTENV1 4.3.0
2023-05-14 14:04:54,808 [INFO] ThirdParty:1030 - CMSIS Pack Vendor :STMicroelectronics FP-SNS-FLIGHT1 5.0.0
2023-05-14 14:04:54,808 [INFO] ThirdParty:1030 - CMSIS Pack Vendor :STMicroelectronics X-CUBE-ALGOBUILD 1.3.0
2023-05-14 14:04:54,808 [INFO] ThirdParty:1030 - CMSIS Pack Vendor :STMicroelectronics X-CUBE-BLE1 6.2.4
2023-05-14 14:04:54,808 [INFO] ThirdParty:1030 - CMSIS Pack Vendor :STMicroelectronics X-CUBE-AZRTOS-L5 1.1.0
2023-05-14 14:04:54,808 [INFO] ThirdParty:1030 - CMSIS Pack Vendor :STMicroelectronics FreeRTOS 0.0.1
2023-05-14 14:04:54,808 [INFO] ThirdParty:1030 - CMSIS Pack Vendor :emotas I-CUBE-CANOPEN 1.1.3
2023-05-14 14:04:54,808 [INFO] ThirdParty:1030 - CMSIS Pack Vendor :STMicroelectronics X-CUBE-AZRTOS-G0 1.1.0
2023-05-14 14:04:54,808 [INFO] ThirdParty:1030 - CMSIS Pack Vendor :STMicroelectronics X-CUBE-BLEMGR 2.0.0
2023-05-14 14:04:54,808 [INFO] ThirdParty:1030 - CMSIS Pack Vendor :STMicroelectronics X-CUBE-SUBG2 5.0.0
2023-05-14 14:04:54,808 [INFO] ThirdParty:1030 - CMSIS Pack Vendor :STMicroelectronics X-CUBE-NFC4 3.0.0
2023-05-14 14:04:54,808 [INFO] ThirdParty:1030 - CMSIS Pack Vendor :STMicroelectronics STM32_WPAN 1.0.0
2023-05-14 14:04:54,808 [INFO] ThirdParty:1030 - CMSIS Pack Vendor :STMicroelectronics lwIP 2.0.3
2023-05-14 14:04:54,808 [INFO] ThirdParty:1030 - CMSIS Pack Vendor :STMicroelectronics USB_HOST 1.0.0
2023-05-14 14:04:54,808 [INFO] ThirdParty:1030 - CMSIS Pack Vendor :STMicroelectronics X-CUBE-AZRTOS-G4 2.0.0
2023-05-14 14:04:54,808 [INFO] ThirdParty:1030 - CMSIS Pack Vendor :STMicroelectronics PDM2PCM 3.1.0
2023-05-14 14:04:54,808 [INFO] ThirdParty:1030 - CMSIS Pack Vendor :STMicroelectronics X-CUBE-AZRTOS-H7 3.1.0
2023-05-14 14:04:54,808 [INFO] ThirdParty:1030 - CMSIS Pack Vendor :STMicroelectronics X-CUBE-TOF1 3.3.0
2023-05-14 14:04:54,808 [INFO] ThirdParty:1030 - CMSIS Pack Vendor :STMicroelectronics FP-ATR-ASTRA1 1.1.1
2023-05-14 14:04:54,808 [INFO] ThirdParty:1030 - CMSIS Pack Vendor :STMicroelectronics PDM2PCM 3.3.0
2023-05-14 14:04:54,808 [INFO] ThirdParty:1030 - CMSIS Pack Vendor :STMicroelectronics X-CUBE-DISPLAY 3.0.0
2023-05-14 14:04:54,808 [INFO] ThirdParty:1030 - CMSIS Pack Vendor :STMicroelectronics X-CUBE-AZRTOS-G4 1.0.0
2023-05-14 14:04:54,808 [INFO] ThirdParty:1030 - CMSIS Pack Vendor :STMicroelectronics FP-ATR-SIGFOX1 3.2.0
2023-05-14 14:04:54,808 [INFO] ThirdParty:1030 - CMSIS Pack Vendor :wolfSSL I-CUBE-wolfSSL 5.5.4
2023-05-14 14:04:54,808 [INFO] ThirdParty:1030 - CMSIS Pack Vendor :STMicroelectronics X-CUBE-AZRTOS-L4 1.0.0
2023-05-14 14:04:54,808 [INFO] ThirdParty:1030 - CMSIS Pack Vendor :STMicroelectronics HAL Drivers 0.0.0
2023-05-14 14:04:54,808 [INFO] ThirdParty:1030 - CMSIS Pack Vendor :STMicroelectronics MBEDTLS 2.16.2
2023-05-14 14:04:54,808 [INFO] ThirdParty:1030 - CMSIS Pack Vendor :STMicroelectronics MBEDTLS 2.14.1
2023-05-14 14:04:54,808 [INFO] ThirdParty:1030 - CMSIS Pack Vendor :STMicroelectronics X-CUBE-NFC7 1.0.0
2023-05-14 14:04:54,808 [INFO] ThirdParty:1030 - CMSIS Pack Vendor :STMicroelectronics X-CUBE-AZRTOS-WL 1.0.0
2023-05-14 14:04:54,808 [INFO] ThirdParty:1030 - CMSIS Pack Vendor :STMicroelectronics X-CUBE-EEPRMA1 4.1.0
2023-05-14 14:04:54,808 [INFO] ThirdParty:1030 - CMSIS Pack Vendor :portGmbH I-Cube-SoM-uGOAL 1.1.0
2023-05-14 14:04:54,808 [INFO] ThirdParty:1030 - CMSIS Pack Vendor :STMicroelectronics X-CUBE-ALS 1.0.1
2023-05-14 14:04:54,808 [INFO] ThirdParty:1030 - CMSIS Pack Vendor :STMicroelectronics X-CUBE-MEMS1 9.5.0
2023-05-14 14:04:54,808 [INFO] ThirdParty:1030 - CMSIS Pack Vendor :STMicroelectronics ThreadX 1.0.0
2023-05-14 14:04:54,808 [INFO] ThirdParty:1030 - CMSIS Pack Vendor :STMicroelectronics X-CUBE-AZRTOS-WB 1.1.0
2023-05-14 14:04:54,808 [INFO] ThirdParty:1030 - CMSIS Pack Vendor :SEGGER I-CUBE-embOS 1.3.1
2023-05-14 14:04:54,808 [INFO] ThirdParty:1030 - CMSIS Pack Vendor :STMicroelectronics USB_DEVICE 1.0.0
2023-05-14 14:04:54,808 [INFO] ThirdParty:1030 - CMSIS Pack Vendor :STMicroelectronics ThreadX 0.0.2
2023-05-14 14:04:54,808 [INFO] ThirdParty:1030 - CMSIS Pack Vendor :WES I-CUBE-Cesium 1.3.0
2023-05-14 14:04:54,808 [INFO] ThirdParty:1030 - CMSIS Pack Vendor :STMicroelectronics FP-ATR-ASTRA1 2.0.0
2023-05-14 14:04:54,808 [INFO] ThirdParty:1030 - CMSIS Pack Vendor :STMicroelectronics lwIP 2.1.2
2023-05-14 14:04:54,808 [INFO] ThirdParty:1030 - CMSIS Pack Vendor :STMicroelectronics X-CUBE-SFXS2LP1 4.0.0
2023-05-14 14:04:54,808 [INFO] ThirdParty:1030 - CMSIS Pack Vendor :STMicroelectronics X-CUBE-BLE2 3.3.0
2023-05-14 14:04:54,808 [INFO] ThirdParty:1030 - CMSIS Pack Vendor :STMicroelectronics X-CUBE-TOF1 3.2.0
2023-05-14 14:04:54,808 [INFO] ThirdParty:1030 - CMSIS Pack Vendor :STMicroelectronics PDM2PCM 3.2.0
2023-05-14 14:04:54,808 [INFO] ThirdParty:1030 - CMSIS Pack Vendor :STMicroelectronics X-CUBE-AZRTOS-H7 3.0.0
2023-05-14 14:04:54,809 [INFO] ThirdParty:841 - exiting critical section [change project]
2023-05-14 14:04:55,290 [INFO] PinOutPanel:1499 - setPackage(No Configuration,No Configuration)
2023-05-14 14:04:55,292 [INFO] PinOutPanel:1499 - setPackage(STM32F303VCTx,LQFP100)
2023-05-14 14:04:55,567 [INFO] UtilMem:75 - Before build in PCC Used Memory: 548193816 Bytes (927989760)
2023-05-14 14:04:55,923 [INFO] UtilMem:75 - After build in PCC Used Memory: 593282584 Bytes (927989760)
2023-05-14 14:04:55,986 [INFO] IPUIPlugin:80 - create IPUIPlugin
2023-05-14 14:04:55,987 [INFO] IPUIPlugin:80 - create IPUIPlugin
2023-05-14 14:04:55,987 [INFO] IPUIPlugin:80 - create IPUIPlugin
2023-05-14 14:04:55,987 [INFO] IPUIPlugin:80 - create IPUIPlugin
2023-05-14 14:04:55,988 [INFO] IPUIPlugin:80 - create IPUIPlugin
2023-05-14 14:04:55,989 [INFO] IPUIPlugin:80 - create IPUIPlugin
2023-05-14 14:04:55,998 [INFO] IPUIPlugin:80 - create IPUIPlugin
2023-05-14 14:04:55,998 [INFO] IPUIPlugin:80 - create IPUIPlugin
2023-05-14 14:04:55,998 [INFO] IPUIPlugin:80 - create IPUIPlugin
2023-05-14 14:04:55,998 [INFO] IPUIPlugin:80 - create IPUIPlugin
2023-05-14 14:04:55,998 [INFO] IPUIPlugin:80 - create IPUIPlugin
2023-05-14 14:04:55,998 [INFO] IPUIPlugin:80 - create IPUIPlugin
2023-05-14 14:04:55,998 [INFO] IPUIPlugin:80 - create IPUIPlugin
2023-05-14 14:04:55,998 [INFO] IPUIPlugin:80 - create IPUIPlugin
2023-05-14 14:04:55,998 [INFO] IPUIPlugin:80 - create IPUIPlugin
2023-05-14 14:04:55,998 [INFO] IPUIPlugin:80 - create IPUIPlugin
2023-05-14 14:04:55,998 [INFO] IPUIPlugin:80 - create IPUIPlugin
2023-05-14 14:04:55,999 [INFO] IPUIPlugin:80 - create IPUIPlugin
2023-05-14 14:04:55,999 [INFO] IPUIPlugin:80 - create IPUIPlugin
2023-05-14 14:04:55,999 [INFO] IPUIPlugin:80 - create IPUIPlugin
2023-05-14 14:04:55,999 [INFO] IPUIPlugin:80 - create IPUIPlugin
2023-05-14 14:04:55,999 [INFO] IPUIPlugin:80 - create IPUIPlugin
2023-05-14 14:04:56,000 [INFO] IPUIPlugin:80 - create IPUIPlugin
2023-05-14 14:04:56,000 [INFO] IPUIPlugin:80 - create IPUIPlugin
2023-05-14 14:04:56,000 [INFO] IPUIPlugin:80 - create IPUIPlugin
2023-05-14 14:04:56,000 [INFO] IPUIPlugin:80 - create IPUIPlugin
2023-05-14 14:04:56,000 [INFO] IPUIPlugin:80 - create IPUIPlugin
2023-05-14 14:04:56,000 [INFO] IPUIPlugin:80 - create IPUIPlugin
2023-05-14 14:04:56,000 [INFO] IPUIPlugin:80 - create IPUIPlugin
2023-05-14 14:04:56,002 [INFO] IPUIPlugin:80 - create IPUIPlugin
2023-05-14 14:04:56,003 [INFO] IPUIPlugin:80 - create IPUIPlugin
2023-05-14 14:04:56,003 [INFO] IPUIPlugin:80 - create IPUIPlugin
2023-05-14 14:04:56,003 [INFO] IPUIPlugin:80 - create IPUIPlugin
2023-05-14 14:04:56,003 [INFO] IPUIPlugin:80 - create IPUIPlugin
2023-05-14 14:04:56,003 [INFO] IPUIPlugin:80 - create IPUIPlugin
2023-05-14 14:04:56,003 [INFO] IPUIPlugin:80 - create IPUIPlugin
2023-05-14 14:04:56,003 [INFO] IPUIPlugin:80 - create IPUIPlugin
2023-05-14 14:04:56,003 [INFO] IPUIPlugin:80 - create IPUIPlugin
2023-05-14 14:04:56,003 [INFO] IPUIPlugin:80 - create IPUIPlugin
2023-05-14 14:04:56,003 [INFO] IPUIPlugin:80 - create IPUIPlugin
2023-05-14 14:04:56,003 [INFO] IPUIPlugin:80 - create IPUIPlugin
2023-05-14 14:04:56,004 [INFO] IPUIPlugin:80 - create IPUIPlugin
2023-05-14 14:04:56,004 [INFO] IPUIPlugin:80 - create IPUIPlugin
2023-05-14 14:04:56,004 [INFO] IPUIPlugin:80 - create IPUIPlugin
2023-05-14 14:04:56,004 [INFO] IPUIPlugin:80 - create IPUIPlugin
2023-05-14 14:04:56,004 [INFO] IPUIPlugin:80 - create IPUIPlugin
2023-05-14 14:04:56,004 [INFO] IPUIPlugin:80 - create IPUIPlugin
2023-05-14 14:04:56,004 [INFO] IPUIPlugin:80 - create IPUIPlugin
2023-05-14 14:04:56,004 [INFO] IPUIPlugin:80 - create IPUIPlugin
2023-05-14 14:04:56,004 [INFO] IPUIPlugin:80 - create IPUIPlugin
2023-05-14 14:04:56,004 [INFO] IPUIPlugin:80 - create IPUIPlugin
2023-05-14 14:04:56,004 [INFO] IPUIPlugin:80 - create IPUIPlugin
2023-05-14 14:04:56,005 [INFO] IPUIPlugin:80 - create IPUIPlugin
2023-05-14 14:04:56,005 [INFO] IPUIPlugin:80 - create IPUIPlugin
2023-05-14 14:04:56,005 [INFO] IPUIPlugin:80 - create IPUIPlugin
2023-05-14 14:04:56,114 [INFO] CADModel:165 - CPN selected for project levelSTM32F303VCT6
2023-05-14 14:04:56,114 [INFO] CADModel:114 - Register for checkConnection events
2023-05-14 14:04:56,162 [INFO] OpenFileManager:328 - Restore cursor
2023-05-14 14:04:56,366 [WARN] IP:2113 - lpm_enable not found: check if there is a RefParameter without a condition.
2023-05-14 14:04:56,366 [WARN] IP:2113 - lpm_enable not found: check if there is a RefParameter without a condition.
2023-05-14 14:06:24,017 [INFO] MainUpdater:2854 - connection check result : 10
2023-05-14 14:06:24,018 [INFO] MainUpdater:2854 - connection check result : 10
2023-05-14 14:06:24,665 [INFO] I2cTimingTraitement:330 - 0x2000090E
2023-05-14 14:06:24,669 [INFO] MicroXplorer:468 - Change Database Path : 
2023-05-14 14:06:24,669 [INFO] MicroXplorer:498 - Change Database Version : DB.6.0.80
2023-05-14 14:06:24,688 [WARN] ThirdParty:871 - waiting for thirdparty lock release [close project]
2023-05-14 14:06:24,688 [INFO] ThirdParty:873 - entering critical section [close project]
2023-05-14 14:06:24,689 [INFO] ThirdParty:883 - exiting critical section [close project]
2023-05-14 14:06:24,690 [INFO] PinOutPanel:1499 - setPackage(No Configuration,No Configuration)
2023-05-14 14:06:24,692 [INFO] UtilMem:75 - Begin LoadConfig() Used Memory: 747727512 Bytes (927989760)
2023-05-14 14:06:24,693 [INFO] MicroXplorer:468 - Change Database Path : 
2023-05-14 14:06:24,693 [INFO] MicroXplorer:498 - Change Database Version : DB.6.0.80
2023-05-14 14:06:24,693 [INFO] OpenFileManager:308 - Change cursor
2023-05-14 14:06:24,705 [INFO] Mcu:1937 - Initializing MCU STM32F303V(B-C)Tx STM32F303VCTx STM32F303VCT6
2023-05-14 14:06:25,752 [INFO] Context:659 - Trying to add GPIOservice into a context  which must be forbidden
2023-05-14 14:06:26,237 [INFO] RtosManager:555 - Registered RTOS mode: class=CMSIS, group=RTOS, mode=CMSIS_V1, owner=FREERTOS
2023-05-14 14:06:26,242 [INFO] RtosManager:555 - Registered RTOS mode: class=CMSIS, group=RTOS2, mode=CMSIS_V2, owner=FREERTOS
2023-05-14 14:06:26,242 [INFO] RtosManager:555 - Registered RTOS mode: class=RTOS, group=Core, mode=CMSIS_V1, owner=FREERTOS
2023-05-14 14:06:26,242 [INFO] RtosManager:555 - Registered RTOS mode: class=RTOS, group=Core, mode=CMSIS_V2, owner=FREERTOS
2023-05-14 14:06:26,242 [WARN] ModelIntegratedComponent:184 - Missing modes for component STMicroelectronics:FreeRTOS:0.0.1:STMicroelectronics:RTOS:FreeRTOS:Core:::10.2.0:
2023-05-14 14:06:26,252 [WARN] ModelIntegratedComponent:63 - No mode defined for component null
2023-05-14 14:06:26,252 [WARN] ModelIntegratedComponent:63 - No mode defined for component null
2023-05-14 14:06:26,252 [WARN] ModelIntegratedComponent:63 - No mode defined for component null
2023-05-14 14:06:26,252 [WARN] ModelIntegratedComponent:63 - No mode defined for component null
2023-05-14 14:06:26,252 [WARN] ModelIntegratedComponent:63 - No mode defined for component null
2023-05-14 14:06:26,252 [WARN] ModelIntegratedComponent:63 - No mode defined for component null
2023-05-14 14:06:26,252 [WARN] ModelIntegratedComponent:63 - No mode defined for component null
2023-05-14 14:06:26,252 [WARN] ModelIntegratedComponent:63 - No mode defined for component null
2023-05-14 14:06:26,252 [WARN] ModelIntegratedComponent:63 - No mode defined for component null
2023-05-14 14:06:26,252 [WARN] ModelIntegratedComponent:63 - No mode defined for component null
2023-05-14 14:06:26,252 [WARN] ModelIntegratedComponent:63 - No mode defined for component null
2023-05-14 14:06:26,252 [WARN] ModelIntegratedComponent:63 - No mode defined for component null
2023-05-14 14:06:26,252 [WARN] ModelIntegratedComponent:63 - No mode defined for component null
2023-05-14 14:06:26,252 [WARN] ModelIntegratedComponent:63 - No mode defined for component null
2023-05-14 14:06:26,252 [WARN] ModelIntegratedComponent:63 - No mode defined for component null
2023-05-14 14:06:26,252 [WARN] ModelIntegratedComponent:63 - No mode defined for component null
2023-05-14 14:06:26,252 [WARN] ModelIntegratedComponent:63 - No mode defined for component null
2023-05-14 14:06:26,252 [WARN] ModelIntegratedComponent:63 - No mode defined for component null
2023-05-14 14:06:26,253 [WARN] ModelIntegratedComponent:63 - No mode defined for component null
2023-05-14 14:06:26,253 [WARN] ModelIntegratedComponent:63 - No mode defined for component null
2023-05-14 14:06:26,253 [WARN] ModelIntegratedComponent:63 - No mode defined for component null
2023-05-14 14:06:26,253 [WARN] ModelIntegratedComponent:63 - No mode defined for component null
2023-05-14 14:06:26,253 [WARN] ModelIntegratedComponent:63 - No mode defined for component null
2023-05-14 14:06:26,253 [WARN] ModelIntegratedComponent:63 - No mode defined for component null
2023-05-14 14:06:26,253 [WARN] ModelIntegratedComponent:63 - No mode defined for component null
2023-05-14 14:06:26,253 [WARN] ModelIntegratedComponent:63 - No mode defined for component null
2023-05-14 14:06:26,253 [WARN] ModelIntegratedComponent:63 - No mode defined for component null
2023-05-14 14:06:26,253 [WARN] ModelIntegratedComponent:63 - No mode defined for component null
2023-05-14 14:06:26,253 [WARN] ModelIntegratedComponent:63 - No mode defined for component null
2023-05-14 14:06:26,253 [WARN] ModelIntegratedComponent:63 - No mode defined for component null
2023-05-14 14:06:26,253 [WARN] ModelIntegratedComponent:63 - No mode defined for component null
2023-05-14 14:06:26,253 [WARN] ModelIntegratedComponent:63 - No mode defined for component null
2023-05-14 14:06:26,253 [WARN] ModelIntegratedComponent:63 - No mode defined for component null
2023-05-14 14:06:26,349 [INFO] ThirdPartyModel:298 - Start build external matchings
2023-05-14 14:06:26,809 [INFO] ThirdPartyModel:316 - End build external matchings
2023-05-14 14:06:26,845 [INFO] ImportTextPane:194 - (OptionalMessage_ERROR) IP (DMA) : Parameter (Instance) has Id (TIM2_CH1) currently not set
2023-05-14 14:06:26,845 [INFO] ImportTextPane:194 - (OptionalMessage_ERROR) IP (DMA) : Parameter (Direction) has Id (TIM2_CH1) currently not set
2023-05-14 14:06:26,845 [INFO] ImportTextPane:194 - (OptionalMessage_ERROR) IP (DMA) : Parameter (PeriphInc) has Id (TIM2_CH1) currently not set
2023-05-14 14:06:26,845 [INFO] ImportTextPane:194 - (OptionalMessage_ERROR) IP (DMA) : Parameter (MemInc) has Id (TIM2_CH1) currently not set
2023-05-14 14:06:26,845 [INFO] ImportTextPane:194 - (OptionalMessage_ERROR) IP (DMA) : Parameter (PeriphDataAlignment) has Id (TIM2_CH1) currently not set
2023-05-14 14:06:26,846 [INFO] ImportTextPane:194 - (OptionalMessage_ERROR) IP (DMA) : Parameter (MemDataAlignment) has Id (TIM2_CH1) currently not set
2023-05-14 14:06:26,846 [INFO] ImportTextPane:194 - (OptionalMessage_ERROR) IP (DMA) : Parameter (Mode) has Id (TIM2_CH1) currently not set
2023-05-14 14:06:26,846 [INFO] ImportTextPane:194 - (OptionalMessage_ERROR) IP (DMA) : Parameter (Priority) has Id (TIM2_CH1) currently not set
2023-05-14 14:06:26,851 [INFO] ImportTextPane:194 - (OptionalMessage_ERROR) IP (RCC) : Invalid parameter (FamilyName)
2023-05-14 14:06:26,852 [INFO] ImportTextPane:194 - (OptionalMessage_ERROR) IP (RCC) : Invalid parameter (TIM2Freq_Value)
2023-05-14 14:06:27,150 [INFO] UtilMem:75 - End LoadConfig() Used Memory: 652684520 Bytes (927989760)
2023-05-14 14:06:27,185 [WARN] ThirdParty:833 - waiting for thirdparty lock release [change project]
2023-05-14 14:06:27,189 [INFO] ThirdParty:835 - entering critical section [change project]
2023-05-14 14:06:27,189 [INFO] ThirdParty:1030 - CMSIS Pack Vendor :STMicroelectronics X-CUBE-ISPU 1.1.0
2023-05-14 14:06:27,189 [INFO] ThirdParty:1030 - CMSIS Pack Vendor :RoweBots I-CUBE-UNISONRTOS 5.5.0-4
2023-05-14 14:06:27,189 [INFO] ThirdParty:1030 - CMSIS Pack Vendor :STMicroelectronics X-CUBE-GNSS1 6.0.0
2023-05-14 14:06:27,189 [INFO] ThirdParty:1030 - CMSIS Pack Vendor :STMicroelectronics USB_HOST 2.0.0
2023-05-14 14:06:27,189 [INFO] ThirdParty:1030 - CMSIS Pack Vendor :STMicroelectronics X-CUBE-AZRTOS-F4 1.1.0
2023-05-14 14:06:27,189 [INFO] ThirdParty:1030 - CMSIS Pack Vendor :STMicroelectronics LIBJPEG 8.0.0
2023-05-14 14:06:27,190 [INFO] ThirdParty:1030 - CMSIS Pack Vendor :STMicroelectronics X-CUBE-SMBUS 2.1.0
2023-05-14 14:06:27,190 [INFO] ThirdParty:1030 - CMSIS Pack Vendor :STMicroelectronics USB_DEVICE 3.0.0
2023-05-14 14:06:27,190 [INFO] ThirdParty:1030 - CMSIS Pack Vendor :STMicroelectronics X-CUBE-AI 8.0.0
2023-05-14 14:06:27,190 [INFO] ThirdParty:1030 - CMSIS Pack Vendor :STMicroelectronics X-CUBE-FREERTOS 1.0.0
2023-05-14 14:06:27,190 [INFO] ThirdParty:1030 - CMSIS Pack Vendor :STMicroelectronics X-CUBE-FREERTOS 1.0.1
2023-05-14 14:06:27,190 [INFO] ThirdParty:1030 - CMSIS Pack Vendor :STMicroelectronics X-CUBE-TOUCHGFX 4.21.1
2023-05-14 14:06:27,190 [INFO] ThirdParty:1030 - CMSIS Pack Vendor :STMicroelectronics X-CUBE-TOUCHGFX 4.21.3
2023-05-14 14:06:27,190 [INFO] ThirdParty:1030 - CMSIS Pack Vendor :STMicroelectronics X-CUBE-AZRTOS-F7 1.1.0
2023-05-14 14:06:27,190 [INFO] ThirdParty:1030 - CMSIS Pack Vendor :STMicroelectronics USB_DEVICE 2.0.0
2023-05-14 14:06:27,190 [INFO] ThirdParty:1030 - CMSIS Pack Vendor :STMicroelectronics X-CUBE-MEMS1 9.6.0
2023-05-14 14:06:27,190 [INFO] ThirdParty:1030 - CMSIS Pack Vendor :STMicroelectronics FP-SNS-MOTENV1 4.3.0
2023-05-14 14:06:27,190 [INFO] ThirdParty:1030 - CMSIS Pack Vendor :STMicroelectronics FP-SNS-FLIGHT1 5.0.0
2023-05-14 14:06:27,190 [INFO] ThirdParty:1030 - CMSIS Pack Vendor :STMicroelectronics X-CUBE-ALGOBUILD 1.3.0
2023-05-14 14:06:27,190 [INFO] ThirdParty:1030 - CMSIS Pack Vendor :STMicroelectronics X-CUBE-BLE1 6.2.4
2023-05-14 14:06:27,190 [INFO] ThirdParty:1030 - CMSIS Pack Vendor :STMicroelectronics X-CUBE-AZRTOS-L5 1.1.0
2023-05-14 14:06:27,190 [INFO] ThirdParty:1030 - CMSIS Pack Vendor :STMicroelectronics FreeRTOS 0.0.1
2023-05-14 14:06:27,190 [INFO] ThirdParty:1030 - CMSIS Pack Vendor :emotas I-CUBE-CANOPEN 1.1.3
2023-05-14 14:06:27,190 [INFO] ThirdParty:1030 - CMSIS Pack Vendor :STMicroelectronics X-CUBE-AZRTOS-G0 1.1.0
2023-05-14 14:06:27,190 [INFO] ThirdParty:1030 - CMSIS Pack Vendor :STMicroelectronics X-CUBE-BLEMGR 2.0.0
2023-05-14 14:06:27,190 [INFO] ThirdParty:1030 - CMSIS Pack Vendor :STMicroelectronics X-CUBE-SUBG2 5.0.0
2023-05-14 14:06:27,190 [INFO] ThirdParty:1030 - CMSIS Pack Vendor :STMicroelectronics X-CUBE-NFC4 3.0.0
2023-05-14 14:06:27,190 [INFO] ThirdParty:1030 - CMSIS Pack Vendor :STMicroelectronics STM32_WPAN 1.0.0
2023-05-14 14:06:27,190 [INFO] ThirdParty:1030 - CMSIS Pack Vendor :STMicroelectronics lwIP 2.0.3
2023-05-14 14:06:27,190 [INFO] ThirdParty:1030 - CMSIS Pack Vendor :STMicroelectronics USB_HOST 1.0.0
2023-05-14 14:06:27,190 [INFO] ThirdParty:1030 - CMSIS Pack Vendor :STMicroelectronics X-CUBE-AZRTOS-G4 2.0.0
2023-05-14 14:06:27,190 [INFO] ThirdParty:1030 - CMSIS Pack Vendor :STMicroelectronics PDM2PCM 3.1.0
2023-05-14 14:06:27,190 [INFO] ThirdParty:1030 - CMSIS Pack Vendor :STMicroelectronics X-CUBE-AZRTOS-H7 3.1.0
2023-05-14 14:06:27,190 [INFO] ThirdParty:1030 - CMSIS Pack Vendor :STMicroelectronics X-CUBE-TOF1 3.3.0
2023-05-14 14:06:27,190 [INFO] ThirdParty:1030 - CMSIS Pack Vendor :STMicroelectronics FP-ATR-ASTRA1 1.1.1
2023-05-14 14:06:27,190 [INFO] ThirdParty:1030 - CMSIS Pack Vendor :STMicroelectronics PDM2PCM 3.3.0
2023-05-14 14:06:27,190 [INFO] ThirdParty:1030 - CMSIS Pack Vendor :STMicroelectronics X-CUBE-DISPLAY 3.0.0
2023-05-14 14:06:27,190 [INFO] ThirdParty:1030 - CMSIS Pack Vendor :STMicroelectronics X-CUBE-AZRTOS-G4 1.0.0
2023-05-14 14:06:27,190 [INFO] ThirdParty:1030 - CMSIS Pack Vendor :STMicroelectronics FP-ATR-SIGFOX1 3.2.0
2023-05-14 14:06:27,190 [INFO] ThirdParty:1030 - CMSIS Pack Vendor :wolfSSL I-CUBE-wolfSSL 5.5.4
2023-05-14 14:06:27,190 [INFO] ThirdParty:1030 - CMSIS Pack Vendor :STMicroelectronics X-CUBE-AZRTOS-L4 1.0.0
2023-05-14 14:06:27,190 [INFO] ThirdParty:1030 - CMSIS Pack Vendor :STMicroelectronics HAL Drivers 0.0.0
2023-05-14 14:06:27,190 [INFO] ThirdParty:1030 - CMSIS Pack Vendor :STMicroelectronics MBEDTLS 2.16.2
2023-05-14 14:06:27,190 [INFO] ThirdParty:1030 - CMSIS Pack Vendor :STMicroelectronics MBEDTLS 2.14.1
2023-05-14 14:06:27,190 [INFO] ThirdParty:1030 - CMSIS Pack Vendor :STMicroelectronics X-CUBE-NFC7 1.0.0
2023-05-14 14:06:27,190 [INFO] ThirdParty:1030 - CMSIS Pack Vendor :STMicroelectronics X-CUBE-AZRTOS-WL 1.0.0
2023-05-14 14:06:27,190 [INFO] ThirdParty:1030 - CMSIS Pack Vendor :STMicroelectronics X-CUBE-EEPRMA1 4.1.0
2023-05-14 14:06:27,190 [INFO] ThirdParty:1030 - CMSIS Pack Vendor :portGmbH I-Cube-SoM-uGOAL 1.1.0
2023-05-14 14:06:27,190 [INFO] ThirdParty:1030 - CMSIS Pack Vendor :STMicroelectronics X-CUBE-ALS 1.0.1
2023-05-14 14:06:27,190 [INFO] ThirdParty:1030 - CMSIS Pack Vendor :STMicroelectronics X-CUBE-MEMS1 9.5.0
2023-05-14 14:06:27,190 [INFO] ThirdParty:1030 - CMSIS Pack Vendor :STMicroelectronics ThreadX 1.0.0
2023-05-14 14:06:27,190 [INFO] ThirdParty:1030 - CMSIS Pack Vendor :STMicroelectronics X-CUBE-AZRTOS-WB 1.1.0
2023-05-14 14:06:27,190 [INFO] ThirdParty:1030 - CMSIS Pack Vendor :SEGGER I-CUBE-embOS 1.3.1
2023-05-14 14:06:27,190 [INFO] ThirdParty:1030 - CMSIS Pack Vendor :STMicroelectronics USB_DEVICE 1.0.0
2023-05-14 14:06:27,190 [INFO] ThirdParty:1030 - CMSIS Pack Vendor :STMicroelectronics ThreadX 0.0.2
2023-05-14 14:06:27,190 [INFO] ThirdParty:1030 - CMSIS Pack Vendor :WES I-CUBE-Cesium 1.3.0
2023-05-14 14:06:27,190 [INFO] ThirdParty:1030 - CMSIS Pack Vendor :STMicroelectronics FP-ATR-ASTRA1 2.0.0
2023-05-14 14:06:27,190 [INFO] ThirdParty:1030 - CMSIS Pack Vendor :STMicroelectronics lwIP 2.1.2
2023-05-14 14:06:27,190 [INFO] ThirdParty:1030 - CMSIS Pack Vendor :STMicroelectronics X-CUBE-SFXS2LP1 4.0.0
2023-05-14 14:06:27,190 [INFO] ThirdParty:1030 - CMSIS Pack Vendor :STMicroelectronics X-CUBE-BLE2 3.3.0
2023-05-14 14:06:27,190 [INFO] ThirdParty:1030 - CMSIS Pack Vendor :STMicroelectronics X-CUBE-TOF1 3.2.0
2023-05-14 14:06:27,190 [INFO] ThirdParty:1030 - CMSIS Pack Vendor :STMicroelectronics PDM2PCM 3.2.0
2023-05-14 14:06:27,190 [INFO] ThirdParty:1030 - CMSIS Pack Vendor :STMicroelectronics X-CUBE-AZRTOS-H7 3.0.0
2023-05-14 14:06:27,193 [INFO] ThirdParty:841 - exiting critical section [change project]
2023-05-14 14:06:27,615 [INFO] PinOutPanel:1499 - setPackage(No Configuration,No Configuration)
2023-05-14 14:06:27,617 [INFO] PinOutPanel:1499 - setPackage(STM32F303VCTx,LQFP100)
2023-05-14 14:06:27,906 [INFO] UtilMem:75 - Before build in PCC Used Memory: 570819984 Bytes (927989760)
2023-05-14 14:06:28,117 [INFO] UtilMem:75 - After build in PCC Used Memory: 577354848 Bytes (927989760)
2023-05-14 14:06:28,156 [INFO] IPUIPlugin:80 - create IPUIPlugin
2023-05-14 14:06:28,156 [INFO] IPUIPlugin:80 - create IPUIPlugin
2023-05-14 14:06:28,156 [INFO] IPUIPlugin:80 - create IPUIPlugin
2023-05-14 14:06:28,157 [INFO] IPUIPlugin:80 - create IPUIPlugin
2023-05-14 14:06:28,157 [INFO] IPUIPlugin:80 - create IPUIPlugin
2023-05-14 14:06:28,157 [INFO] IPUIPlugin:80 - create IPUIPlugin
2023-05-14 14:06:28,157 [INFO] IPUIPlugin:80 - create IPUIPlugin
2023-05-14 14:06:28,157 [INFO] IPUIPlugin:80 - create IPUIPlugin
2023-05-14 14:06:28,157 [INFO] IPUIPlugin:80 - create IPUIPlugin
2023-05-14 14:06:28,158 [INFO] IPUIPlugin:80 - create IPUIPlugin
2023-05-14 14:06:28,158 [INFO] IPUIPlugin:80 - create IPUIPlugin
2023-05-14 14:06:28,158 [INFO] IPUIPlugin:80 - create IPUIPlugin
2023-05-14 14:06:28,158 [INFO] IPUIPlugin:80 - create IPUIPlugin
2023-05-14 14:06:28,158 [INFO] IPUIPlugin:80 - create IPUIPlugin
2023-05-14 14:06:28,158 [INFO] IPUIPlugin:80 - create IPUIPlugin
2023-05-14 14:06:28,158 [INFO] IPUIPlugin:80 - create IPUIPlugin
2023-05-14 14:06:28,158 [INFO] IPUIPlugin:80 - create IPUIPlugin
2023-05-14 14:06:28,158 [INFO] IPUIPlugin:80 - create IPUIPlugin
2023-05-14 14:06:28,158 [INFO] IPUIPlugin:80 - create IPUIPlugin
2023-05-14 14:06:28,158 [INFO] IPUIPlugin:80 - create IPUIPlugin
2023-05-14 14:06:28,158 [INFO] IPUIPlugin:80 - create IPUIPlugin
2023-05-14 14:06:28,158 [INFO] IPUIPlugin:80 - create IPUIPlugin
2023-05-14 14:06:28,159 [INFO] IPUIPlugin:80 - create IPUIPlugin
2023-05-14 14:06:28,159 [INFO] IPUIPlugin:80 - create IPUIPlugin
2023-05-14 14:06:28,159 [INFO] IPUIPlugin:80 - create IPUIPlugin
2023-05-14 14:06:28,159 [INFO] IPUIPlugin:80 - create IPUIPlugin
2023-05-14 14:06:28,159 [INFO] IPUIPlugin:80 - create IPUIPlugin
2023-05-14 14:06:28,159 [INFO] IPUIPlugin:80 - create IPUIPlugin
2023-05-14 14:06:28,159 [INFO] IPUIPlugin:80 - create IPUIPlugin
2023-05-14 14:06:28,160 [INFO] IPUIPlugin:80 - create IPUIPlugin
2023-05-14 14:06:28,160 [INFO] IPUIPlugin:80 - create IPUIPlugin
2023-05-14 14:06:28,160 [INFO] IPUIPlugin:80 - create IPUIPlugin
2023-05-14 14:06:28,160 [INFO] IPUIPlugin:80 - create IPUIPlugin
2023-05-14 14:06:28,160 [INFO] IPUIPlugin:80 - create IPUIPlugin
2023-05-14 14:06:28,160 [INFO] IPUIPlugin:80 - create IPUIPlugin
2023-05-14 14:06:28,160 [INFO] IPUIPlugin:80 - create IPUIPlugin
2023-05-14 14:06:28,160 [INFO] IPUIPlugin:80 - create IPUIPlugin
2023-05-14 14:06:28,160 [INFO] IPUIPlugin:80 - create IPUIPlugin
2023-05-14 14:06:28,160 [INFO] IPUIPlugin:80 - create IPUIPlugin
2023-05-14 14:06:28,160 [INFO] IPUIPlugin:80 - create IPUIPlugin
2023-05-14 14:06:28,160 [INFO] IPUIPlugin:80 - create IPUIPlugin
2023-05-14 14:06:28,160 [INFO] IPUIPlugin:80 - create IPUIPlugin
2023-05-14 14:06:28,160 [INFO] IPUIPlugin:80 - create IPUIPlugin
2023-05-14 14:06:28,160 [INFO] IPUIPlugin:80 - create IPUIPlugin
2023-05-14 14:06:28,161 [INFO] IPUIPlugin:80 - create IPUIPlugin
2023-05-14 14:06:28,161 [INFO] IPUIPlugin:80 - create IPUIPlugin
2023-05-14 14:06:28,161 [INFO] IPUIPlugin:80 - create IPUIPlugin
2023-05-14 14:06:28,161 [INFO] IPUIPlugin:80 - create IPUIPlugin
2023-05-14 14:06:28,161 [INFO] IPUIPlugin:80 - create IPUIPlugin
2023-05-14 14:06:28,161 [INFO] IPUIPlugin:80 - create IPUIPlugin
2023-05-14 14:06:28,161 [INFO] IPUIPlugin:80 - create IPUIPlugin
2023-05-14 14:06:28,161 [INFO] IPUIPlugin:80 - create IPUIPlugin
2023-05-14 14:06:28,161 [INFO] IPUIPlugin:80 - create IPUIPlugin
2023-05-14 14:06:28,162 [INFO] IPUIPlugin:80 - create IPUIPlugin
2023-05-14 14:06:28,162 [INFO] IPUIPlugin:80 - create IPUIPlugin
2023-05-14 14:06:28,234 [INFO] CADModel:165 - CPN selected for project levelSTM32F303VCT6
2023-05-14 14:06:28,234 [INFO] CADModel:114 - Register for checkConnection events
2023-05-14 14:06:28,274 [INFO] OpenFileManager:328 - Restore cursor
2023-05-14 14:06:28,454 [WARN] IP:2113 - lpm_enable not found: check if there is a RefParameter without a condition.
2023-05-14 14:06:28,455 [WARN] IP:2113 - lpm_enable not found: check if there is a RefParameter without a condition.
2023-05-14 14:08:20,470 [INFO] MainUpdater:2854 - connection check result : 10
2023-05-14 14:08:20,658 [INFO] McuFinderGlobals:66 - Set McuFinderConnectedMode to true
2023-05-14 14:08:20,659 [INFO] MultiScanPanel:200 - Auto-refresh data requested => check proxy status ongoing
2023-05-14 14:08:20,660 [INFO] FinderPluginLoader:95 - Searching for filters in installed packs
2023-05-14 14:08:21,141 [INFO] LoadUrlFilesThread:185 - End of LoadServerUrlFiles without Thread
2023-05-14 14:08:21,141 [INFO] DetailPanel:341 - Set advertising image to /Users/neelbagayatkar/STM32Cube/Repository//en.prom-stm32h5-mcu-finder.jpg
2023-05-14 14:08:23,338 [INFO] MultiScanPanel:200 - Auto-refresh data requested => check proxy status ongoing
2023-05-14 14:08:23,445 [INFO] LoadUrlFilesThread:185 - End of LoadServerUrlFiles without Thread
2023-05-14 14:08:23,446 [INFO] DetailPanel:341 - Set advertising image to /Users/neelbagayatkar/STM32Cube/Repository//en.prom-stm32h5-mcu-finder.jpg
2023-05-14 14:08:54,304 [INFO] MainUpdater:2854 - connection check result : 10
2023-05-14 14:08:54,307 [INFO] MainUpdater:2854 - connection check result : 10
2023-05-14 14:08:54,688 [ERROR] IocParser:57 - IOException caught: /Users/neelbagayatkar/Documents/Project/MajorProject_Manshatronics/Sensor_readings/Sensor_readings.ioc (No such file or directory)
2023-05-14 14:08:54,689 [ERROR] PeripheralListParser:95 - Something went wrong with ioc file reading: /Users/neelbagayatkar/Documents/Project/MajorProject_Manshatronics/Sensor_readings/Sensor_readings.ioc (No such file or directory)
2023-05-14 14:08:54,689 [ERROR] RegexParser:59 - Issue caught when parsing regex: /Users/neelbagayatkar/Documents/Project/MajorProject_Manshatronics/Sensor_readings/Sensor_readings.ioc (No such file or directory)
2023-05-14 14:08:54,861 [INFO] I2cTimingTraitement:330 - 0x2000090E
2023-05-14 14:08:54,866 [INFO] MicroXplorer:468 - Change Database Path : 
2023-05-14 14:08:54,866 [INFO] MicroXplorer:498 - Change Database Version : DB.6.0.80
2023-05-14 14:08:54,900 [WARN] ThirdParty:871 - waiting for thirdparty lock release [close project]
2023-05-14 14:08:54,900 [INFO] ThirdParty:873 - entering critical section [close project]
2023-05-14 14:08:54,900 [INFO] ThirdParty:883 - exiting critical section [close project]
2023-05-14 14:08:54,902 [INFO] PinOutPanel:1499 - setPackage(No Configuration,No Configuration)
2023-05-14 14:08:54,905 [INFO] UtilMem:75 - Begin LoadConfig() Used Memory: 717314008 Bytes (927989760)
2023-05-14 14:08:54,905 [INFO] OpenFileManager:308 - Change cursor
2023-05-14 14:08:54,915 [INFO] ProjectFactory:402 - No CPN specified for board STM32F3DISCOVERY => set CPN to STM32F303VCT6
2023-05-14 14:08:54,915 [INFO] Mcu:1937 - Initializing MCU STM32F303V(B-C)Tx STM32F303VCTx STM32F303VCT6
2023-05-14 14:08:55,980 [INFO] Context:659 - Trying to add GPIOservice into a context  which must be forbidden
2023-05-14 14:08:56,264 [INFO] Rule:228 - rule 117617 - U5Cobra4M][GTZC] default value MPCBB3 and MPCBB5 - Not Secured memory - MPCBB1 is applicable
2023-05-14 14:08:56,264 [INFO] Rule:228 - rule 117617 - U5Cobra4M][GTZC] default value MPCBB3 and MPCBB5 - Not Secured memory - MPCBB1 is applicable
2023-05-14 14:08:56,264 [INFO] Rule:228 - rule 117617 - U5Cobra4M][GTZC] default value MPCBB3 and MPCBB5 - Not Secured memory - MPCBB2 is applicable
2023-05-14 14:08:56,264 [INFO] Rule:228 - rule 117617 - U5Cobra4M][GTZC] default value MPCBB3 and MPCBB5 - Not Secured memory - MPCBB2 is applicable
2023-05-14 14:08:56,264 [INFO] Rule:228 - rule 117617 - U5Cobra4M][GTZC] default value MPCBB3 and MPCBB5 - Not Secured memory - MPCBB3 is applicable
2023-05-14 14:08:56,264 [INFO] Rule:228 - rule 117617 - U5Cobra4M][GTZC] default value MPCBB3 and MPCBB5 - Not Secured memory - MPCBB3 is applicable
2023-05-14 14:08:56,264 [INFO] Rule:228 - rule 117617 - U5Cobra4M][GTZC] default value MPCBB3 and MPCBB5 - Not Secured memory - MPCBB4 is applicable
2023-05-14 14:08:56,264 [INFO] Rule:228 - rule 117617 - U5Cobra4M][GTZC] default value MPCBB3 and MPCBB5 - Not Secured memory - MPCBB4 is applicable
2023-05-14 14:08:56,264 [INFO] Rule:228 - rule 117617 - U5Cobra4M][GTZC] default value MPCBB3 and MPCBB5 - Secured memory - MPCBB1 is applicable
2023-05-14 14:08:56,264 [INFO] Rule:228 - rule 117617 - U5Cobra4M][GTZC] default value MPCBB3 and MPCBB5 - Secured memory - MPCBB2 is applicable
2023-05-14 14:08:56,264 [INFO] Rule:228 - rule 117617 - U5Cobra4M][GTZC] default value MPCBB3 and MPCBB5 - Secured memory - MPCBB3 is applicable
2023-05-14 14:08:56,264 [INFO] Rule:228 - rule 117617 - U5Cobra4M][GTZC] default value MPCBB3 and MPCBB5 - Secured memory - MPCBB4 is applicable
2023-05-14 14:08:56,264 [INFO] Rule:228 - rule 117617 - U5Cobra4M][GTZC] default value MPCBB3 and MPCBB5 - Privileged memory - MPCBB1 is applicable
2023-05-14 14:08:56,264 [INFO] Rule:228 - rule 117617 - U5Cobra4M][GTZC] default value MPCBB3 and MPCBB5 - Privileged memory - MPCBB2 is applicable
2023-05-14 14:08:56,264 [INFO] Rule:228 - rule 117617 - U5Cobra4M][GTZC] default value MPCBB3 and MPCBB5 - Privileged memory - MPCBB3 is applicable
2023-05-14 14:08:56,264 [INFO] Rule:228 - rule 117617 - U5Cobra4M][GTZC] default value MPCBB3 and MPCBB5 - Privileged memory - MPCBB4 is applicable
2023-05-14 14:08:56,264 [INFO] Rule:228 - rule 117617 - U5Cobra4M][GTZC] default value MPCBB3 and MPCBB5 - Not Privileged memory - MPCBB1 is applicable
2023-05-14 14:08:56,264 [INFO] Rule:228 - rule 117617 - U5Cobra4M][GTZC] default value MPCBB3 and MPCBB5 - Not Privileged memory - MPCBB2 is applicable
2023-05-14 14:08:56,264 [INFO] Rule:228 - rule 117617 - U5Cobra4M][GTZC] default value MPCBB3 and MPCBB5 - Not Privileged memory - MPCBB3 is applicable
2023-05-14 14:08:56,264 [INFO] Rule:228 - rule 117617 - U5Cobra4M][GTZC] default value MPCBB3 and MPCBB5 - Not Privileged memory - MPCBB4 is applicable
2023-05-14 14:08:56,264 [INFO] Rule:228 - rule 117617 - U5Cobra4M][GTZC] default value MPCBB3 and MPCBB5 - Privileged memory - MPCBB1 is applicable
2023-05-14 14:08:56,264 [INFO] Rule:228 - rule 117617 - U5Cobra4M][GTZC] default value MPCBB3 and MPCBB5 - Privileged memory - MPCBB2 is applicable
2023-05-14 14:08:56,264 [INFO] Rule:228 - rule 117617 - U5Cobra4M][GTZC] default value MPCBB3 and MPCBB5 - Privileged memory - MPCBB3 is applicable
2023-05-14 14:08:56,264 [INFO] Rule:228 - rule 117617 - U5Cobra4M][GTZC] default value MPCBB3 and MPCBB5 - Privileged memory - MPCBB4 is applicable
2023-05-14 14:08:56,264 [INFO] Rule:228 - rule 117617 - U5Cobra4M][GTZC] default value MPCBB3 and MPCBB5 - Privileged memory - MPCBB1 is applicable
2023-05-14 14:08:56,264 [INFO] Rule:228 - rule 117617 - U5Cobra4M][GTZC] default value MPCBB3 and MPCBB5 - Privileged memory - MPCBB2 is applicable
2023-05-14 14:08:56,264 [INFO] Rule:228 - rule 117617 - U5Cobra4M][GTZC] default value MPCBB3 and MPCBB5 - Privileged memory - MPCBB3 is applicable
2023-05-14 14:08:56,264 [INFO] Rule:228 - rule 117617 - U5Cobra4M][GTZC] default value MPCBB3 and MPCBB5 - Privileged memory - MPCBB4 is applicable
2023-05-14 14:08:56,264 [INFO] Rule:228 - rule 117617 - U5Cobra4M][GTZC] default value MPCBB3 and MPCBB5 - Not Privileged memory - MPCBB1 is applicable
2023-05-14 14:08:56,264 [INFO] Rule:228 - rule 117617 - U5Cobra4M][GTZC] default value MPCBB3 and MPCBB5 - Not Privileged memory - MPCBB2 is applicable
2023-05-14 14:08:56,265 [INFO] Rule:228 - rule 117617 - U5Cobra4M][GTZC] default value MPCBB3 and MPCBB5 - Not Privileged memory - MPCBB3 is applicable
2023-05-14 14:08:56,265 [INFO] Rule:228 - rule 117617 - U5Cobra4M][GTZC] default value MPCBB3 and MPCBB5 - Not Privileged memory - MPCBB4 is applicable
2023-05-14 14:08:56,265 [INFO] Rule:228 - rule 117617 - U5Cobra4M][GTZC] default value MPCBB3 and MPCBB5 - Privileged memory - MPCBB1 is applicable
2023-05-14 14:08:56,265 [INFO] Rule:228 - rule 117617 - U5Cobra4M][GTZC] default value MPCBB3 and MPCBB5 - Privileged memory - MPCBB2 is applicable
2023-05-14 14:08:56,265 [INFO] Rule:228 - rule 117617 - U5Cobra4M][GTZC] default value MPCBB3 and MPCBB5 - Privileged memory - MPCBB3 is applicable
2023-05-14 14:08:56,265 [INFO] Rule:228 - rule 117617 - U5Cobra4M][GTZC] default value MPCBB3 and MPCBB5 - Privileged memory - MPCBB4 is applicable
2023-05-14 14:08:56,265 [INFO] Rule:228 - rule Rename SubGHz_Phy SUBGHZ_APPLICATION SUBGHZ_PINGPONG to SUBGHZ_ADV_APPLICATION is applicable
2023-05-14 14:08:56,265 [INFO] Rule:228 - rule Rename Enabled to IBEACON is applicable
2023-05-14 14:08:56,265 [INFO] Rule:228 - rule GTZC_S instance for project manager is applicable
2023-05-14 14:08:56,265 [INFO] Rule:228 - rule GTZC_S instance for context M33S is applicable
2023-05-14 14:08:56,265 [INFO] Rule:228 - rule GTZC_S instance value for IP GTZC is applicable
2023-05-14 14:08:56,265 [INFO] Rule:228 - rule GTZC_S instance for mcu.IP is applicable
2023-05-14 14:08:56,265 [INFO] Rule:228 - rule GTZC_S instance for VP is applicable
2023-05-14 14:08:56,265 [INFO] Rule:228 - rule GTZC_S instance for signal is applicable
2023-05-14 14:08:56,265 [INFO] Rule:228 - rule GTZC_S instance for mcu.Pin is applicable
2023-05-14 14:08:56,265 [INFO] Rule:228 - rule GTZC_S instance for VP is applicable
2023-05-14 14:08:56,265 [INFO] Rule:228 - rule GTZC_S instance for signal is applicable
2023-05-14 14:08:56,265 [INFO] Rule:228 - rule GTZC_S instance for mcu is applicable
2023-05-14 14:08:56,265 [INFO] Rule:228 - rule GTZC_S instance for mcu.Pin is applicable
2023-05-14 14:08:56,265 [INFO] Rule:228 - rule GTZC_S instance value for IP GTZC is applicable
2023-05-14 14:08:56,265 [INFO] Rule:228 - rule GTZC_S instance for project manager is applicable
2023-05-14 14:08:56,265 [INFO] Rule:228 - rule GTZC_S instance for context M33S is applicable
2023-05-14 14:08:56,265 [INFO] Rule:228 - rule GTZC_S instance for VP is applicable
2023-05-14 14:08:56,265 [INFO] Rule:228 - rule GTZC_S instance for signal is applicable
2023-05-14 14:08:56,265 [INFO] Rule:228 - rule SPDIFRX instance for mcu is applicable
2023-05-14 14:08:56,265 [INFO] Rule:228 - rule Rename Tracer Mode is applicable
2023-05-14 14:08:56,265 [INFO] Rule:228 - rule SPDIFRX instance value for IP SPDIFRX is applicable
2023-05-14 14:08:56,265 [INFO] Rule:228 - rule SPDIFRX instance for signal is applicable
2023-05-14 14:08:56,265 [INFO] Rule:228 - rule SPDIFRX instance for project manager is applicable
2023-05-14 14:08:56,265 [INFO] Rule:228 - rule SPDIFRX instance for project manager is applicable
2023-05-14 14:08:56,265 [INFO] Rule:228 - rule ADC Scan  fix with FW F7 is applicable
2023-05-14 14:08:56,265 [INFO] Rule:228 - rule ADC Scan  fix with FW F7 is applicable
2023-05-14 14:08:56,265 [INFO] Rule:228 - rule WakeUp0 Mode is applicable
2023-05-14 14:08:56,265 [INFO] Rule:228 - rule WakeUp0 SIGNAL is applicable
2023-05-14 14:08:56,265 [INFO] Rule:228 - rule WakeUp1 Mode is applicable
2023-05-14 14:08:56,265 [INFO] Rule:228 - rule WakeUp1 SIGNAL is applicable
2023-05-14 14:08:56,265 [INFO] Rule:228 - rule WakeUp2 Mode is applicable
2023-05-14 14:08:56,265 [INFO] Rule:228 - rule WakeUp2 SIGNAL is applicable
2023-05-14 14:08:56,265 [INFO] Rule:228 - rule WakeUp4 Mode is applicable
2023-05-14 14:08:56,265 [INFO] Rule:228 - rule WakeUp4 SIGNAL is applicable
2023-05-14 14:08:56,265 [INFO] Rule:228 - rule WakeUp5 Mode is applicable
2023-05-14 14:08:56,265 [INFO] Rule:228 - rule WakeUp5 SIGNAL is applicable
2023-05-14 14:08:56,265 [INFO] Rule:228 - rule Add RTC Activate Clock Source is applicable
2023-05-14 14:08:56,265 [INFO] Rule:228 - rule Add RTC Activate Calendar 1 is applicable
2023-05-14 14:08:56,265 [INFO] Rule:228 - rule Add RTC Activate Calendar 2 is applicable
2023-05-14 14:08:56,265 [INFO] Rule:228 - rule Add RTC Activate Calendar 3 is applicable
2023-05-14 14:08:56,265 [INFO] Rule:228 - rule UART/USART TX Mode is applicable
2023-05-14 14:08:56,265 [INFO] Rule:228 - rule UART/USART RX Mode is applicable
2023-05-14 14:08:56,265 [INFO] Rule:228 - rule UART/USART RX TX Mode is applicable
2023-05-14 14:08:56,265 [INFO] Rule:228 - rule UART/USART PARITY NONE is applicable
2023-05-14 14:08:56,265 [INFO] Rule:228 - rule UART/USART PARITY EVEN is applicable
2023-05-14 14:08:56,265 [INFO] Rule:228 - rule UART/USART PARITY ODD is applicable
2023-05-14 14:08:56,265 [INFO] Rule:228 - rule USART StopBits 1 is applicable
2023-05-14 14:08:56,265 [INFO] Rule:228 - rule USART StopBits 2 is applicable
2023-05-14 14:08:56,265 [INFO] Rule:228 - rule USART StopBits 1.5 is applicable
2023-05-14 14:08:56,265 [INFO] Rule:228 - rule USART StopBits 0.5 is applicable
2023-05-14 14:08:56,265 [INFO] Rule:228 - rule UART/USART WORD LENGTH 7 is applicable
2023-05-14 14:08:56,265 [INFO] Rule:228 - rule UART/USART WORD LENGTH 8 is applicable
2023-05-14 14:08:56,265 [INFO] Rule:228 - rule UART/USART WORD LENGTH 9 is applicable
2023-05-14 14:08:56,265 [INFO] Rule:228 - rule Rename FMC NAND NCE signal is applicable
2023-05-14 14:08:56,265 [INFO] Rule:228 - rule Rename FMC NAND INT signal is applicable
2023-05-14 14:08:56,265 [INFO] Rule:228 - rule Change Default Value for LSE Drive Capability for WB family is applicable
2023-05-14 14:08:56,265 [INFO] Rule:228 - rule Change Default Value for ADC Clock Prescaler G0 family is applicable
2023-05-14 14:08:56,265 [INFO] Rule:228 - rule Change Default Value for ADC ExternalTrigConv L4 family is applicable
2023-05-14 14:08:56,265 [INFO] Rule:228 - rule Change Default Value for ADC ExternalTrigInjecConv L4 family is applicable
2023-05-14 14:08:56,265 [INFO] Rule:228 - rule Change Default Value for ADC ExternalTrigConv F3 family is applicable
2023-05-14 14:08:56,265 [INFO] Rule:228 - rule Change Default Value for ADC ExternalTrigInjecConv F3 family is applicable
2023-05-14 14:08:56,265 [INFO] Rule:228 - rule Change Default Value for ADC ExternalTrigConv Goldfish serie is applicable
2023-05-14 14:08:56,265 [INFO] Rule:228 - rule Change Default Value for ADC ExternalTrigInjecConv Goldfish serie is applicable
2023-05-14 14:08:56,265 [INFO] Rule:228 - rule Change Default Value for ADC ExternalTrigConv L0 family is applicable
2023-05-14 14:08:56,265 [INFO] Rule:228 - rule Change Default Value for ADC ExternalTrigConv F0 family is applicable
2023-05-14 14:08:56,265 [INFO] Rule:228 - rule Change Default Value for ADC ExternalTrigConvn L1 family is applicable
2023-05-14 14:08:56,266 [INFO] Rule:228 - rule Change Default Value for ADC ExternalTrigInjecConv L1 family is applicable
2023-05-14 14:08:56,266 [INFO] Rule:228 - rule Change Default Value for ADC ExternalTrigConv F1 family is applicable
2023-05-14 14:08:56,266 [INFO] Rule:228 - rule Change Default Value for ADC ExternalTrigInjecConv F1 family is applicable
2023-05-14 14:08:56,266 [INFO] Rule:228 - rule Change Default Value for ADC ExternalTrigConv F7 family is applicable
2023-05-14 14:08:56,266 [INFO] Rule:228 - rule Change Default Value for ADC ExternalTrigInjecConv F7 family is applicable
2023-05-14 14:08:56,266 [INFO] Rule:228 - rule Change Default Value for ADC ExternalTrigConv F4 and F2 family is applicable
2023-05-14 14:08:56,266 [INFO] Rule:228 - rule Change Default Value for ADC ExternalTrigInjecConv F4 and F2 family is applicable
2023-05-14 14:08:56,266 [INFO] Rule:228 - rule ADC SamplingTime fix with FW L0  is applicable
2023-05-14 14:08:56,266 [INFO] Rule:228 - rule ADC SamplingTime fix with FW L0  is applicable
2023-05-14 14:08:56,266 [INFO] Rule:228 - rule ADC SamplingTime fix with FW L0 is applicable
2023-05-14 14:08:56,266 [INFO] Rule:228 - rule ADC SamplingTime fix with FW L0 is applicable
2023-05-14 14:08:56,266 [INFO] Rule:228 - rule ADC SamplingTime fix with FW L0  is applicable
2023-05-14 14:08:56,266 [INFO] Rule:228 - rule ADC SamplingTime fix with FW L0 is applicable
2023-05-14 14:08:56,266 [INFO] Rule:228 - rule Rename USB_OE Signal is applicable
2023-05-14 14:08:56,266 [INFO] Rule:228 - rule Rename Activate_OE Mode is applicable
2023-05-14 14:08:56,266 [INFO] Rule:228 - rule Rename DIE462/DIE415 pin PC14/OSC32_IN -> PC14-OSC32_IN (PC14) is applicable
2023-05-14 14:08:56,266 [INFO] Rule:228 - rule Rename DIE462/DIE415 pin PC15/OSC32_OUT -> PC15-OSC32_OUT (PC15) is applicable
2023-05-14 14:08:56,266 [INFO] Rule:228 - rule Rename DIE462/DIE415 pin PH0/OSC_IN -> PH0-OSC_IN (PH0) is applicable
2023-05-14 14:08:56,266 [INFO] Rule:228 - rule Rename DIE462/DIE415 pin PH1/OSC_OUT -> PH1-OSC_OUT (PH1) is applicable
2023-05-14 14:08:56,266 [INFO] Rule:228 - rule Rename DIE462 pin PA13 -> PA13 (JTMS/SWDIO) is applicable
2023-05-14 14:08:56,266 [INFO] Rule:228 - rule Rename DIE415 pin PA13 -> PA13 (JTMS/SWDIO) is applicable
2023-05-14 14:08:56,266 [INFO] Rule:228 - rule Rename DIE462 pin PA14 -> PA14 (JTCK/SWCLK) is applicable
2023-05-14 14:08:56,266 [INFO] Rule:228 - rule Rename DIE415 pin PA14 -> PA14 (JTCK/SWCLK) is applicable
2023-05-14 14:08:56,266 [INFO] Rule:228 - rule Rename DIE462/DIE415 pin PA15 -> PA15 (JTDI) is applicable
2023-05-14 14:08:56,266 [INFO] Rule:228 - rule Rename DIE462 pin PB3 -> PB3 (JTD0/TRACESWO) is applicable
2023-05-14 14:08:56,266 [INFO] Rule:228 - rule Rename DIE415 pin PB3 -> PB3 (JTD0-TRACESWO) is applicable
2023-05-14 14:08:56,266 [INFO] Rule:228 - rule Rename DIE462/DIE415 pin PB4 -> PB4 (NJTRST) is applicable
2023-05-14 14:08:56,266 [INFO] Rule:228 - rule Rename DIE462 pin PH3/BOOT0 -> PH3-BOOT0 (BOOT0) is applicable
2023-05-14 14:08:56,266 [INFO] Rule:228 - rule Rename CRYP DataEncryptionTypesList to Algorithm is applicable
2023-05-14 14:08:56,266 [INFO] Rule:228 - rule Rename AES DataEncryptionTypesList to Algorithm is applicable
2023-05-14 14:08:56,266 [INFO] Rule:228 - rule Rename TDESECB to CRYP_TDES_ECB is applicable
2023-05-14 14:08:56,266 [INFO] Rule:228 - rule Rename TDESCBC to CRYP_TDES_CBC is applicable
2023-05-14 14:08:56,266 [INFO] Rule:228 - rule Rename DESECB to CRYP_DES_ECB is applicable
2023-05-14 14:08:56,266 [INFO] Rule:228 - rule Rename DESCBC to CRYP_DES_CBC is applicable
2023-05-14 14:08:56,266 [INFO] Rule:228 - rule Rename AESECB to CRYP_AES_ECB is applicable
2023-05-14 14:08:56,266 [INFO] Rule:228 - rule Rename AESCBC to CRYP_AES_CBC is applicable
2023-05-14 14:08:56,266 [INFO] Rule:228 - rule Rename AESCTR to CRYP_AES_CTR is applicable
2023-05-14 14:08:56,266 [INFO] Rule:228 - rule Rename AESGCM to CRYP_AES_GCM is applicable
2023-05-14 14:08:56,266 [INFO] Rule:228 - rule Rename AESCCM to CRYP_AES_CCM is applicable
2023-05-14 14:08:56,266 [INFO] Rule:228 - rule Rename CAN TimeSeg1 to BS1 is applicable
2023-05-14 14:08:56,266 [INFO] Rule:228 - rule Rename CAN TimeSeg2 to BS2 is applicable
2023-05-14 14:08:56,266 [INFO] Rule:228 - rule Rename CAN SyncJumpWidth to SJW is applicable
2023-05-14 14:08:56,266 [INFO] Rule:228 - rule TimeTriggeredMode to TTCM is applicable
2023-05-14 14:08:56,266 [INFO] Rule:228 - rule Rename CAN AutoBusOff to ABOM is applicable
2023-05-14 14:08:56,266 [INFO] Rule:228 - rule Rename CAN AutoWakeUp to AWUM is applicable
2023-05-14 14:08:56,266 [INFO] Rule:228 - rule Rename CAN AutoRetransmission to NART is applicable
2023-05-14 14:08:56,266 [INFO] Rule:228 - rule Rename CAN ReceiveFifoLocked to RFLM is applicable
2023-05-14 14:08:56,266 [INFO] Rule:228 - rule Rename CAN TransmitFifoPriority to TXFP is applicable
2023-05-14 14:08:56,266 [INFO] Rule:228 - rule Rename HRTIMER HRTIM_OUTPUTFAULTLEVEL_HIGH in HRTIMER HRTIM_OUTPUTFAULTLEVEL_HIGHZ is applicable
2023-05-14 14:08:56,266 [INFO] Rule:228 - rule Rename TIMER TIM_CLEARINPUTSOURCE_OCREFCLR in  TIMER TIM_CLEARINPUTSOURCE_NONE for F7 family is applicable
2023-05-14 14:08:56,266 [INFO] Rule:228 - rule FDCAN_R1 - Rename FDCAN mode Master into Classic is applicable
2023-05-14 14:08:56,266 [INFO] Rule:228 - rule FDCAN_R2 - Rename FDCAN mode Slave into Classic is applicable
2023-05-14 14:08:56,266 [INFO] Rule:228 - rule FDCAN1_R3 - if PA10.Mode=FullDuplex, add Pin PA12 is applicable
2023-05-14 14:08:56,266 [INFO] Rule:228 - rule FDCAN1_R3 - if PA9.Mode=FullDuplex, add Pin PA11 is applicable
2023-05-14 14:08:56,266 [INFO] Rule:228 - rule FDCAN1_R3 - Alternatepin_1 - if PE1.Mode=FullDuplex, add Pin PB9 is applicable
2023-05-14 14:08:56,266 [INFO] Rule:228 - rule FDCAN1_R3 - Alternatepin_1 - if PE0.Mode=FullDuplex, add Pin PB8 is applicable
2023-05-14 14:08:56,266 [INFO] Rule:228 - rule FDCAN1_R3 - Alternatepin_2 - if PD5.Mode=FullDuplex, add Pin PD1 is applicable
2023-05-14 14:08:56,266 [INFO] Rule:228 - rule FDCAN1_R3 - Alternatepin_2 - if PD4.Mode=FullDuplex, add Pin PD0 is applicable
2023-05-14 14:08:56,266 [INFO] Rule:228 - rule FDCAN1_R4 - Rename Mode FullDuplex into Enable FDCAN_TXFD for pin PA10 is applicable
2023-05-14 14:08:56,266 [INFO] Rule:228 - rule FDCAN1_R4 - Rename Mode FullDuplex into Enable FDCAN_TXFD for pin PA9 is applicable
2023-05-14 14:08:56,266 [INFO] Rule:228 - rule FDCAN1_R4 - Alternatepin_1 - Rename Mode FullDuplex into Enable FDCAN_TXFD for pin PE1 is applicable
2023-05-14 14:08:56,266 [INFO] Rule:228 - rule FDCAN1_R4 - Alternatepin_1 - Rename Mode FullDuplex into Enable FDCAN_TXFD for pin PE0 is applicable
2023-05-14 14:08:56,266 [INFO] Rule:228 - rule FDCAN1_R4 - Alternatepin_2 - Rename Mode FullDuplex into Enable FDCAN_TXFD for pin PD5 is applicable
2023-05-14 14:08:56,266 [INFO] Rule:228 - rule FDCAN1_R4 - Alternatepin_2 - Rename Mode FullDuplex into Enable FDCAN_TXFD for pin PD4 is applicable
2023-05-14 14:08:56,266 [INFO] Rule:228 - rule FDCAN2_R3 - if PD10.Mode=FullDuplex, add Pin PB13 is applicable
2023-05-14 14:08:56,266 [INFO] Rule:228 - rule FDCAN2_R3 - if PD9.Mode=FullDuplex, add Pin PB12 is applicable
2023-05-14 14:08:56,266 [INFO] Rule:228 - rule FDCAN2_R3 - Alternatepin_1 - if PB7.Mode=FullDuplex, add Pin PB6 is applicable
2023-05-14 14:08:56,266 [INFO] Rule:228 - rule FDCAN2_R3 - Alternatepin_1 - if PD9.Mode=FullDuplex, add Pin PB12 is applicable
2023-05-14 14:08:56,266 [INFO] Rule:228 - rule FDCAN2_R4 - Rename Mode FullDuplex into Enable FDCAN_TXFD for pin PD10 is applicable
2023-05-14 14:08:56,266 [INFO] Rule:228 - rule FDCAN2_R4 - Rename Mode FullDuplex into Enable FDCAN_TXFD for pin PD9 is applicable
2023-05-14 14:08:56,266 [INFO] Rule:228 - rule FDCAN2_R4 - Alternatepin_1 - Rename Mode FullDuplex into Enable FDCAN_TXFD for pin PB7 is applicable
2023-05-14 14:08:56,266 [INFO] Rule:228 - rule FDCAN2_R4 - Alternatepin_1 - Rename Mode FullDuplex into Enable FDCAN_TXFD for pin PD6 is applicable
2023-05-14 14:08:56,266 [INFO] Rule:228 - rule USART TxPinLevelInvertParam Mode is applicable
2023-05-14 14:08:56,266 [INFO] Rule:228 - rule USART RxPinLevelInvertParam Mode is applicable
2023-05-14 14:08:56,266 [INFO] Rule:228 - rule USART DataInvertParam Mode is applicable
2023-05-14 14:08:56,266 [INFO] Rule:228 - rule USART SwapParam Mode is applicable
2023-05-14 14:08:56,267 [INFO] Rule:228 - rule USART OverrunDisableParam Mode is applicable
2023-05-14 14:08:56,267 [INFO] Rule:228 - rule USART DMADisableonRxErrorParam Mode is applicable
2023-05-14 14:08:56,267 [INFO] Rule:228 - rule USART MSBFirstParam Mode is applicable
2023-05-14 14:08:56,267 [INFO] Rule:228 - rule Update MwName for USB_DEVICE is applicable
2023-05-14 14:08:56,267 [INFO] Rule:228 - rule Change PWR_Regulator_Voltage_Scale Default Value for RCC  H7 family is applicable
2023-05-14 14:08:56,267 [INFO] Rule:228 - rule UART/USART IPParameter rename Prescaler parameter to ClockPrescaler is applicable
2023-05-14 14:08:56,267 [INFO] Rule:228 - rule UART/USART Prescaler rename Prescaler parameter to ClockPrescaler is applicable
2023-05-14 14:08:56,267 [INFO] Rule:228 - rule TIM1CLockSelection is applicable
2023-05-14 14:08:56,267 [INFO] Rule:228 - rule TIM15CLockSelection is applicable
2023-05-14 14:08:56,267 [INFO] Rule:228 - rule align RCC SDMMC3CLockSelection default value on MP1 is applicable
2023-05-14 14:08:56,267 [INFO] Rule:228 - rule align RCC SDMMC12CLockSelection default value on MP1 is applicable
2023-05-14 14:08:56,267 [INFO] Rule:228 - rule align RCC QSPICLockSelection default value on MP1 is applicable
2023-05-14 14:08:56,267 [INFO] Rule:228 - rule align RCC QSPICLockSelection default value on MP1 is applicable
2023-05-14 14:08:56,267 [INFO] Rule:228 - rule align RCC SPI6CLockSelection default value on MP1 is applicable
2023-05-14 14:08:56,267 [INFO] Rule:228 - rule align RCC LPTIM23CLockSelection default value on MP1 is applicable
2023-05-14 14:08:56,267 [INFO] Rule:228 - rule align RCC LPTIM1CLockSelection default value on MP1 is applicable
2023-05-14 14:08:56,267 [INFO] Rule:228 - rule align RCC USART1CLockSelection default value on MP1 is applicable
2023-05-14 14:08:56,267 [INFO] Rule:228 - rule align RCC USART24CLockSelection default value on MP1 is applicable
2023-05-14 14:08:56,267 [INFO] Rule:228 - rule align RCC USART6CLockSelection default value on MP1 is applicable
2023-05-14 14:08:56,267 [INFO] Rule:228 - rule align RCC UART78CLockSelection default value on MP1 is applicable
2023-05-14 14:08:56,267 [INFO] Rule:228 - rule align RCC USART35CLockSelection default value on MP1 is applicable
2023-05-14 14:08:56,267 [INFO] Rule:228 - rule align RCC SPI45CLockSelection default value on MP1 is applicable
2023-05-14 14:08:56,267 [INFO] Rule:228 - rule align RCC I2C46CLockSelection BCLK value on MP1 is applicable
2023-05-14 14:08:56,267 [INFO] Rule:228 - rule align RCC SPI45CLockSelection default value on MP1 is applicable
2023-05-14 14:08:56,267 [INFO] Rule:228 - rule align RCC I2C12CLockSelection default value on MP1 is applicable
2023-05-14 14:08:56,267 [INFO] Rule:228 - rule align RCC I2C35CLockSelection default value on MP1 is applicable
2023-05-14 14:08:56,267 [INFO] Rule:228 - rule align RCC LPTIM45CLockSelection default value on MP1 is applicable
2023-05-14 14:08:56,267 [INFO] Rule:228 - rule Rename DCMI PIXCK signal is applicable
2023-05-14 14:08:56,267 [INFO] Rule:228 - rule Change Default Value for I2C46CLockSelection MP1 family is applicable
2023-05-14 14:08:56,267 [INFO] Rule:228 - rule Change Default Value for UART for G4, G0 and WB families is applicable
2023-05-14 14:08:56,267 [INFO] Rule:228 - rule Change Default Value for USART for G4, G0 and WB families is applicable
2023-05-14 14:08:56,267 [INFO] Rule:228 - rule Change Default Value for USART for G4 family is applicable
2023-05-14 14:08:56,267 [INFO] Rule:228 - rule Change USART1CLockSelection refparam name for MP1 is applicable
2023-05-14 14:08:56,267 [INFO] Rule:228 - rule Change USART2CLockSelection refparam name for MP1 is applicable
2023-05-14 14:08:56,267 [INFO] Rule:228 - rule Change USART3CLockSelection refparam name for MP1 is applicable
2023-05-14 14:08:56,267 [INFO] Rule:228 - rule Change UART4CLockSelection refparam name for MP1 is applicable
2023-05-14 14:08:56,267 [INFO] Rule:228 - rule Change UART5CLockSelection refparam name for MP1 is applicable
2023-05-14 14:08:56,267 [INFO] Rule:228 - rule Change LPUART1CLockSelection refparam name for MP1 is applicable
2023-05-14 14:08:56,267 [INFO] Rule:228 - rule Change LPTIM1CLockSelection refparam name for MP1 is applicable
2023-05-14 14:08:56,267 [INFO] Rule:228 - rule Change LPTIM2CLockSelection refparam name for MP1 is applicable
2023-05-14 14:08:56,267 [INFO] Rule:228 - rule Change RCC_MCO1Source refparam name for MP1 is applicable
2023-05-14 14:08:56,267 [INFO] Rule:228 - rule Change LSCOSource1 refparam name for MP1 is applicable
2023-05-14 14:08:56,267 [INFO] Rule:228 - rule Change SMPSCLockSelection refparam name for MP1 is applicable
2023-05-14 14:08:56,267 [INFO] Rule:228 - rule Change LPTIM3CLockSelection refparam name for MP1 is applicable
2023-05-14 14:08:56,267 [INFO] Rule:228 - rule Change MPCBB* Default Template Mode to Parameters is applicable
2023-05-14 14:08:56,267 [INFO] Rule:228 - rule Change MPCWM* or MPCBB* Secure Mode to Parameters is applicable
2023-05-14 14:08:56,267 [INFO] Rule:228 - rule Change MPCWM* or MPCBB* No Secure Mode to Parameters is applicable
2023-05-14 14:08:56,267 [INFO] Rule:228 - rule Change TZSC IP Secure Mode to Parameters is applicable
2023-05-14 14:08:56,267 [INFO] Rule:228 - rule Change TZSC IP No Secure Mode to Parameters is applicable
2023-05-14 14:08:56,267 [INFO] Rule:228 - rule Change TZSC IP Privilege Mode to Parameters is applicable
2023-05-14 14:08:56,267 [INFO] Rule:228 - rule Change TZSC IP No Privilege Mode to Parameters is applicable
2023-05-14 14:08:56,267 [INFO] Rule:228 - rule Change TZIC IT Secure Mode to Parameters is applicable
2023-05-14 14:08:56,267 [INFO] Rule:228 - rule Change TZIC IT No Secure Mode to Parameters is applicable
2023-05-14 14:08:56,267 [INFO] Rule:228 - rule Add MPCBB1_NonSecureArea_Start_Address value with referenced to MPCBB1_NonSecureArea_Start value is applicable
2023-05-14 14:08:56,267 [INFO] Rule:228 - rule Add MPCBB2_NonSecureArea_Start_Address value with referenced to MPCBB2_NonSecureArea_Start value is applicable
2023-05-14 14:08:56,267 [INFO] Rule:228 - rule Add MPCWM1_NonSecureArea*_Start_Address value with referenced to MPCWM1_NonSecureArea*_Start value is applicable
2023-05-14 14:08:56,267 [INFO] Rule:228 - rule Add MPCWM2_NonSecureArea*_Start_Address value with referenced to MPCWM2_NonSecureArea*_Start value is applicable
2023-05-14 14:08:56,267 [INFO] Rule:228 - rule Add MPCWM3_NonSecureArea_Start_Address value with referenced to MPCWM3_NonSecureArea_Start value is applicable
2023-05-14 14:08:56,267 [INFO] Rule:228 - rule Change Default Value for PLL1UserDefinedConfig is applicable
2023-05-14 14:08:56,267 [INFO] Rule:228 - rule Change GPIO_PuPd Default Value for USART in async mode is applicable
2023-05-14 14:08:56,267 [INFO] Rule:228 - rule Change SMPSDivider Default Value is applicable
2023-05-14 14:08:56,267 [INFO] Rule:228 - rule OPAMP is applicable
2023-05-14 14:08:56,267 [INFO] Rule:228 - rule LPUART IPParameter rename Prescaler parameter to ClockPrescaler for STM32H7 is applicable
2023-05-14 14:08:56,267 [INFO] Rule:228 - rule LPUART IPParameter rename Prescaler parameter to ClockPrescaler for STM32H7 is applicable
2023-05-14 14:08:56,267 [INFO] Rule:228 - rule LPUART IPParameter rename Prescaler parameter to ClockPrescaler for STM32WB is applicable
2023-05-14 14:08:56,267 [INFO] Rule:228 - rule LPUART IPParameter rename Prescaler parameter to ClockPrescaler for STM32WB is applicable
2023-05-14 14:08:56,267 [INFO] Rule:228 - rule LPUART IPParameter rename Prescaler parameter to ClockPrescaler for STM32G4 is applicable
2023-05-14 14:08:56,267 [INFO] Rule:228 - rule LPUART IPParameter rename Prescaler parameter to ClockPrescaler for STM32G4 is applicable
2023-05-14 14:08:56,267 [INFO] Rule:228 - rule LPUART IPParameter rename Prescaler parameter to ClockPrescaler for STM32L5 is applicable
2023-05-14 14:08:56,267 [INFO] Rule:228 - rule LPUART IPParameter rename Prescaler parameter to ClockPrescaler for STM32L5 is applicable
2023-05-14 14:08:56,267 [INFO] Rule:228 - rule LPUART IPParameter rename Prescaler parameter to ClockPrescaler for STM32G4 is applicable
2023-05-14 14:08:56,267 [INFO] Rule:228 - rule LPUART IPParameter rename Prescaler parameter to ClockPrescaler for STM32G4 is applicable
2023-05-14 14:08:56,267 [INFO] Rule:228 - rule USB device lib V2.5.3 for L0 rename USBD_SUPPORT_USER_STRING parameter to USBD_SUPPORT_USER_STRING_DESC4 is applicable
2023-05-14 14:08:56,267 [INFO] Rule:228 - rule I2SCLockSelection clock entry align is applicable
2023-05-14 14:08:56,267 [INFO] Rule:228 - rule Assign TIMx context if used as SYS timebase is applicable
2023-05-14 14:08:56,267 [INFO] Rule:228 - rule Change GPIO_Pu Default Value for I2C is applicable
2023-05-14 14:08:56,267 [INFO] Rule:228 - rule Change GPIO_Pu Default Value for SMBus is applicable
2023-05-14 14:08:56,267 [INFO] Rule:228 - rule change FDCAN default value is applicable
2023-05-14 14:08:56,267 [INFO] Rule:228 - rule Change mode sai is applicable
2023-05-14 14:08:56,267 [INFO] Rule:228 - rule **Change sai mode is applicable
2023-05-14 14:08:56,284 [INFO] DbConfProperties:307 - Apply Compatibility (41/258 Rules)
2023-05-14 14:08:56,293 [INFO] ImportTextPane:194 - (OptionalMessage_ERROR) Unable to find key (Mcu.ThirdPartyNb) in loaded IOC file
2023-05-14 14:08:56,400 [INFO] RtosManager:555 - Registered RTOS mode: class=CMSIS, group=RTOS, mode=CMSIS_V1, owner=FREERTOS
2023-05-14 14:08:56,401 [INFO] RtosManager:555 - Registered RTOS mode: class=CMSIS, group=RTOS2, mode=CMSIS_V2, owner=FREERTOS
2023-05-14 14:08:56,401 [INFO] RtosManager:555 - Registered RTOS mode: class=RTOS, group=Core, mode=CMSIS_V1, owner=FREERTOS
2023-05-14 14:08:56,402 [INFO] RtosManager:555 - Registered RTOS mode: class=RTOS, group=Core, mode=CMSIS_V2, owner=FREERTOS
2023-05-14 14:08:56,402 [WARN] ModelIntegratedComponent:184 - Missing modes for component STMicroelectronics:FreeRTOS:0.0.1:STMicroelectronics:RTOS:FreeRTOS:Core:::10.2.0:
2023-05-14 14:08:56,409 [WARN] ModelIntegratedComponent:63 - No mode defined for component null
2023-05-14 14:08:56,409 [WARN] ModelIntegratedComponent:63 - No mode defined for component null
2023-05-14 14:08:56,409 [WARN] ModelIntegratedComponent:63 - No mode defined for component null
2023-05-14 14:08:56,409 [WARN] ModelIntegratedComponent:63 - No mode defined for component null
2023-05-14 14:08:56,409 [WARN] ModelIntegratedComponent:63 - No mode defined for component null
2023-05-14 14:08:56,409 [WARN] ModelIntegratedComponent:63 - No mode defined for component null
2023-05-14 14:08:56,409 [WARN] ModelIntegratedComponent:63 - No mode defined for component null
2023-05-14 14:08:56,409 [WARN] ModelIntegratedComponent:63 - No mode defined for component null
2023-05-14 14:08:56,409 [WARN] ModelIntegratedComponent:63 - No mode defined for component null
2023-05-14 14:08:56,409 [WARN] ModelIntegratedComponent:63 - No mode defined for component null
2023-05-14 14:08:56,409 [WARN] ModelIntegratedComponent:63 - No mode defined for component null
2023-05-14 14:08:56,409 [WARN] ModelIntegratedComponent:63 - No mode defined for component null
2023-05-14 14:08:56,409 [WARN] ModelIntegratedComponent:63 - No mode defined for component null
2023-05-14 14:08:56,409 [WARN] ModelIntegratedComponent:63 - No mode defined for component null
2023-05-14 14:08:56,409 [WARN] ModelIntegratedComponent:63 - No mode defined for component null
2023-05-14 14:08:56,409 [WARN] ModelIntegratedComponent:63 - No mode defined for component null
2023-05-14 14:08:56,409 [WARN] ModelIntegratedComponent:63 - No mode defined for component null
2023-05-14 14:08:56,409 [WARN] ModelIntegratedComponent:63 - No mode defined for component null
2023-05-14 14:08:56,409 [WARN] ModelIntegratedComponent:63 - No mode defined for component null
2023-05-14 14:08:56,409 [WARN] ModelIntegratedComponent:63 - No mode defined for component null
2023-05-14 14:08:56,409 [WARN] ModelIntegratedComponent:63 - No mode defined for component null
2023-05-14 14:08:56,409 [WARN] ModelIntegratedComponent:63 - No mode defined for component null
2023-05-14 14:08:56,409 [WARN] ModelIntegratedComponent:63 - No mode defined for component null
2023-05-14 14:08:56,409 [WARN] ModelIntegratedComponent:63 - No mode defined for component null
2023-05-14 14:08:56,409 [WARN] ModelIntegratedComponent:63 - No mode defined for component null
2023-05-14 14:08:56,409 [WARN] ModelIntegratedComponent:63 - No mode defined for component null
2023-05-14 14:08:56,409 [WARN] ModelIntegratedComponent:63 - No mode defined for component null
2023-05-14 14:08:56,409 [WARN] ModelIntegratedComponent:63 - No mode defined for component null
2023-05-14 14:08:56,409 [WARN] ModelIntegratedComponent:63 - No mode defined for component null
2023-05-14 14:08:56,409 [WARN] ModelIntegratedComponent:63 - No mode defined for component null
2023-05-14 14:08:56,409 [WARN] ModelIntegratedComponent:63 - No mode defined for component null
2023-05-14 14:08:56,409 [WARN] ModelIntegratedComponent:63 - No mode defined for component null
2023-05-14 14:08:56,409 [WARN] ModelIntegratedComponent:63 - No mode defined for component null
2023-05-14 14:08:56,501 [INFO] ThirdPartyModel:298 - Start build external matchings
2023-05-14 14:08:57,113 [INFO] ThirdPartyModel:316 - End build external matchings
2023-05-14 14:08:57,157 [INFO] ImportTextPane:194 - (OptionalMessage_ERROR) IP (RCC) : Invalid parameter (FamilyName)
2023-05-14 14:08:57,159 [INFO] ImportTextPane:194 - (OptionalMessage_ERROR) IP (RCC) : Invalid parameter (TIM2Freq_Value)
2023-05-14 14:08:57,371 [INFO] UtilMem:75 - End LoadConfig() Used Memory: 720674032 Bytes (927989760)
2023-05-14 14:08:57,411 [WARN] ThirdParty:833 - waiting for thirdparty lock release [change project]
2023-05-14 14:08:57,411 [INFO] ThirdParty:835 - entering critical section [change project]
2023-05-14 14:08:57,412 [INFO] ThirdParty:1030 - CMSIS Pack Vendor :STMicroelectronics X-CUBE-ISPU 1.1.0
2023-05-14 14:08:57,412 [INFO] ThirdParty:1030 - CMSIS Pack Vendor :RoweBots I-CUBE-UNISONRTOS 5.5.0-4
2023-05-14 14:08:57,412 [INFO] ThirdParty:1030 - CMSIS Pack Vendor :STMicroelectronics X-CUBE-GNSS1 6.0.0
2023-05-14 14:08:57,412 [INFO] ThirdParty:1030 - CMSIS Pack Vendor :STMicroelectronics USB_HOST 2.0.0
2023-05-14 14:08:57,412 [INFO] ThirdParty:1030 - CMSIS Pack Vendor :STMicroelectronics X-CUBE-AZRTOS-F4 1.1.0
2023-05-14 14:08:57,412 [INFO] ThirdParty:1030 - CMSIS Pack Vendor :STMicroelectronics LIBJPEG 8.0.0
2023-05-14 14:08:57,412 [INFO] ThirdParty:1030 - CMSIS Pack Vendor :STMicroelectronics X-CUBE-SMBUS 2.1.0
2023-05-14 14:08:57,412 [INFO] ThirdParty:1030 - CMSIS Pack Vendor :STMicroelectronics USB_DEVICE 3.0.0
2023-05-14 14:08:57,412 [INFO] ThirdParty:1030 - CMSIS Pack Vendor :STMicroelectronics X-CUBE-AI 8.0.0
2023-05-14 14:08:57,412 [INFO] ThirdParty:1030 - CMSIS Pack Vendor :STMicroelectronics X-CUBE-FREERTOS 1.0.0
2023-05-14 14:08:57,412 [INFO] ThirdParty:1030 - CMSIS Pack Vendor :STMicroelectronics X-CUBE-FREERTOS 1.0.1
2023-05-14 14:08:57,412 [INFO] ThirdParty:1030 - CMSIS Pack Vendor :STMicroelectronics X-CUBE-TOUCHGFX 4.21.1
2023-05-14 14:08:57,412 [INFO] ThirdParty:1030 - CMSIS Pack Vendor :STMicroelectronics X-CUBE-TOUCHGFX 4.21.3
2023-05-14 14:08:57,412 [INFO] ThirdParty:1030 - CMSIS Pack Vendor :STMicroelectronics X-CUBE-AZRTOS-F7 1.1.0
2023-05-14 14:08:57,412 [INFO] ThirdParty:1030 - CMSIS Pack Vendor :STMicroelectronics USB_DEVICE 2.0.0
2023-05-14 14:08:57,412 [INFO] ThirdParty:1030 - CMSIS Pack Vendor :STMicroelectronics X-CUBE-MEMS1 9.6.0
2023-05-14 14:08:57,412 [INFO] ThirdParty:1030 - CMSIS Pack Vendor :STMicroelectronics FP-SNS-MOTENV1 4.3.0
2023-05-14 14:08:57,412 [INFO] ThirdParty:1030 - CMSIS Pack Vendor :STMicroelectronics FP-SNS-FLIGHT1 5.0.0
2023-05-14 14:08:57,412 [INFO] ThirdParty:1030 - CMSIS Pack Vendor :STMicroelectronics X-CUBE-ALGOBUILD 1.3.0
2023-05-14 14:08:57,412 [INFO] ThirdParty:1030 - CMSIS Pack Vendor :STMicroelectronics X-CUBE-BLE1 6.2.4
2023-05-14 14:08:57,412 [INFO] ThirdParty:1030 - CMSIS Pack Vendor :STMicroelectronics X-CUBE-AZRTOS-L5 1.1.0
2023-05-14 14:08:57,412 [INFO] ThirdParty:1030 - CMSIS Pack Vendor :STMicroelectronics FreeRTOS 0.0.1
2023-05-14 14:08:57,412 [INFO] ThirdParty:1030 - CMSIS Pack Vendor :emotas I-CUBE-CANOPEN 1.1.3
2023-05-14 14:08:57,412 [INFO] ThirdParty:1030 - CMSIS Pack Vendor :STMicroelectronics X-CUBE-AZRTOS-G0 1.1.0
2023-05-14 14:08:57,412 [INFO] ThirdParty:1030 - CMSIS Pack Vendor :STMicroelectronics X-CUBE-BLEMGR 2.0.0
2023-05-14 14:08:57,412 [INFO] ThirdParty:1030 - CMSIS Pack Vendor :STMicroelectronics X-CUBE-SUBG2 5.0.0
2023-05-14 14:08:57,412 [INFO] ThirdParty:1030 - CMSIS Pack Vendor :STMicroelectronics X-CUBE-NFC4 3.0.0
2023-05-14 14:08:57,412 [INFO] ThirdParty:1030 - CMSIS Pack Vendor :STMicroelectronics STM32_WPAN 1.0.0
2023-05-14 14:08:57,412 [INFO] ThirdParty:1030 - CMSIS Pack Vendor :STMicroelectronics lwIP 2.0.3
2023-05-14 14:08:57,412 [INFO] ThirdParty:1030 - CMSIS Pack Vendor :STMicroelectronics USB_HOST 1.0.0
2023-05-14 14:08:57,412 [INFO] ThirdParty:1030 - CMSIS Pack Vendor :STMicroelectronics X-CUBE-AZRTOS-G4 2.0.0
2023-05-14 14:08:57,412 [INFO] ThirdParty:1030 - CMSIS Pack Vendor :STMicroelectronics PDM2PCM 3.1.0
2023-05-14 14:08:57,412 [INFO] ThirdParty:1030 - CMSIS Pack Vendor :STMicroelectronics X-CUBE-AZRTOS-H7 3.1.0
2023-05-14 14:08:57,412 [INFO] ThirdParty:1030 - CMSIS Pack Vendor :STMicroelectronics X-CUBE-TOF1 3.3.0
2023-05-14 14:08:57,412 [INFO] ThirdParty:1030 - CMSIS Pack Vendor :STMicroelectronics FP-ATR-ASTRA1 1.1.1
2023-05-14 14:08:57,412 [INFO] ThirdParty:1030 - CMSIS Pack Vendor :STMicroelectronics PDM2PCM 3.3.0
2023-05-14 14:08:57,412 [INFO] ThirdParty:1030 - CMSIS Pack Vendor :STMicroelectronics X-CUBE-DISPLAY 3.0.0
2023-05-14 14:08:57,412 [INFO] ThirdParty:1030 - CMSIS Pack Vendor :STMicroelectronics X-CUBE-AZRTOS-G4 1.0.0
2023-05-14 14:08:57,412 [INFO] ThirdParty:1030 - CMSIS Pack Vendor :STMicroelectronics FP-ATR-SIGFOX1 3.2.0
2023-05-14 14:08:57,412 [INFO] ThirdParty:1030 - CMSIS Pack Vendor :wolfSSL I-CUBE-wolfSSL 5.5.4
2023-05-14 14:08:57,412 [INFO] ThirdParty:1030 - CMSIS Pack Vendor :STMicroelectronics X-CUBE-AZRTOS-L4 1.0.0
2023-05-14 14:08:57,412 [INFO] ThirdParty:1030 - CMSIS Pack Vendor :STMicroelectronics HAL Drivers 0.0.0
2023-05-14 14:08:57,412 [INFO] ThirdParty:1030 - CMSIS Pack Vendor :STMicroelectronics MBEDTLS 2.16.2
2023-05-14 14:08:57,412 [INFO] ThirdParty:1030 - CMSIS Pack Vendor :STMicroelectronics MBEDTLS 2.14.1
2023-05-14 14:08:57,412 [INFO] ThirdParty:1030 - CMSIS Pack Vendor :STMicroelectronics X-CUBE-NFC7 1.0.0
2023-05-14 14:08:57,412 [INFO] ThirdParty:1030 - CMSIS Pack Vendor :STMicroelectronics X-CUBE-AZRTOS-WL 1.0.0
2023-05-14 14:08:57,412 [INFO] ThirdParty:1030 - CMSIS Pack Vendor :STMicroelectronics X-CUBE-EEPRMA1 4.1.0
2023-05-14 14:08:57,412 [INFO] ThirdParty:1030 - CMSIS Pack Vendor :portGmbH I-Cube-SoM-uGOAL 1.1.0
2023-05-14 14:08:57,412 [INFO] ThirdParty:1030 - CMSIS Pack Vendor :STMicroelectronics X-CUBE-ALS 1.0.1
2023-05-14 14:08:57,412 [INFO] ThirdParty:1030 - CMSIS Pack Vendor :STMicroelectronics X-CUBE-MEMS1 9.5.0
2023-05-14 14:08:57,412 [INFO] ThirdParty:1030 - CMSIS Pack Vendor :STMicroelectronics ThreadX 1.0.0
2023-05-14 14:08:57,412 [INFO] ThirdParty:1030 - CMSIS Pack Vendor :STMicroelectronics X-CUBE-AZRTOS-WB 1.1.0
2023-05-14 14:08:57,412 [INFO] ThirdParty:1030 - CMSIS Pack Vendor :SEGGER I-CUBE-embOS 1.3.1
2023-05-14 14:08:57,412 [INFO] ThirdParty:1030 - CMSIS Pack Vendor :STMicroelectronics USB_DEVICE 1.0.0
2023-05-14 14:08:57,412 [INFO] ThirdParty:1030 - CMSIS Pack Vendor :STMicroelectronics ThreadX 0.0.2
2023-05-14 14:08:57,412 [INFO] ThirdParty:1030 - CMSIS Pack Vendor :WES I-CUBE-Cesium 1.3.0
2023-05-14 14:08:57,412 [INFO] ThirdParty:1030 - CMSIS Pack Vendor :STMicroelectronics FP-ATR-ASTRA1 2.0.0
2023-05-14 14:08:57,412 [INFO] ThirdParty:1030 - CMSIS Pack Vendor :STMicroelectronics lwIP 2.1.2
2023-05-14 14:08:57,412 [INFO] ThirdParty:1030 - CMSIS Pack Vendor :STMicroelectronics X-CUBE-SFXS2LP1 4.0.0
2023-05-14 14:08:57,412 [INFO] ThirdParty:1030 - CMSIS Pack Vendor :STMicroelectronics X-CUBE-BLE2 3.3.0
2023-05-14 14:08:57,412 [INFO] ThirdParty:1030 - CMSIS Pack Vendor :STMicroelectronics X-CUBE-TOF1 3.2.0
2023-05-14 14:08:57,412 [INFO] ThirdParty:1030 - CMSIS Pack Vendor :STMicroelectronics PDM2PCM 3.2.0
2023-05-14 14:08:57,412 [INFO] ThirdParty:1030 - CMSIS Pack Vendor :STMicroelectronics X-CUBE-AZRTOS-H7 3.0.0
2023-05-14 14:08:57,413 [INFO] ThirdParty:841 - exiting critical section [change project]
2023-05-14 14:08:57,855 [INFO] PinOutPanel:1499 - setPackage(No Configuration,No Configuration)
2023-05-14 14:08:57,857 [INFO] PinOutPanel:1499 - setPackage(STM32F303VCTx,LQFP100)
2023-05-14 14:08:58,237 [INFO] UtilMem:75 - Before build in PCC Used Memory: 681592104 Bytes (927989760)
2023-05-14 14:08:58,477 [INFO] UtilMem:75 - After build in PCC Used Memory: 726680872 Bytes (927989760)
2023-05-14 14:08:58,518 [INFO] IPUIPlugin:80 - create IPUIPlugin
2023-05-14 14:08:58,518 [INFO] IPUIPlugin:80 - create IPUIPlugin
2023-05-14 14:08:58,518 [INFO] IPUIPlugin:80 - create IPUIPlugin
2023-05-14 14:08:58,519 [INFO] IPUIPlugin:80 - create IPUIPlugin
2023-05-14 14:08:58,519 [INFO] IPUIPlugin:80 - create IPUIPlugin
2023-05-14 14:08:58,519 [INFO] IPUIPlugin:80 - create IPUIPlugin
2023-05-14 14:08:58,519 [INFO] IPUIPlugin:80 - create IPUIPlugin
2023-05-14 14:08:58,519 [INFO] IPUIPlugin:80 - create IPUIPlugin
2023-05-14 14:08:58,519 [INFO] IPUIPlugin:80 - create IPUIPlugin
2023-05-14 14:08:58,519 [INFO] IPUIPlugin:80 - create IPUIPlugin
2023-05-14 14:08:58,519 [INFO] IPUIPlugin:80 - create IPUIPlugin
2023-05-14 14:08:58,519 [INFO] IPUIPlugin:80 - create IPUIPlugin
2023-05-14 14:08:58,519 [INFO] IPUIPlugin:80 - create IPUIPlugin
2023-05-14 14:08:58,519 [INFO] IPUIPlugin:80 - create IPUIPlugin
2023-05-14 14:08:58,519 [INFO] IPUIPlugin:80 - create IPUIPlugin
2023-05-14 14:08:58,519 [INFO] IPUIPlugin:80 - create IPUIPlugin
2023-05-14 14:08:58,519 [INFO] IPUIPlugin:80 - create IPUIPlugin
2023-05-14 14:08:58,519 [INFO] IPUIPlugin:80 - create IPUIPlugin
2023-05-14 14:08:58,519 [INFO] IPUIPlugin:80 - create IPUIPlugin
2023-05-14 14:08:58,520 [INFO] IPUIPlugin:80 - create IPUIPlugin
2023-05-14 14:08:58,520 [INFO] IPUIPlugin:80 - create IPUIPlugin
2023-05-14 14:08:58,520 [INFO] IPUIPlugin:80 - create IPUIPlugin
2023-05-14 14:08:58,520 [INFO] IPUIPlugin:80 - create IPUIPlugin
2023-05-14 14:08:58,520 [INFO] IPUIPlugin:80 - create IPUIPlugin
2023-05-14 14:08:58,520 [INFO] IPUIPlugin:80 - create IPUIPlugin
2023-05-14 14:08:58,520 [INFO] IPUIPlugin:80 - create IPUIPlugin
2023-05-14 14:08:58,520 [INFO] IPUIPlugin:80 - create IPUIPlugin
2023-05-14 14:08:58,520 [INFO] IPUIPlugin:80 - create IPUIPlugin
2023-05-14 14:08:58,520 [INFO] IPUIPlugin:80 - create IPUIPlugin
2023-05-14 14:08:58,521 [INFO] IPUIPlugin:80 - create IPUIPlugin
2023-05-14 14:08:58,521 [INFO] IPUIPlugin:80 - create IPUIPlugin
2023-05-14 14:08:58,521 [INFO] IPUIPlugin:80 - create IPUIPlugin
2023-05-14 14:08:58,521 [INFO] IPUIPlugin:80 - create IPUIPlugin
2023-05-14 14:08:58,521 [INFO] IPUIPlugin:80 - create IPUIPlugin
2023-05-14 14:08:58,521 [INFO] IPUIPlugin:80 - create IPUIPlugin
2023-05-14 14:08:58,521 [INFO] IPUIPlugin:80 - create IPUIPlugin
2023-05-14 14:08:58,521 [INFO] IPUIPlugin:80 - create IPUIPlugin
2023-05-14 14:08:58,521 [INFO] IPUIPlugin:80 - create IPUIPlugin
2023-05-14 14:08:58,521 [INFO] IPUIPlugin:80 - create IPUIPlugin
2023-05-14 14:08:58,521 [INFO] IPUIPlugin:80 - create IPUIPlugin
2023-05-14 14:08:58,521 [INFO] IPUIPlugin:80 - create IPUIPlugin
2023-05-14 14:08:58,521 [INFO] IPUIPlugin:80 - create IPUIPlugin
2023-05-14 14:08:58,521 [INFO] IPUIPlugin:80 - create IPUIPlugin
2023-05-14 14:08:58,521 [INFO] IPUIPlugin:80 - create IPUIPlugin
2023-05-14 14:08:58,521 [INFO] IPUIPlugin:80 - create IPUIPlugin
2023-05-14 14:08:58,522 [INFO] IPUIPlugin:80 - create IPUIPlugin
2023-05-14 14:08:58,522 [INFO] IPUIPlugin:80 - create IPUIPlugin
2023-05-14 14:08:58,522 [INFO] IPUIPlugin:80 - create IPUIPlugin
2023-05-14 14:08:58,522 [INFO] IPUIPlugin:80 - create IPUIPlugin
2023-05-14 14:08:58,522 [INFO] IPUIPlugin:80 - create IPUIPlugin
2023-05-14 14:08:58,522 [INFO] IPUIPlugin:80 - create IPUIPlugin
2023-05-14 14:08:58,522 [INFO] IPUIPlugin:80 - create IPUIPlugin
2023-05-14 14:08:58,522 [INFO] IPUIPlugin:80 - create IPUIPlugin
2023-05-14 14:08:58,522 [INFO] IPUIPlugin:80 - create IPUIPlugin
2023-05-14 14:08:58,523 [INFO] IPUIPlugin:80 - create IPUIPlugin
2023-05-14 14:08:58,595 [INFO] CADModel:165 - CPN selected for project levelSTM32F303VCT6
2023-05-14 14:08:58,595 [INFO] CADModel:114 - Register for checkConnection events
2023-05-14 14:08:58,639 [INFO] OpenFileManager:328 - Restore cursor
2023-05-14 14:08:58,795 [WARN] IP:2113 - lpm_enable not found: check if there is a RefParameter without a condition.
2023-05-14 14:08:58,796 [WARN] IP:2113 - lpm_enable not found: check if there is a RefParameter without a condition.
2023-05-14 14:08:59,381 [INFO] UtilMem:75 - End SaveConfig() Used Memory: 613053256 Bytes (927989760)
2023-05-14 14:08:59,431 [INFO] UtilMem:75 - End SaveConfig() Used Memory: 635015232 Bytes (927989760)
2023-05-14 14:08:59,636 [INFO] BlockDiagram:2759 - set Specific Code input for plugin: SPI
2023-05-14 14:08:59,637 [INFO] BlockDiagram:2759 - set Specific Code input for plugin: SYS
2023-05-14 14:08:59,637 [INFO] BlockDiagram:2759 - set Specific Code input for plugin: RCC
2023-05-14 14:08:59,637 [INFO] BlockDiagram:2759 - set Specific Code input for plugin: I2C
2023-05-14 14:08:59,637 [INFO] BlockDiagram:2759 - set Specific Code input for plugin: NVIC
2023-05-14 14:08:59,637 [INFO] BlockDiagram:2759 - set Specific Code input for plugin: USB
2023-05-14 14:08:59,637 [INFO] BlockDiagram:2759 - set Specific Code input for plugin: GPIO
2023-05-14 14:08:59,638 [INFO] CodeGenerator:793 - code generatio: config db path: /Applications/STM32CubeIDE.app/Contents/Eclipse/plugins/com.st.stm32cube.common.mx_6.8.0.202302231600//db/
2023-05-14 14:08:59,658 [WARN] IP:2113 - lpm_enable not found: check if there is a RefParameter without a condition.
2023-05-14 14:08:59,778 [INFO] CodeEngine:255 - oldGeneratedFile, /Users/neelbagayatkar/Documents/Project/MajorProject_Manshatronics/High_five/MXTmpFiles/license.tmp_save
2023-05-14 14:08:59,909 [INFO] CodeEngine:279 - Generated code: /Users/neelbagayatkar/Documents/Project/MajorProject_Manshatronics/High_five/MXTmpFiles/license.tmp
2023-05-14 14:09:00,125 [INFO] CodeEngine:255 - oldGeneratedFile, /Users/neelbagayatkar/Documents/Project/MajorProject_Manshatronics/High_five/MXTmpFiles/gpio.tmp_save
2023-05-14 14:09:00,245 [INFO] CodeEngine:279 - Generated code: /Users/neelbagayatkar/Documents/Project/MajorProject_Manshatronics/High_five/MXTmpFiles/gpio.tmp
2023-05-14 14:09:00,495 [INFO] CodeEngine:255 - oldGeneratedFile, /Users/neelbagayatkar/Documents/Project/MajorProject_Manshatronics/High_five/Core/Src/stm32f3xx_it.c_save
2023-05-14 14:09:00,557 [INFO] CodeEngine:279 - Generated code: /Users/neelbagayatkar/Documents/Project/MajorProject_Manshatronics/High_five/Core/Src/stm32f3xx_it.c
2023-05-14 14:09:00,558 [INFO] CodeEngine:255 - oldGeneratedFile, /Users/neelbagayatkar/Documents/Project/MajorProject_Manshatronics/High_five/Core/Inc/stm32f3xx_it.h_save
2023-05-14 14:09:00,602 [INFO] CodeEngine:279 - Generated code: /Users/neelbagayatkar/Documents/Project/MajorProject_Manshatronics/High_five/Core/Inc/stm32f3xx_it.h
2023-05-14 14:09:00,605 [INFO] CodeEngine:255 - oldGeneratedFile, /Users/neelbagayatkar/Documents/Project/MajorProject_Manshatronics/High_five/Core/Src/stm32f3xx_hal_msp.c_save
2023-05-14 14:09:00,677 [INFO] CodeEngine:279 - Generated code: /Users/neelbagayatkar/Documents/Project/MajorProject_Manshatronics/High_five/Core/Src/stm32f3xx_hal_msp.c
2023-05-14 14:09:00,678 [INFO] CodeEngine:255 - oldGeneratedFile, /Users/neelbagayatkar/Documents/Project/MajorProject_Manshatronics/High_five/MXTmpFiles/system.tmp_save
2023-05-14 14:09:00,721 [INFO] CodeEngine:279 - Generated code: /Users/neelbagayatkar/Documents/Project/MajorProject_Manshatronics/High_five/MXTmpFiles/system.tmp
2023-05-14 14:09:00,723 [INFO] CodeEngine:311 - oldGeneratedFile, /Users/neelbagayatkar/Documents/Project/MajorProject_Manshatronics/High_five/Core/Inc/stm32f3xx_hal_conf.h_save
2023-05-14 14:09:00,776 [INFO] CodeEngine:335 - Generated code: /Users/neelbagayatkar/Documents/Project/MajorProject_Manshatronics/High_five/Core/Inc/stm32f3xx_hal_conf.h
2023-05-14 14:09:00,802 [INFO] CodeEngine:255 - oldGeneratedFile, /Users/neelbagayatkar/Documents/Project/MajorProject_Manshatronics/High_five/Core/Inc/main.h_save
2023-05-14 14:09:00,868 [INFO] CodeEngine:279 - Generated code: /Users/neelbagayatkar/Documents/Project/MajorProject_Manshatronics/High_five/Core/Inc/main.h
2023-05-14 14:09:00,869 [INFO] CodeEngine:255 - oldGeneratedFile, /Users/neelbagayatkar/Documents/Project/MajorProject_Manshatronics/High_five/Core/Src/main.c_save
2023-05-14 14:09:00,975 [INFO] CodeEngine:279 - Generated code: /Users/neelbagayatkar/Documents/Project/MajorProject_Manshatronics/High_five/Core/Src/main.c
2023-05-14 14:09:01,474 [INFO] ProjectBuilder:2996 - Time for Copy HAL[1] : 62mS.
2023-05-14 14:09:01,482 [INFO] ProjectBuilder:4304 - Project Generator version: 3.19.2
2023-05-14 14:09:01,748 [INFO] ConfigFileManager:1483 - The Die is : DIE422
2023-05-14 14:09:01,754 [INFO] ApiDbMcu:507 - Load IP Config File for FATFS
2023-05-14 14:09:01,757 [INFO] ApiDbMcu:507 - Load IP Config File for FREERTOS
2023-05-14 14:09:01,763 [INFO] ApiDbMcu:507 - Load IP Config File for TOUCHSENSING
2023-05-14 14:09:01,768 [INFO] ApiDbMcu:507 - Load IP Config File for USB_DEVICE
2023-05-14 14:09:05,962 [INFO] ProjectBuilder:4505 - Time for Generating toolchain IDE Files: 4477mS.
2023-05-14 14:09:05,968 [INFO] ProjectBuilder:2867 - Time for Copy CMSIS : 1mS.
2023-05-14 14:09:05,970 [INFO] ProjectBuilder:2867 - Time for Copy CMSIS : 0mS.
2023-05-14 14:09:07,213 [INFO] McuFinderGlobals:66 - Set McuFinderConnectedMode to true
2023-05-14 14:09:07,218 [INFO] ApiDb:448 - Save user favorites file /Users/neelbagayatkar/.stm32cubeide/favorites.mcus.txt: 0 item(s)
2023-05-14 14:09:07,218 [INFO] ApiDb:452 - User favorites MCUs=[]
2023-05-14 14:09:07,223 [INFO] ApiDb:448 - Save user favorites file /Users/neelbagayatkar/.stm32cubeide/favorites.boards.txt: 1 item(s)
2023-05-14 14:09:07,223 [INFO] ApiDb:452 - User favorites Boards=[STM32F3DISCOVERY]
2023-05-14 14:09:12,833 [INFO] MainUpdater:2854 - connection check result : 10
2023-05-14 14:09:12,836 [INFO] MainUpdater:2854 - connection check result : 10
2023-05-14 14:09:13,018 [INFO] I2cTimingTraitement:330 - 0x2000090E
2023-05-14 14:09:13,080 [INFO] MicroXplorer:468 - Change Database Path : 
2023-05-14 14:09:13,080 [INFO] MicroXplorer:498 - Change Database Version : DB.6.0.80
2023-05-14 14:09:13,235 [WARN] ThirdParty:871 - waiting for thirdparty lock release [close project]
2023-05-14 14:09:13,235 [INFO] ThirdParty:873 - entering critical section [close project]
2023-05-14 14:09:13,235 [INFO] ThirdParty:883 - exiting critical section [close project]
2023-05-14 14:09:13,237 [INFO] PinOutPanel:1499 - setPackage(No Configuration,No Configuration)
2023-05-14 14:09:13,240 [INFO] UtilMem:75 - Begin LoadConfig() Used Memory: 636161768 Bytes (934281216)
2023-05-14 14:09:13,241 [INFO] MicroXplorer:468 - Change Database Path : 
2023-05-14 14:09:13,241 [INFO] MicroXplorer:498 - Change Database Version : DB.6.0.80
2023-05-14 14:09:13,241 [INFO] OpenFileManager:308 - Change cursor
2023-05-14 14:09:13,258 [INFO] RulesReader:64 - Compatibility file has been processed (293 Rules)
2023-05-14 14:09:13,264 [INFO] Mcu:1937 - Initializing MCU STM32F303V(B-C)Tx STM32F303VCTx STM32F303VCT6
2023-05-14 14:09:14,316 [INFO] Context:659 - Trying to add GPIOservice into a context  which must be forbidden
2023-05-14 14:09:14,871 [INFO] RtosManager:555 - Registered RTOS mode: class=CMSIS, group=RTOS, mode=CMSIS_V1, owner=FREERTOS
2023-05-14 14:09:14,875 [INFO] RtosManager:555 - Registered RTOS mode: class=CMSIS, group=RTOS2, mode=CMSIS_V2, owner=FREERTOS
2023-05-14 14:09:14,875 [INFO] RtosManager:555 - Registered RTOS mode: class=RTOS, group=Core, mode=CMSIS_V1, owner=FREERTOS
2023-05-14 14:09:14,875 [INFO] RtosManager:555 - Registered RTOS mode: class=RTOS, group=Core, mode=CMSIS_V2, owner=FREERTOS
2023-05-14 14:09:14,875 [WARN] ModelIntegratedComponent:184 - Missing modes for component STMicroelectronics:FreeRTOS:0.0.1:STMicroelectronics:RTOS:FreeRTOS:Core:::10.2.0:
2023-05-14 14:09:14,885 [WARN] ModelIntegratedComponent:63 - No mode defined for component null
2023-05-14 14:09:14,889 [WARN] ModelIntegratedComponent:63 - No mode defined for component null
2023-05-14 14:09:14,889 [WARN] ModelIntegratedComponent:63 - No mode defined for component null
2023-05-14 14:09:14,889 [WARN] ModelIntegratedComponent:63 - No mode defined for component null
2023-05-14 14:09:14,889 [WARN] ModelIntegratedComponent:63 - No mode defined for component null
2023-05-14 14:09:14,889 [WARN] ModelIntegratedComponent:63 - No mode defined for component null
2023-05-14 14:09:14,889 [WARN] ModelIntegratedComponent:63 - No mode defined for component null
2023-05-14 14:09:14,889 [WARN] ModelIntegratedComponent:63 - No mode defined for component null
2023-05-14 14:09:14,889 [WARN] ModelIntegratedComponent:63 - No mode defined for component null
2023-05-14 14:09:14,889 [WARN] ModelIntegratedComponent:63 - No mode defined for component null
2023-05-14 14:09:14,889 [WARN] ModelIntegratedComponent:63 - No mode defined for component null
2023-05-14 14:09:14,889 [WARN] ModelIntegratedComponent:63 - No mode defined for component null
2023-05-14 14:09:14,889 [WARN] ModelIntegratedComponent:63 - No mode defined for component null
2023-05-14 14:09:14,889 [WARN] ModelIntegratedComponent:63 - No mode defined for component null
2023-05-14 14:09:14,889 [WARN] ModelIntegratedComponent:63 - No mode defined for component null
2023-05-14 14:09:14,889 [WARN] ModelIntegratedComponent:63 - No mode defined for component null
2023-05-14 14:09:14,889 [WARN] ModelIntegratedComponent:63 - No mode defined for component null
2023-05-14 14:09:14,889 [WARN] ModelIntegratedComponent:63 - No mode defined for component null
2023-05-14 14:09:14,889 [WARN] ModelIntegratedComponent:63 - No mode defined for component null
2023-05-14 14:09:14,889 [WARN] ModelIntegratedComponent:63 - No mode defined for component null
2023-05-14 14:09:14,890 [WARN] ModelIntegratedComponent:63 - No mode defined for component null
2023-05-14 14:09:14,890 [WARN] ModelIntegratedComponent:63 - No mode defined for component null
2023-05-14 14:09:14,890 [WARN] ModelIntegratedComponent:63 - No mode defined for component null
2023-05-14 14:09:14,890 [WARN] ModelIntegratedComponent:63 - No mode defined for component null
2023-05-14 14:09:14,890 [WARN] ModelIntegratedComponent:63 - No mode defined for component null
2023-05-14 14:09:14,890 [WARN] ModelIntegratedComponent:63 - No mode defined for component null
2023-05-14 14:09:14,890 [WARN] ModelIntegratedComponent:63 - No mode defined for component null
2023-05-14 14:09:14,890 [WARN] ModelIntegratedComponent:63 - No mode defined for component null
2023-05-14 14:09:14,890 [WARN] ModelIntegratedComponent:63 - No mode defined for component null
2023-05-14 14:09:14,890 [WARN] ModelIntegratedComponent:63 - No mode defined for component null
2023-05-14 14:09:14,890 [WARN] ModelIntegratedComponent:63 - No mode defined for component null
2023-05-14 14:09:14,890 [WARN] ModelIntegratedComponent:63 - No mode defined for component null
2023-05-14 14:09:14,890 [WARN] ModelIntegratedComponent:63 - No mode defined for component null
2023-05-14 14:09:14,968 [INFO] ThirdPartyModel:298 - Start build external matchings
2023-05-14 14:09:15,487 [INFO] ThirdPartyModel:316 - End build external matchings
2023-05-14 14:09:15,566 [INFO] ImportTextPane:194 - (OptionalMessage_ERROR) IP (DMA) : Parameter (Instance) has Id (TIM2_CH1) currently not set
2023-05-14 14:09:15,569 [INFO] ImportTextPane:194 - (OptionalMessage_ERROR) IP (DMA) : Parameter (Direction) has Id (TIM2_CH1) currently not set
2023-05-14 14:09:15,569 [INFO] ImportTextPane:194 - (OptionalMessage_ERROR) IP (DMA) : Parameter (PeriphInc) has Id (TIM2_CH1) currently not set
2023-05-14 14:09:15,569 [INFO] ImportTextPane:194 - (OptionalMessage_ERROR) IP (DMA) : Parameter (MemInc) has Id (TIM2_CH1) currently not set
2023-05-14 14:09:15,569 [INFO] ImportTextPane:194 - (OptionalMessage_ERROR) IP (DMA) : Parameter (PeriphDataAlignment) has Id (TIM2_CH1) currently not set
2023-05-14 14:09:15,569 [INFO] ImportTextPane:194 - (OptionalMessage_ERROR) IP (DMA) : Parameter (MemDataAlignment) has Id (TIM2_CH1) currently not set
2023-05-14 14:09:15,569 [INFO] ImportTextPane:194 - (OptionalMessage_ERROR) IP (DMA) : Parameter (Mode) has Id (TIM2_CH1) currently not set
2023-05-14 14:09:15,569 [INFO] ImportTextPane:194 - (OptionalMessage_ERROR) IP (DMA) : Parameter (Priority) has Id (TIM2_CH1) currently not set
2023-05-14 14:09:15,580 [INFO] ImportTextPane:194 - (OptionalMessage_ERROR) IP (RCC) : Invalid parameter (FamilyName)
2023-05-14 14:09:15,582 [INFO] ImportTextPane:194 - (OptionalMessage_ERROR) IP (RCC) : Invalid parameter (TIM2Freq_Value)
2023-05-14 14:09:15,836 [INFO] UtilMem:75 - End LoadConfig() Used Memory: 607174768 Bytes (934281216)
2023-05-14 14:09:15,877 [WARN] ThirdParty:833 - waiting for thirdparty lock release [change project]
2023-05-14 14:09:15,877 [INFO] ThirdParty:835 - entering critical section [change project]
2023-05-14 14:09:15,877 [INFO] ThirdParty:1030 - CMSIS Pack Vendor :STMicroelectronics X-CUBE-ISPU 1.1.0
2023-05-14 14:09:15,877 [INFO] ThirdParty:1030 - CMSIS Pack Vendor :RoweBots I-CUBE-UNISONRTOS 5.5.0-4
2023-05-14 14:09:15,877 [INFO] ThirdParty:1030 - CMSIS Pack Vendor :STMicroelectronics X-CUBE-GNSS1 6.0.0
2023-05-14 14:09:15,877 [INFO] ThirdParty:1030 - CMSIS Pack Vendor :STMicroelectronics USB_HOST 2.0.0
2023-05-14 14:09:15,877 [INFO] ThirdParty:1030 - CMSIS Pack Vendor :STMicroelectronics X-CUBE-AZRTOS-F4 1.1.0
2023-05-14 14:09:15,877 [INFO] ThirdParty:1030 - CMSIS Pack Vendor :STMicroelectronics LIBJPEG 8.0.0
2023-05-14 14:09:15,877 [INFO] ThirdParty:1030 - CMSIS Pack Vendor :STMicroelectronics X-CUBE-SMBUS 2.1.0
2023-05-14 14:09:15,877 [INFO] ThirdParty:1030 - CMSIS Pack Vendor :STMicroelectronics USB_DEVICE 3.0.0
2023-05-14 14:09:15,877 [INFO] ThirdParty:1030 - CMSIS Pack Vendor :STMicroelectronics X-CUBE-AI 8.0.0
2023-05-14 14:09:15,877 [INFO] ThirdParty:1030 - CMSIS Pack Vendor :STMicroelectronics X-CUBE-FREERTOS 1.0.0
2023-05-14 14:09:15,877 [INFO] ThirdParty:1030 - CMSIS Pack Vendor :STMicroelectronics X-CUBE-FREERTOS 1.0.1
2023-05-14 14:09:15,877 [INFO] ThirdParty:1030 - CMSIS Pack Vendor :STMicroelectronics X-CUBE-TOUCHGFX 4.21.1
2023-05-14 14:09:15,878 [INFO] ThirdParty:1030 - CMSIS Pack Vendor :STMicroelectronics X-CUBE-TOUCHGFX 4.21.3
2023-05-14 14:09:15,878 [INFO] ThirdParty:1030 - CMSIS Pack Vendor :STMicroelectronics X-CUBE-AZRTOS-F7 1.1.0
2023-05-14 14:09:15,878 [INFO] ThirdParty:1030 - CMSIS Pack Vendor :STMicroelectronics USB_DEVICE 2.0.0
2023-05-14 14:09:15,878 [INFO] ThirdParty:1030 - CMSIS Pack Vendor :STMicroelectronics X-CUBE-MEMS1 9.6.0
2023-05-14 14:09:15,878 [INFO] ThirdParty:1030 - CMSIS Pack Vendor :STMicroelectronics FP-SNS-MOTENV1 4.3.0
2023-05-14 14:09:15,878 [INFO] ThirdParty:1030 - CMSIS Pack Vendor :STMicroelectronics FP-SNS-FLIGHT1 5.0.0
2023-05-14 14:09:15,878 [INFO] ThirdParty:1030 - CMSIS Pack Vendor :STMicroelectronics X-CUBE-ALGOBUILD 1.3.0
2023-05-14 14:09:15,878 [INFO] ThirdParty:1030 - CMSIS Pack Vendor :STMicroelectronics X-CUBE-BLE1 6.2.4
2023-05-14 14:09:15,878 [INFO] ThirdParty:1030 - CMSIS Pack Vendor :STMicroelectronics X-CUBE-AZRTOS-L5 1.1.0
2023-05-14 14:09:15,878 [INFO] ThirdParty:1030 - CMSIS Pack Vendor :STMicroelectronics FreeRTOS 0.0.1
2023-05-14 14:09:15,878 [INFO] ThirdParty:1030 - CMSIS Pack Vendor :emotas I-CUBE-CANOPEN 1.1.3
2023-05-14 14:09:15,878 [INFO] ThirdParty:1030 - CMSIS Pack Vendor :STMicroelectronics X-CUBE-AZRTOS-G0 1.1.0
2023-05-14 14:09:15,878 [INFO] ThirdParty:1030 - CMSIS Pack Vendor :STMicroelectronics X-CUBE-BLEMGR 2.0.0
2023-05-14 14:09:15,878 [INFO] ThirdParty:1030 - CMSIS Pack Vendor :STMicroelectronics X-CUBE-SUBG2 5.0.0
2023-05-14 14:09:15,878 [INFO] ThirdParty:1030 - CMSIS Pack Vendor :STMicroelectronics X-CUBE-NFC4 3.0.0
2023-05-14 14:09:15,878 [INFO] ThirdParty:1030 - CMSIS Pack Vendor :STMicroelectronics STM32_WPAN 1.0.0
2023-05-14 14:09:15,878 [INFO] ThirdParty:1030 - CMSIS Pack Vendor :STMicroelectronics lwIP 2.0.3
2023-05-14 14:09:15,878 [INFO] ThirdParty:1030 - CMSIS Pack Vendor :STMicroelectronics USB_HOST 1.0.0
2023-05-14 14:09:15,878 [INFO] ThirdParty:1030 - CMSIS Pack Vendor :STMicroelectronics X-CUBE-AZRTOS-G4 2.0.0
2023-05-14 14:09:15,878 [INFO] ThirdParty:1030 - CMSIS Pack Vendor :STMicroelectronics PDM2PCM 3.1.0
2023-05-14 14:09:15,878 [INFO] ThirdParty:1030 - CMSIS Pack Vendor :STMicroelectronics X-CUBE-AZRTOS-H7 3.1.0
2023-05-14 14:09:15,878 [INFO] ThirdParty:1030 - CMSIS Pack Vendor :STMicroelectronics X-CUBE-TOF1 3.3.0
2023-05-14 14:09:15,878 [INFO] ThirdParty:1030 - CMSIS Pack Vendor :STMicroelectronics FP-ATR-ASTRA1 1.1.1
2023-05-14 14:09:15,878 [INFO] ThirdParty:1030 - CMSIS Pack Vendor :STMicroelectronics PDM2PCM 3.3.0
2023-05-14 14:09:15,878 [INFO] ThirdParty:1030 - CMSIS Pack Vendor :STMicroelectronics X-CUBE-DISPLAY 3.0.0
2023-05-14 14:09:15,878 [INFO] ThirdParty:1030 - CMSIS Pack Vendor :STMicroelectronics X-CUBE-AZRTOS-G4 1.0.0
2023-05-14 14:09:15,878 [INFO] ThirdParty:1030 - CMSIS Pack Vendor :STMicroelectronics FP-ATR-SIGFOX1 3.2.0
2023-05-14 14:09:15,878 [INFO] ThirdParty:1030 - CMSIS Pack Vendor :wolfSSL I-CUBE-wolfSSL 5.5.4
2023-05-14 14:09:15,878 [INFO] ThirdParty:1030 - CMSIS Pack Vendor :STMicroelectronics X-CUBE-AZRTOS-L4 1.0.0
2023-05-14 14:09:15,878 [INFO] ThirdParty:1030 - CMSIS Pack Vendor :STMicroelectronics HAL Drivers 0.0.0
2023-05-14 14:09:15,878 [INFO] ThirdParty:1030 - CMSIS Pack Vendor :STMicroelectronics MBEDTLS 2.16.2
2023-05-14 14:09:15,878 [INFO] ThirdParty:1030 - CMSIS Pack Vendor :STMicroelectronics MBEDTLS 2.14.1
2023-05-14 14:09:15,878 [INFO] ThirdParty:1030 - CMSIS Pack Vendor :STMicroelectronics X-CUBE-NFC7 1.0.0
2023-05-14 14:09:15,878 [INFO] ThirdParty:1030 - CMSIS Pack Vendor :STMicroelectronics X-CUBE-AZRTOS-WL 1.0.0
2023-05-14 14:09:15,878 [INFO] ThirdParty:1030 - CMSIS Pack Vendor :STMicroelectronics X-CUBE-EEPRMA1 4.1.0
2023-05-14 14:09:15,878 [INFO] ThirdParty:1030 - CMSIS Pack Vendor :portGmbH I-Cube-SoM-uGOAL 1.1.0
2023-05-14 14:09:15,878 [INFO] ThirdParty:1030 - CMSIS Pack Vendor :STMicroelectronics X-CUBE-ALS 1.0.1
2023-05-14 14:09:15,878 [INFO] ThirdParty:1030 - CMSIS Pack Vendor :STMicroelectronics X-CUBE-MEMS1 9.5.0
2023-05-14 14:09:15,878 [INFO] ThirdParty:1030 - CMSIS Pack Vendor :STMicroelectronics ThreadX 1.0.0
2023-05-14 14:09:15,878 [INFO] ThirdParty:1030 - CMSIS Pack Vendor :STMicroelectronics X-CUBE-AZRTOS-WB 1.1.0
2023-05-14 14:09:15,878 [INFO] ThirdParty:1030 - CMSIS Pack Vendor :SEGGER I-CUBE-embOS 1.3.1
2023-05-14 14:09:15,878 [INFO] ThirdParty:1030 - CMSIS Pack Vendor :STMicroelectronics USB_DEVICE 1.0.0
2023-05-14 14:09:15,878 [INFO] ThirdParty:1030 - CMSIS Pack Vendor :STMicroelectronics ThreadX 0.0.2
2023-05-14 14:09:15,878 [INFO] ThirdParty:1030 - CMSIS Pack Vendor :WES I-CUBE-Cesium 1.3.0
2023-05-14 14:09:15,878 [INFO] ThirdParty:1030 - CMSIS Pack Vendor :STMicroelectronics FP-ATR-ASTRA1 2.0.0
2023-05-14 14:09:15,878 [INFO] ThirdParty:1030 - CMSIS Pack Vendor :STMicroelectronics lwIP 2.1.2
2023-05-14 14:09:15,878 [INFO] ThirdParty:1030 - CMSIS Pack Vendor :STMicroelectronics X-CUBE-SFXS2LP1 4.0.0
2023-05-14 14:09:15,878 [INFO] ThirdParty:1030 - CMSIS Pack Vendor :STMicroelectronics X-CUBE-BLE2 3.3.0
2023-05-14 14:09:15,878 [INFO] ThirdParty:1030 - CMSIS Pack Vendor :STMicroelectronics X-CUBE-TOF1 3.2.0
2023-05-14 14:09:15,878 [INFO] ThirdParty:1030 - CMSIS Pack Vendor :STMicroelectronics PDM2PCM 3.2.0
2023-05-14 14:09:15,878 [INFO] ThirdParty:1030 - CMSIS Pack Vendor :STMicroelectronics X-CUBE-AZRTOS-H7 3.0.0
2023-05-14 14:09:15,879 [INFO] ThirdParty:841 - exiting critical section [change project]
2023-05-14 14:09:16,290 [INFO] PinOutPanel:1499 - setPackage(No Configuration,No Configuration)
2023-05-14 14:09:16,292 [INFO] PinOutPanel:1499 - setPackage(STM32F303VCTx,LQFP100)
2023-05-14 14:09:16,578 [INFO] UtilMem:75 - Before build in PCC Used Memory: 547769056 Bytes (934281216)
2023-05-14 14:09:16,918 [INFO] UtilMem:75 - After build in PCC Used Memory: 592335584 Bytes (934281216)
2023-05-14 14:09:16,989 [INFO] IPUIPlugin:80 - create IPUIPlugin
2023-05-14 14:09:16,990 [INFO] IPUIPlugin:80 - create IPUIPlugin
2023-05-14 14:09:16,990 [INFO] IPUIPlugin:80 - create IPUIPlugin
2023-05-14 14:09:16,990 [INFO] IPUIPlugin:80 - create IPUIPlugin
2023-05-14 14:09:16,991 [INFO] IPUIPlugin:80 - create IPUIPlugin
2023-05-14 14:09:16,992 [INFO] IPUIPlugin:80 - create IPUIPlugin
2023-05-14 14:09:16,992 [INFO] IPUIPlugin:80 - create IPUIPlugin
2023-05-14 14:09:16,992 [INFO] IPUIPlugin:80 - create IPUIPlugin
2023-05-14 14:09:16,992 [INFO] IPUIPlugin:80 - create IPUIPlugin
2023-05-14 14:09:16,992 [INFO] IPUIPlugin:80 - create IPUIPlugin
2023-05-14 14:09:16,992 [INFO] IPUIPlugin:80 - create IPUIPlugin
2023-05-14 14:09:16,992 [INFO] IPUIPlugin:80 - create IPUIPlugin
2023-05-14 14:09:16,992 [INFO] IPUIPlugin:80 - create IPUIPlugin
2023-05-14 14:09:16,992 [INFO] IPUIPlugin:80 - create IPUIPlugin
2023-05-14 14:09:16,992 [INFO] IPUIPlugin:80 - create IPUIPlugin
2023-05-14 14:09:16,992 [INFO] IPUIPlugin:80 - create IPUIPlugin
2023-05-14 14:09:16,992 [INFO] IPUIPlugin:80 - create IPUIPlugin
2023-05-14 14:09:16,993 [INFO] IPUIPlugin:80 - create IPUIPlugin
2023-05-14 14:09:16,994 [INFO] IPUIPlugin:80 - create IPUIPlugin
2023-05-14 14:09:16,994 [INFO] IPUIPlugin:80 - create IPUIPlugin
2023-05-14 14:09:16,994 [INFO] IPUIPlugin:80 - create IPUIPlugin
2023-05-14 14:09:16,994 [INFO] IPUIPlugin:80 - create IPUIPlugin
2023-05-14 14:09:16,994 [INFO] IPUIPlugin:80 - create IPUIPlugin
2023-05-14 14:09:16,994 [INFO] IPUIPlugin:80 - create IPUIPlugin
2023-05-14 14:09:16,994 [INFO] IPUIPlugin:80 - create IPUIPlugin
2023-05-14 14:09:16,994 [INFO] IPUIPlugin:80 - create IPUIPlugin
2023-05-14 14:09:16,994 [INFO] IPUIPlugin:80 - create IPUIPlugin
2023-05-14 14:09:16,994 [INFO] IPUIPlugin:80 - create IPUIPlugin
2023-05-14 14:09:16,995 [INFO] IPUIPlugin:80 - create IPUIPlugin
2023-05-14 14:09:16,995 [INFO] IPUIPlugin:80 - create IPUIPlugin
2023-05-14 14:09:16,995 [INFO] IPUIPlugin:80 - create IPUIPlugin
2023-05-14 14:09:16,995 [INFO] IPUIPlugin:80 - create IPUIPlugin
2023-05-14 14:09:16,995 [INFO] IPUIPlugin:80 - create IPUIPlugin
2023-05-14 14:09:16,995 [INFO] IPUIPlugin:80 - create IPUIPlugin
2023-05-14 14:09:16,995 [INFO] IPUIPlugin:80 - create IPUIPlugin
2023-05-14 14:09:16,995 [INFO] IPUIPlugin:80 - create IPUIPlugin
2023-05-14 14:09:16,995 [INFO] IPUIPlugin:80 - create IPUIPlugin
2023-05-14 14:09:16,995 [INFO] IPUIPlugin:80 - create IPUIPlugin
2023-05-14 14:09:16,995 [INFO] IPUIPlugin:80 - create IPUIPlugin
2023-05-14 14:09:16,995 [INFO] IPUIPlugin:80 - create IPUIPlugin
2023-05-14 14:09:16,995 [INFO] IPUIPlugin:80 - create IPUIPlugin
2023-05-14 14:09:16,995 [INFO] IPUIPlugin:80 - create IPUIPlugin
2023-05-14 14:09:16,995 [INFO] IPUIPlugin:80 - create IPUIPlugin
2023-05-14 14:09:16,995 [INFO] IPUIPlugin:80 - create IPUIPlugin
2023-05-14 14:09:16,996 [INFO] IPUIPlugin:80 - create IPUIPlugin
2023-05-14 14:09:16,996 [INFO] IPUIPlugin:80 - create IPUIPlugin
2023-05-14 14:09:16,996 [INFO] IPUIPlugin:80 - create IPUIPlugin
2023-05-14 14:09:16,996 [INFO] IPUIPlugin:80 - create IPUIPlugin
2023-05-14 14:09:16,996 [INFO] IPUIPlugin:80 - create IPUIPlugin
2023-05-14 14:09:16,996 [INFO] IPUIPlugin:80 - create IPUIPlugin
2023-05-14 14:09:16,996 [INFO] IPUIPlugin:80 - create IPUIPlugin
2023-05-14 14:09:16,996 [INFO] IPUIPlugin:80 - create IPUIPlugin
2023-05-14 14:09:16,996 [INFO] IPUIPlugin:80 - create IPUIPlugin
2023-05-14 14:09:16,997 [INFO] IPUIPlugin:80 - create IPUIPlugin
2023-05-14 14:09:16,997 [INFO] IPUIPlugin:80 - create IPUIPlugin
2023-05-14 14:09:17,094 [INFO] CADModel:165 - CPN selected for project levelSTM32F303VCT6
2023-05-14 14:09:17,094 [INFO] CADModel:114 - Register for checkConnection events
2023-05-14 14:09:17,140 [INFO] OpenFileManager:328 - Restore cursor
2023-05-14 14:09:17,351 [WARN] IP:2113 - lpm_enable not found: check if there is a RefParameter without a condition.
2023-05-14 14:09:17,352 [WARN] IP:2113 - lpm_enable not found: check if there is a RefParameter without a condition.
2023-05-14 14:09:40,766 [INFO] MainUpdater:2854 - connection check result : 10
2023-05-14 14:09:40,768 [INFO] MainUpdater:2854 - connection check result : 10
2023-05-14 14:09:40,904 [INFO] I2cTimingTraitement:330 - 0x2000090E
2023-05-14 14:09:40,907 [INFO] MicroXplorer:468 - Change Database Path : 
2023-05-14 14:09:40,907 [INFO] MicroXplorer:498 - Change Database Version : DB.6.0.80
2023-05-14 14:09:40,963 [WARN] ThirdParty:871 - waiting for thirdparty lock release [close project]
2023-05-14 14:09:40,963 [INFO] ThirdParty:873 - entering critical section [close project]
2023-05-14 14:09:40,963 [INFO] ThirdParty:883 - exiting critical section [close project]
2023-05-14 14:09:40,964 [INFO] PinOutPanel:1499 - setPackage(No Configuration,No Configuration)
2023-05-14 14:09:40,966 [INFO] UtilMem:75 - Begin LoadConfig() Used Memory: 600523496 Bytes (934281216)
2023-05-14 14:09:40,966 [INFO] MicroXplorer:468 - Change Database Path : 
2023-05-14 14:09:40,966 [INFO] MicroXplorer:498 - Change Database Version : DB.6.0.80
2023-05-14 14:09:40,966 [INFO] OpenFileManager:308 - Change cursor
2023-05-14 14:09:40,974 [INFO] Mcu:1937 - Initializing MCU STM32F303V(B-C)Tx STM32F303VCTx STM32F303VCT6
2023-05-14 14:09:41,900 [INFO] Context:659 - Trying to add GPIOservice into a context  which must be forbidden
2023-05-14 14:09:42,364 [INFO] RtosManager:555 - Registered RTOS mode: class=CMSIS, group=RTOS, mode=CMSIS_V1, owner=FREERTOS
2023-05-14 14:09:42,368 [INFO] RtosManager:555 - Registered RTOS mode: class=CMSIS, group=RTOS2, mode=CMSIS_V2, owner=FREERTOS
2023-05-14 14:09:42,368 [INFO] RtosManager:555 - Registered RTOS mode: class=RTOS, group=Core, mode=CMSIS_V1, owner=FREERTOS
2023-05-14 14:09:42,368 [INFO] RtosManager:555 - Registered RTOS mode: class=RTOS, group=Core, mode=CMSIS_V2, owner=FREERTOS
2023-05-14 14:09:42,368 [WARN] ModelIntegratedComponent:184 - Missing modes for component STMicroelectronics:FreeRTOS:0.0.1:STMicroelectronics:RTOS:FreeRTOS:Core:::10.2.0:
2023-05-14 14:09:42,379 [WARN] ModelIntegratedComponent:63 - No mode defined for component null
2023-05-14 14:09:42,379 [WARN] ModelIntegratedComponent:63 - No mode defined for component null
2023-05-14 14:09:42,379 [WARN] ModelIntegratedComponent:63 - No mode defined for component null
2023-05-14 14:09:42,379 [WARN] ModelIntegratedComponent:63 - No mode defined for component null
2023-05-14 14:09:42,379 [WARN] ModelIntegratedComponent:63 - No mode defined for component null
2023-05-14 14:09:42,379 [WARN] ModelIntegratedComponent:63 - No mode defined for component null
2023-05-14 14:09:42,379 [WARN] ModelIntegratedComponent:63 - No mode defined for component null
2023-05-14 14:09:42,379 [WARN] ModelIntegratedComponent:63 - No mode defined for component null
2023-05-14 14:09:42,379 [WARN] ModelIntegratedComponent:63 - No mode defined for component null
2023-05-14 14:09:42,379 [WARN] ModelIntegratedComponent:63 - No mode defined for component null
2023-05-14 14:09:42,379 [WARN] ModelIntegratedComponent:63 - No mode defined for component null
2023-05-14 14:09:42,379 [WARN] ModelIntegratedComponent:63 - No mode defined for component null
2023-05-14 14:09:42,379 [WARN] ModelIntegratedComponent:63 - No mode defined for component null
2023-05-14 14:09:42,379 [WARN] ModelIntegratedComponent:63 - No mode defined for component null
2023-05-14 14:09:42,380 [WARN] ModelIntegratedComponent:63 - No mode defined for component null
2023-05-14 14:09:42,380 [WARN] ModelIntegratedComponent:63 - No mode defined for component null
2023-05-14 14:09:42,380 [WARN] ModelIntegratedComponent:63 - No mode defined for component null
2023-05-14 14:09:42,380 [WARN] ModelIntegratedComponent:63 - No mode defined for component null
2023-05-14 14:09:42,380 [WARN] ModelIntegratedComponent:63 - No mode defined for component null
2023-05-14 14:09:42,380 [WARN] ModelIntegratedComponent:63 - No mode defined for component null
2023-05-14 14:09:42,380 [WARN] ModelIntegratedComponent:63 - No mode defined for component null
2023-05-14 14:09:42,380 [WARN] ModelIntegratedComponent:63 - No mode defined for component null
2023-05-14 14:09:42,380 [WARN] ModelIntegratedComponent:63 - No mode defined for component null
2023-05-14 14:09:42,380 [WARN] ModelIntegratedComponent:63 - No mode defined for component null
2023-05-14 14:09:42,380 [WARN] ModelIntegratedComponent:63 - No mode defined for component null
2023-05-14 14:09:42,380 [WARN] ModelIntegratedComponent:63 - No mode defined for component null
2023-05-14 14:09:42,380 [WARN] ModelIntegratedComponent:63 - No mode defined for component null
2023-05-14 14:09:42,380 [WARN] ModelIntegratedComponent:63 - No mode defined for component null
2023-05-14 14:09:42,380 [WARN] ModelIntegratedComponent:63 - No mode defined for component null
2023-05-14 14:09:42,380 [WARN] ModelIntegratedComponent:63 - No mode defined for component null
2023-05-14 14:09:42,380 [WARN] ModelIntegratedComponent:63 - No mode defined for component null
2023-05-14 14:09:42,380 [WARN] ModelIntegratedComponent:63 - No mode defined for component null
2023-05-14 14:09:42,380 [WARN] ModelIntegratedComponent:63 - No mode defined for component null
2023-05-14 14:09:42,460 [INFO] ThirdPartyModel:298 - Start build external matchings
2023-05-14 14:09:42,931 [INFO] ThirdPartyModel:316 - End build external matchings
2023-05-14 14:09:42,968 [INFO] ImportTextPane:194 - (OptionalMessage_ERROR) IP (RCC) : Invalid parameter (FamilyName)
2023-05-14 14:09:42,971 [INFO] ImportTextPane:194 - (OptionalMessage_ERROR) IP (RCC) : Invalid parameter (TIM2Freq_Value)
2023-05-14 14:09:43,165 [INFO] UtilMem:75 - End LoadConfig() Used Memory: 550910064 Bytes (934281216)
2023-05-14 14:09:43,257 [WARN] ThirdParty:833 - waiting for thirdparty lock release [change project]
2023-05-14 14:09:43,261 [INFO] ThirdParty:835 - entering critical section [change project]
2023-05-14 14:09:43,262 [INFO] ThirdParty:1030 - CMSIS Pack Vendor :STMicroelectronics X-CUBE-ISPU 1.1.0
2023-05-14 14:09:43,262 [INFO] ThirdParty:1030 - CMSIS Pack Vendor :RoweBots I-CUBE-UNISONRTOS 5.5.0-4
2023-05-14 14:09:43,262 [INFO] ThirdParty:1030 - CMSIS Pack Vendor :STMicroelectronics X-CUBE-GNSS1 6.0.0
2023-05-14 14:09:43,262 [INFO] ThirdParty:1030 - CMSIS Pack Vendor :STMicroelectronics USB_HOST 2.0.0
2023-05-14 14:09:43,262 [INFO] ThirdParty:1030 - CMSIS Pack Vendor :STMicroelectronics X-CUBE-AZRTOS-F4 1.1.0
2023-05-14 14:09:43,262 [INFO] ThirdParty:1030 - CMSIS Pack Vendor :STMicroelectronics LIBJPEG 8.0.0
2023-05-14 14:09:43,262 [INFO] ThirdParty:1030 - CMSIS Pack Vendor :STMicroelectronics X-CUBE-SMBUS 2.1.0
2023-05-14 14:09:43,262 [INFO] ThirdParty:1030 - CMSIS Pack Vendor :STMicroelectronics USB_DEVICE 3.0.0
2023-05-14 14:09:43,262 [INFO] ThirdParty:1030 - CMSIS Pack Vendor :STMicroelectronics X-CUBE-AI 8.0.0
2023-05-14 14:09:43,262 [INFO] ThirdParty:1030 - CMSIS Pack Vendor :STMicroelectronics X-CUBE-FREERTOS 1.0.0
2023-05-14 14:09:43,262 [INFO] ThirdParty:1030 - CMSIS Pack Vendor :STMicroelectronics X-CUBE-FREERTOS 1.0.1
2023-05-14 14:09:43,262 [INFO] ThirdParty:1030 - CMSIS Pack Vendor :STMicroelectronics X-CUBE-TOUCHGFX 4.21.1
2023-05-14 14:09:43,262 [INFO] ThirdParty:1030 - CMSIS Pack Vendor :STMicroelectronics X-CUBE-TOUCHGFX 4.21.3
2023-05-14 14:09:43,262 [INFO] ThirdParty:1030 - CMSIS Pack Vendor :STMicroelectronics X-CUBE-AZRTOS-F7 1.1.0
2023-05-14 14:09:43,262 [INFO] ThirdParty:1030 - CMSIS Pack Vendor :STMicroelectronics USB_DEVICE 2.0.0
2023-05-14 14:09:43,262 [INFO] ThirdParty:1030 - CMSIS Pack Vendor :STMicroelectronics X-CUBE-MEMS1 9.6.0
2023-05-14 14:09:43,262 [INFO] ThirdParty:1030 - CMSIS Pack Vendor :STMicroelectronics FP-SNS-MOTENV1 4.3.0
2023-05-14 14:09:43,262 [INFO] ThirdParty:1030 - CMSIS Pack Vendor :STMicroelectronics FP-SNS-FLIGHT1 5.0.0
2023-05-14 14:09:43,262 [INFO] ThirdParty:1030 - CMSIS Pack Vendor :STMicroelectronics X-CUBE-ALGOBUILD 1.3.0
2023-05-14 14:09:43,262 [INFO] ThirdParty:1030 - CMSIS Pack Vendor :STMicroelectronics X-CUBE-BLE1 6.2.4
2023-05-14 14:09:43,262 [INFO] ThirdParty:1030 - CMSIS Pack Vendor :STMicroelectronics X-CUBE-AZRTOS-L5 1.1.0
2023-05-14 14:09:43,262 [INFO] ThirdParty:1030 - CMSIS Pack Vendor :STMicroelectronics FreeRTOS 0.0.1
2023-05-14 14:09:43,262 [INFO] ThirdParty:1030 - CMSIS Pack Vendor :emotas I-CUBE-CANOPEN 1.1.3
2023-05-14 14:09:43,262 [INFO] ThirdParty:1030 - CMSIS Pack Vendor :STMicroelectronics X-CUBE-AZRTOS-G0 1.1.0
2023-05-14 14:09:43,262 [INFO] ThirdParty:1030 - CMSIS Pack Vendor :STMicroelectronics X-CUBE-BLEMGR 2.0.0
2023-05-14 14:09:43,262 [INFO] ThirdParty:1030 - CMSIS Pack Vendor :STMicroelectronics X-CUBE-SUBG2 5.0.0
2023-05-14 14:09:43,262 [INFO] ThirdParty:1030 - CMSIS Pack Vendor :STMicroelectronics X-CUBE-NFC4 3.0.0
2023-05-14 14:09:43,262 [INFO] ThirdParty:1030 - CMSIS Pack Vendor :STMicroelectronics STM32_WPAN 1.0.0
2023-05-14 14:09:43,262 [INFO] ThirdParty:1030 - CMSIS Pack Vendor :STMicroelectronics lwIP 2.0.3
2023-05-14 14:09:43,262 [INFO] ThirdParty:1030 - CMSIS Pack Vendor :STMicroelectronics USB_HOST 1.0.0
2023-05-14 14:09:43,262 [INFO] ThirdParty:1030 - CMSIS Pack Vendor :STMicroelectronics X-CUBE-AZRTOS-G4 2.0.0
2023-05-14 14:09:43,262 [INFO] ThirdParty:1030 - CMSIS Pack Vendor :STMicroelectronics PDM2PCM 3.1.0
2023-05-14 14:09:43,262 [INFO] ThirdParty:1030 - CMSIS Pack Vendor :STMicroelectronics X-CUBE-AZRTOS-H7 3.1.0
2023-05-14 14:09:43,262 [INFO] ThirdParty:1030 - CMSIS Pack Vendor :STMicroelectronics X-CUBE-TOF1 3.3.0
2023-05-14 14:09:43,262 [INFO] ThirdParty:1030 - CMSIS Pack Vendor :STMicroelectronics FP-ATR-ASTRA1 1.1.1
2023-05-14 14:09:43,262 [INFO] ThirdParty:1030 - CMSIS Pack Vendor :STMicroelectronics PDM2PCM 3.3.0
2023-05-14 14:09:43,262 [INFO] ThirdParty:1030 - CMSIS Pack Vendor :STMicroelectronics X-CUBE-DISPLAY 3.0.0
2023-05-14 14:09:43,262 [INFO] ThirdParty:1030 - CMSIS Pack Vendor :STMicroelectronics X-CUBE-AZRTOS-G4 1.0.0
2023-05-14 14:09:43,262 [INFO] ThirdParty:1030 - CMSIS Pack Vendor :STMicroelectronics FP-ATR-SIGFOX1 3.2.0
2023-05-14 14:09:43,262 [INFO] ThirdParty:1030 - CMSIS Pack Vendor :wolfSSL I-CUBE-wolfSSL 5.5.4
2023-05-14 14:09:43,262 [INFO] ThirdParty:1030 - CMSIS Pack Vendor :STMicroelectronics X-CUBE-AZRTOS-L4 1.0.0
2023-05-14 14:09:43,262 [INFO] ThirdParty:1030 - CMSIS Pack Vendor :STMicroelectronics HAL Drivers 0.0.0
2023-05-14 14:09:43,262 [INFO] ThirdParty:1030 - CMSIS Pack Vendor :STMicroelectronics MBEDTLS 2.16.2
2023-05-14 14:09:43,262 [INFO] ThirdParty:1030 - CMSIS Pack Vendor :STMicroelectronics MBEDTLS 2.14.1
2023-05-14 14:09:43,262 [INFO] ThirdParty:1030 - CMSIS Pack Vendor :STMicroelectronics X-CUBE-NFC7 1.0.0
2023-05-14 14:09:43,262 [INFO] ThirdParty:1030 - CMSIS Pack Vendor :STMicroelectronics X-CUBE-AZRTOS-WL 1.0.0
2023-05-14 14:09:43,262 [INFO] ThirdParty:1030 - CMSIS Pack Vendor :STMicroelectronics X-CUBE-EEPRMA1 4.1.0
2023-05-14 14:09:43,262 [INFO] ThirdParty:1030 - CMSIS Pack Vendor :portGmbH I-Cube-SoM-uGOAL 1.1.0
2023-05-14 14:09:43,262 [INFO] ThirdParty:1030 - CMSIS Pack Vendor :STMicroelectronics X-CUBE-ALS 1.0.1
2023-05-14 14:09:43,262 [INFO] ThirdParty:1030 - CMSIS Pack Vendor :STMicroelectronics X-CUBE-MEMS1 9.5.0
2023-05-14 14:09:43,262 [INFO] ThirdParty:1030 - CMSIS Pack Vendor :STMicroelectronics ThreadX 1.0.0
2023-05-14 14:09:43,263 [INFO] ThirdParty:1030 - CMSIS Pack Vendor :STMicroelectronics X-CUBE-AZRTOS-WB 1.1.0
2023-05-14 14:09:43,263 [INFO] ThirdParty:1030 - CMSIS Pack Vendor :SEGGER I-CUBE-embOS 1.3.1
2023-05-14 14:09:43,263 [INFO] ThirdParty:1030 - CMSIS Pack Vendor :STMicroelectronics USB_DEVICE 1.0.0
2023-05-14 14:09:43,263 [INFO] ThirdParty:1030 - CMSIS Pack Vendor :STMicroelectronics ThreadX 0.0.2
2023-05-14 14:09:43,263 [INFO] ThirdParty:1030 - CMSIS Pack Vendor :WES I-CUBE-Cesium 1.3.0
2023-05-14 14:09:43,263 [INFO] ThirdParty:1030 - CMSIS Pack Vendor :STMicroelectronics FP-ATR-ASTRA1 2.0.0
2023-05-14 14:09:43,263 [INFO] ThirdParty:1030 - CMSIS Pack Vendor :STMicroelectronics lwIP 2.1.2
2023-05-14 14:09:43,263 [INFO] ThirdParty:1030 - CMSIS Pack Vendor :STMicroelectronics X-CUBE-SFXS2LP1 4.0.0
2023-05-14 14:09:43,263 [INFO] ThirdParty:1030 - CMSIS Pack Vendor :STMicroelectronics X-CUBE-BLE2 3.3.0
2023-05-14 14:09:43,263 [INFO] ThirdParty:1030 - CMSIS Pack Vendor :STMicroelectronics X-CUBE-TOF1 3.2.0
2023-05-14 14:09:43,263 [INFO] ThirdParty:1030 - CMSIS Pack Vendor :STMicroelectronics PDM2PCM 3.2.0
2023-05-14 14:09:43,263 [INFO] ThirdParty:1030 - CMSIS Pack Vendor :STMicroelectronics X-CUBE-AZRTOS-H7 3.0.0
2023-05-14 14:09:43,267 [INFO] ThirdParty:841 - exiting critical section [change project]
2023-05-14 14:09:43,736 [INFO] PinOutPanel:1499 - setPackage(No Configuration,No Configuration)
2023-05-14 14:09:43,739 [INFO] PinOutPanel:1499 - setPackage(STM32F303VCTx,LQFP100)
2023-05-14 14:09:43,964 [INFO] UtilMem:75 - Before build in PCC Used Memory: 747726960 Bytes (934281216)
2023-05-14 14:09:44,220 [INFO] UtilMem:75 - After build in PCC Used Memory: 792815728 Bytes (934281216)
2023-05-14 14:09:44,275 [INFO] IPUIPlugin:80 - create IPUIPlugin
2023-05-14 14:09:44,276 [INFO] IPUIPlugin:80 - create IPUIPlugin
2023-05-14 14:09:44,276 [INFO] IPUIPlugin:80 - create IPUIPlugin
2023-05-14 14:09:44,276 [INFO] IPUIPlugin:80 - create IPUIPlugin
2023-05-14 14:09:44,278 [INFO] IPUIPlugin:80 - create IPUIPlugin
2023-05-14 14:09:44,278 [INFO] IPUIPlugin:80 - create IPUIPlugin
2023-05-14 14:09:44,278 [INFO] IPUIPlugin:80 - create IPUIPlugin
2023-05-14 14:09:44,278 [INFO] IPUIPlugin:80 - create IPUIPlugin
2023-05-14 14:09:44,278 [INFO] IPUIPlugin:80 - create IPUIPlugin
2023-05-14 14:09:44,278 [INFO] IPUIPlugin:80 - create IPUIPlugin
2023-05-14 14:09:44,278 [INFO] IPUIPlugin:80 - create IPUIPlugin
2023-05-14 14:09:44,278 [INFO] IPUIPlugin:80 - create IPUIPlugin
2023-05-14 14:09:44,278 [INFO] IPUIPlugin:80 - create IPUIPlugin
2023-05-14 14:09:44,278 [INFO] IPUIPlugin:80 - create IPUIPlugin
2023-05-14 14:09:44,278 [INFO] IPUIPlugin:80 - create IPUIPlugin
2023-05-14 14:09:44,282 [INFO] IPUIPlugin:80 - create IPUIPlugin
2023-05-14 14:09:44,284 [INFO] IPUIPlugin:80 - create IPUIPlugin
2023-05-14 14:09:44,285 [INFO] IPUIPlugin:80 - create IPUIPlugin
2023-05-14 14:09:44,291 [INFO] IPUIPlugin:80 - create IPUIPlugin
2023-05-14 14:09:44,291 [INFO] IPUIPlugin:80 - create IPUIPlugin
2023-05-14 14:09:44,292 [INFO] IPUIPlugin:80 - create IPUIPlugin
2023-05-14 14:09:44,292 [INFO] IPUIPlugin:80 - create IPUIPlugin
2023-05-14 14:09:44,292 [INFO] IPUIPlugin:80 - create IPUIPlugin
2023-05-14 14:09:44,293 [INFO] IPUIPlugin:80 - create IPUIPlugin
2023-05-14 14:09:44,293 [INFO] IPUIPlugin:80 - create IPUIPlugin
2023-05-14 14:09:44,293 [INFO] IPUIPlugin:80 - create IPUIPlugin
2023-05-14 14:09:44,293 [INFO] IPUIPlugin:80 - create IPUIPlugin
2023-05-14 14:09:44,293 [INFO] IPUIPlugin:80 - create IPUIPlugin
2023-05-14 14:09:44,293 [INFO] IPUIPlugin:80 - create IPUIPlugin
2023-05-14 14:09:44,293 [INFO] IPUIPlugin:80 - create IPUIPlugin
2023-05-14 14:09:44,293 [INFO] IPUIPlugin:80 - create IPUIPlugin
2023-05-14 14:09:44,294 [INFO] IPUIPlugin:80 - create IPUIPlugin
2023-05-14 14:09:44,294 [INFO] IPUIPlugin:80 - create IPUIPlugin
2023-05-14 14:09:44,294 [INFO] IPUIPlugin:80 - create IPUIPlugin
2023-05-14 14:09:44,294 [INFO] IPUIPlugin:80 - create IPUIPlugin
2023-05-14 14:09:44,294 [INFO] IPUIPlugin:80 - create IPUIPlugin
2023-05-14 14:09:44,294 [INFO] IPUIPlugin:80 - create IPUIPlugin
2023-05-14 14:09:44,294 [INFO] IPUIPlugin:80 - create IPUIPlugin
2023-05-14 14:09:44,294 [INFO] IPUIPlugin:80 - create IPUIPlugin
2023-05-14 14:09:44,294 [INFO] IPUIPlugin:80 - create IPUIPlugin
2023-05-14 14:09:44,294 [INFO] IPUIPlugin:80 - create IPUIPlugin
2023-05-14 14:09:44,294 [INFO] IPUIPlugin:80 - create IPUIPlugin
2023-05-14 14:09:44,294 [INFO] IPUIPlugin:80 - create IPUIPlugin
2023-05-14 14:09:44,294 [INFO] IPUIPlugin:80 - create IPUIPlugin
2023-05-14 14:09:44,295 [INFO] IPUIPlugin:80 - create IPUIPlugin
2023-05-14 14:09:44,295 [INFO] IPUIPlugin:80 - create IPUIPlugin
2023-05-14 14:09:44,295 [INFO] IPUIPlugin:80 - create IPUIPlugin
2023-05-14 14:09:44,295 [INFO] IPUIPlugin:80 - create IPUIPlugin
2023-05-14 14:09:44,295 [INFO] IPUIPlugin:80 - create IPUIPlugin
2023-05-14 14:09:44,295 [INFO] IPUIPlugin:80 - create IPUIPlugin
2023-05-14 14:09:44,296 [INFO] IPUIPlugin:80 - create IPUIPlugin
2023-05-14 14:09:44,296 [INFO] IPUIPlugin:80 - create IPUIPlugin
2023-05-14 14:09:44,296 [INFO] IPUIPlugin:80 - create IPUIPlugin
2023-05-14 14:09:44,296 [INFO] IPUIPlugin:80 - create IPUIPlugin
2023-05-14 14:09:44,296 [INFO] IPUIPlugin:80 - create IPUIPlugin
2023-05-14 14:09:44,455 [INFO] CADModel:165 - CPN selected for project levelSTM32F303VCT6
2023-05-14 14:09:44,457 [INFO] CADModel:114 - Register for checkConnection events
2023-05-14 14:09:44,501 [INFO] OpenFileManager:328 - Restore cursor
2023-05-14 14:09:44,636 [WARN] IP:2113 - lpm_enable not found: check if there is a RefParameter without a condition.
2023-05-14 14:09:44,636 [WARN] IP:2113 - lpm_enable not found: check if there is a RefParameter without a condition.
2023-05-14 14:09:51,352 [INFO] MainUpdater:2854 - connection check result : 10
2023-05-14 14:09:51,352 [INFO] MainUpdater:2854 - connection check result : 10
2023-05-14 14:09:52,062 [INFO] I2cTimingTraitement:330 - 0x2000090E
2023-05-14 14:09:52,102 [INFO] MicroXplorer:468 - Change Database Path : 
2023-05-14 14:09:52,102 [INFO] MicroXplorer:498 - Change Database Version : DB.6.0.80
2023-05-14 14:09:52,120 [WARN] ThirdParty:871 - waiting for thirdparty lock release [close project]
2023-05-14 14:09:52,120 [INFO] ThirdParty:873 - entering critical section [close project]
2023-05-14 14:09:52,120 [INFO] ThirdParty:883 - exiting critical section [close project]
2023-05-14 14:09:52,121 [INFO] PinOutPanel:1499 - setPackage(No Configuration,No Configuration)
2023-05-14 14:09:52,122 [INFO] UtilMem:75 - Begin LoadConfig() Used Memory: 805436408 Bytes (934281216)
2023-05-14 14:09:52,123 [INFO] MicroXplorer:468 - Change Database Path : 
2023-05-14 14:09:52,123 [INFO] MicroXplorer:498 - Change Database Version : DB.6.0.80
2023-05-14 14:09:52,123 [INFO] OpenFileManager:308 - Change cursor
2023-05-14 14:09:52,131 [INFO] Mcu:1937 - Initializing MCU STM32F303V(B-C)Tx STM32F303VCTx STM32F303VCT6
2023-05-14 14:09:53,103 [INFO] Context:659 - Trying to add GPIOservice into a context  which must be forbidden
2023-05-14 14:09:53,598 [INFO] RtosManager:555 - Registered RTOS mode: class=CMSIS, group=RTOS, mode=CMSIS_V1, owner=FREERTOS
2023-05-14 14:09:53,601 [INFO] RtosManager:555 - Registered RTOS mode: class=CMSIS, group=RTOS2, mode=CMSIS_V2, owner=FREERTOS
2023-05-14 14:09:53,601 [INFO] RtosManager:555 - Registered RTOS mode: class=RTOS, group=Core, mode=CMSIS_V1, owner=FREERTOS
2023-05-14 14:09:53,601 [INFO] RtosManager:555 - Registered RTOS mode: class=RTOS, group=Core, mode=CMSIS_V2, owner=FREERTOS
2023-05-14 14:09:53,601 [WARN] ModelIntegratedComponent:184 - Missing modes for component STMicroelectronics:FreeRTOS:0.0.1:STMicroelectronics:RTOS:FreeRTOS:Core:::10.2.0:
2023-05-14 14:09:53,608 [WARN] ModelIntegratedComponent:63 - No mode defined for component null
2023-05-14 14:09:53,608 [WARN] ModelIntegratedComponent:63 - No mode defined for component null
2023-05-14 14:09:53,608 [WARN] ModelIntegratedComponent:63 - No mode defined for component null
2023-05-14 14:09:53,608 [WARN] ModelIntegratedComponent:63 - No mode defined for component null
2023-05-14 14:09:53,608 [WARN] ModelIntegratedComponent:63 - No mode defined for component null
2023-05-14 14:09:53,608 [WARN] ModelIntegratedComponent:63 - No mode defined for component null
2023-05-14 14:09:53,608 [WARN] ModelIntegratedComponent:63 - No mode defined for component null
2023-05-14 14:09:53,608 [WARN] ModelIntegratedComponent:63 - No mode defined for component null
2023-05-14 14:09:53,608 [WARN] ModelIntegratedComponent:63 - No mode defined for component null
2023-05-14 14:09:53,608 [WARN] ModelIntegratedComponent:63 - No mode defined for component null
2023-05-14 14:09:53,608 [WARN] ModelIntegratedComponent:63 - No mode defined for component null
2023-05-14 14:09:53,608 [WARN] ModelIntegratedComponent:63 - No mode defined for component null
2023-05-14 14:09:53,608 [WARN] ModelIntegratedComponent:63 - No mode defined for component null
2023-05-14 14:09:53,608 [WARN] ModelIntegratedComponent:63 - No mode defined for component null
2023-05-14 14:09:53,608 [WARN] ModelIntegratedComponent:63 - No mode defined for component null
2023-05-14 14:09:53,608 [WARN] ModelIntegratedComponent:63 - No mode defined for component null
2023-05-14 14:09:53,608 [WARN] ModelIntegratedComponent:63 - No mode defined for component null
2023-05-14 14:09:53,608 [WARN] ModelIntegratedComponent:63 - No mode defined for component null
2023-05-14 14:09:53,608 [WARN] ModelIntegratedComponent:63 - No mode defined for component null
2023-05-14 14:09:53,608 [WARN] ModelIntegratedComponent:63 - No mode defined for component null
2023-05-14 14:09:53,608 [WARN] ModelIntegratedComponent:63 - No mode defined for component null
2023-05-14 14:09:53,608 [WARN] ModelIntegratedComponent:63 - No mode defined for component null
2023-05-14 14:09:53,608 [WARN] ModelIntegratedComponent:63 - No mode defined for component null
2023-05-14 14:09:53,608 [WARN] ModelIntegratedComponent:63 - No mode defined for component null
2023-05-14 14:09:53,608 [WARN] ModelIntegratedComponent:63 - No mode defined for component null
2023-05-14 14:09:53,608 [WARN] ModelIntegratedComponent:63 - No mode defined for component null
2023-05-14 14:09:53,608 [WARN] ModelIntegratedComponent:63 - No mode defined for component null
2023-05-14 14:09:53,608 [WARN] ModelIntegratedComponent:63 - No mode defined for component null
2023-05-14 14:09:53,608 [WARN] ModelIntegratedComponent:63 - No mode defined for component null
2023-05-14 14:09:53,608 [WARN] ModelIntegratedComponent:63 - No mode defined for component null
2023-05-14 14:09:53,608 [WARN] ModelIntegratedComponent:63 - No mode defined for component null
2023-05-14 14:09:53,608 [WARN] ModelIntegratedComponent:63 - No mode defined for component null
2023-05-14 14:09:53,608 [WARN] ModelIntegratedComponent:63 - No mode defined for component null
2023-05-14 14:09:53,681 [INFO] ThirdPartyModel:298 - Start build external matchings
2023-05-14 14:09:54,165 [INFO] ThirdPartyModel:316 - End build external matchings
2023-05-14 14:09:54,181 [INFO] ImportTextPane:194 - (OptionalMessage_ERROR) IP (DMA) : Parameter (Instance) has Id (TIM2_CH1) currently not set
2023-05-14 14:09:54,182 [INFO] ImportTextPane:194 - (OptionalMessage_ERROR) IP (DMA) : Parameter (Direction) has Id (TIM2_CH1) currently not set
2023-05-14 14:09:54,182 [INFO] ImportTextPane:194 - (OptionalMessage_ERROR) IP (DMA) : Parameter (PeriphInc) has Id (TIM2_CH1) currently not set
2023-05-14 14:09:54,182 [INFO] ImportTextPane:194 - (OptionalMessage_ERROR) IP (DMA) : Parameter (MemInc) has Id (TIM2_CH1) currently not set
2023-05-14 14:09:54,182 [INFO] ImportTextPane:194 - (OptionalMessage_ERROR) IP (DMA) : Parameter (PeriphDataAlignment) has Id (TIM2_CH1) currently not set
2023-05-14 14:09:54,182 [INFO] ImportTextPane:194 - (OptionalMessage_ERROR) IP (DMA) : Parameter (MemDataAlignment) has Id (TIM2_CH1) currently not set
2023-05-14 14:09:54,182 [INFO] ImportTextPane:194 - (OptionalMessage_ERROR) IP (DMA) : Parameter (Mode) has Id (TIM2_CH1) currently not set
2023-05-14 14:09:54,182 [INFO] ImportTextPane:194 - (OptionalMessage_ERROR) IP (DMA) : Parameter (Priority) has Id (TIM2_CH1) currently not set
2023-05-14 14:09:54,187 [INFO] ImportTextPane:194 - (OptionalMessage_ERROR) IP (RCC) : Invalid parameter (FamilyName)
2023-05-14 14:09:54,187 [INFO] ImportTextPane:194 - (OptionalMessage_ERROR) IP (RCC) : Invalid parameter (TIM2Freq_Value)
2023-05-14 14:09:54,488 [INFO] UtilMem:75 - End LoadConfig() Used Memory: 795863816 Bytes (934281216)
2023-05-14 14:09:54,516 [WARN] ThirdParty:833 - waiting for thirdparty lock release [change project]
2023-05-14 14:09:54,516 [INFO] ThirdParty:835 - entering critical section [change project]
2023-05-14 14:09:54,517 [INFO] ThirdParty:1030 - CMSIS Pack Vendor :STMicroelectronics X-CUBE-ISPU 1.1.0
2023-05-14 14:09:54,517 [INFO] ThirdParty:1030 - CMSIS Pack Vendor :RoweBots I-CUBE-UNISONRTOS 5.5.0-4
2023-05-14 14:09:54,517 [INFO] ThirdParty:1030 - CMSIS Pack Vendor :STMicroelectronics X-CUBE-GNSS1 6.0.0
2023-05-14 14:09:54,517 [INFO] ThirdParty:1030 - CMSIS Pack Vendor :STMicroelectronics USB_HOST 2.0.0
2023-05-14 14:09:54,517 [INFO] ThirdParty:1030 - CMSIS Pack Vendor :STMicroelectronics X-CUBE-AZRTOS-F4 1.1.0
2023-05-14 14:09:54,517 [INFO] ThirdParty:1030 - CMSIS Pack Vendor :STMicroelectronics LIBJPEG 8.0.0
2023-05-14 14:09:54,517 [INFO] ThirdParty:1030 - CMSIS Pack Vendor :STMicroelectronics X-CUBE-SMBUS 2.1.0
2023-05-14 14:09:54,517 [INFO] ThirdParty:1030 - CMSIS Pack Vendor :STMicroelectronics USB_DEVICE 3.0.0
2023-05-14 14:09:54,517 [INFO] ThirdParty:1030 - CMSIS Pack Vendor :STMicroelectronics X-CUBE-AI 8.0.0
2023-05-14 14:09:54,517 [INFO] ThirdParty:1030 - CMSIS Pack Vendor :STMicroelectronics X-CUBE-FREERTOS 1.0.0
2023-05-14 14:09:54,517 [INFO] ThirdParty:1030 - CMSIS Pack Vendor :STMicroelectronics X-CUBE-FREERTOS 1.0.1
2023-05-14 14:09:54,517 [INFO] ThirdParty:1030 - CMSIS Pack Vendor :STMicroelectronics X-CUBE-TOUCHGFX 4.21.1
2023-05-14 14:09:54,517 [INFO] ThirdParty:1030 - CMSIS Pack Vendor :STMicroelectronics X-CUBE-TOUCHGFX 4.21.3
2023-05-14 14:09:54,517 [INFO] ThirdParty:1030 - CMSIS Pack Vendor :STMicroelectronics X-CUBE-AZRTOS-F7 1.1.0
2023-05-14 14:09:54,517 [INFO] ThirdParty:1030 - CMSIS Pack Vendor :STMicroelectronics USB_DEVICE 2.0.0
2023-05-14 14:09:54,517 [INFO] ThirdParty:1030 - CMSIS Pack Vendor :STMicroelectronics X-CUBE-MEMS1 9.6.0
2023-05-14 14:09:54,517 [INFO] ThirdParty:1030 - CMSIS Pack Vendor :STMicroelectronics FP-SNS-MOTENV1 4.3.0
2023-05-14 14:09:54,517 [INFO] ThirdParty:1030 - CMSIS Pack Vendor :STMicroelectronics FP-SNS-FLIGHT1 5.0.0
2023-05-14 14:09:54,517 [INFO] ThirdParty:1030 - CMSIS Pack Vendor :STMicroelectronics X-CUBE-ALGOBUILD 1.3.0
2023-05-14 14:09:54,517 [INFO] ThirdParty:1030 - CMSIS Pack Vendor :STMicroelectronics X-CUBE-BLE1 6.2.4
2023-05-14 14:09:54,517 [INFO] ThirdParty:1030 - CMSIS Pack Vendor :STMicroelectronics X-CUBE-AZRTOS-L5 1.1.0
2023-05-14 14:09:54,517 [INFO] ThirdParty:1030 - CMSIS Pack Vendor :STMicroelectronics FreeRTOS 0.0.1
2023-05-14 14:09:54,517 [INFO] ThirdParty:1030 - CMSIS Pack Vendor :emotas I-CUBE-CANOPEN 1.1.3
2023-05-14 14:09:54,517 [INFO] ThirdParty:1030 - CMSIS Pack Vendor :STMicroelectronics X-CUBE-AZRTOS-G0 1.1.0
2023-05-14 14:09:54,517 [INFO] ThirdParty:1030 - CMSIS Pack Vendor :STMicroelectronics X-CUBE-BLEMGR 2.0.0
2023-05-14 14:09:54,517 [INFO] ThirdParty:1030 - CMSIS Pack Vendor :STMicroelectronics X-CUBE-SUBG2 5.0.0
2023-05-14 14:09:54,517 [INFO] ThirdParty:1030 - CMSIS Pack Vendor :STMicroelectronics X-CUBE-NFC4 3.0.0
2023-05-14 14:09:54,517 [INFO] ThirdParty:1030 - CMSIS Pack Vendor :STMicroelectronics STM32_WPAN 1.0.0
2023-05-14 14:09:54,517 [INFO] ThirdParty:1030 - CMSIS Pack Vendor :STMicroelectronics lwIP 2.0.3
2023-05-14 14:09:54,517 [INFO] ThirdParty:1030 - CMSIS Pack Vendor :STMicroelectronics USB_HOST 1.0.0
2023-05-14 14:09:54,517 [INFO] ThirdParty:1030 - CMSIS Pack Vendor :STMicroelectronics X-CUBE-AZRTOS-G4 2.0.0
2023-05-14 14:09:54,517 [INFO] ThirdParty:1030 - CMSIS Pack Vendor :STMicroelectronics PDM2PCM 3.1.0
2023-05-14 14:09:54,517 [INFO] ThirdParty:1030 - CMSIS Pack Vendor :STMicroelectronics X-CUBE-AZRTOS-H7 3.1.0
2023-05-14 14:09:54,517 [INFO] ThirdParty:1030 - CMSIS Pack Vendor :STMicroelectronics X-CUBE-TOF1 3.3.0
2023-05-14 14:09:54,517 [INFO] ThirdParty:1030 - CMSIS Pack Vendor :STMicroelectronics FP-ATR-ASTRA1 1.1.1
2023-05-14 14:09:54,517 [INFO] ThirdParty:1030 - CMSIS Pack Vendor :STMicroelectronics PDM2PCM 3.3.0
2023-05-14 14:09:54,517 [INFO] ThirdParty:1030 - CMSIS Pack Vendor :STMicroelectronics X-CUBE-DISPLAY 3.0.0
2023-05-14 14:09:54,517 [INFO] ThirdParty:1030 - CMSIS Pack Vendor :STMicroelectronics X-CUBE-AZRTOS-G4 1.0.0
2023-05-14 14:09:54,517 [INFO] ThirdParty:1030 - CMSIS Pack Vendor :STMicroelectronics FP-ATR-SIGFOX1 3.2.0
2023-05-14 14:09:54,517 [INFO] ThirdParty:1030 - CMSIS Pack Vendor :wolfSSL I-CUBE-wolfSSL 5.5.4
2023-05-14 14:09:54,517 [INFO] ThirdParty:1030 - CMSIS Pack Vendor :STMicroelectronics X-CUBE-AZRTOS-L4 1.0.0
2023-05-14 14:09:54,517 [INFO] ThirdParty:1030 - CMSIS Pack Vendor :STMicroelectronics HAL Drivers 0.0.0
2023-05-14 14:09:54,517 [INFO] ThirdParty:1030 - CMSIS Pack Vendor :STMicroelectronics MBEDTLS 2.16.2
2023-05-14 14:09:54,517 [INFO] ThirdParty:1030 - CMSIS Pack Vendor :STMicroelectronics MBEDTLS 2.14.1
2023-05-14 14:09:54,517 [INFO] ThirdParty:1030 - CMSIS Pack Vendor :STMicroelectronics X-CUBE-NFC7 1.0.0
2023-05-14 14:09:54,517 [INFO] ThirdParty:1030 - CMSIS Pack Vendor :STMicroelectronics X-CUBE-AZRTOS-WL 1.0.0
2023-05-14 14:09:54,517 [INFO] ThirdParty:1030 - CMSIS Pack Vendor :STMicroelectronics X-CUBE-EEPRMA1 4.1.0
2023-05-14 14:09:54,517 [INFO] ThirdParty:1030 - CMSIS Pack Vendor :portGmbH I-Cube-SoM-uGOAL 1.1.0
2023-05-14 14:09:54,517 [INFO] ThirdParty:1030 - CMSIS Pack Vendor :STMicroelectronics X-CUBE-ALS 1.0.1
2023-05-14 14:09:54,517 [INFO] ThirdParty:1030 - CMSIS Pack Vendor :STMicroelectronics X-CUBE-MEMS1 9.5.0
2023-05-14 14:09:54,517 [INFO] ThirdParty:1030 - CMSIS Pack Vendor :STMicroelectronics ThreadX 1.0.0
2023-05-14 14:09:54,517 [INFO] ThirdParty:1030 - CMSIS Pack Vendor :STMicroelectronics X-CUBE-AZRTOS-WB 1.1.0
2023-05-14 14:09:54,517 [INFO] ThirdParty:1030 - CMSIS Pack Vendor :SEGGER I-CUBE-embOS 1.3.1
2023-05-14 14:09:54,517 [INFO] ThirdParty:1030 - CMSIS Pack Vendor :STMicroelectronics USB_DEVICE 1.0.0
2023-05-14 14:09:54,517 [INFO] ThirdParty:1030 - CMSIS Pack Vendor :STMicroelectronics ThreadX 0.0.2
2023-05-14 14:09:54,518 [INFO] ThirdParty:1030 - CMSIS Pack Vendor :WES I-CUBE-Cesium 1.3.0
2023-05-14 14:09:54,518 [INFO] ThirdParty:1030 - CMSIS Pack Vendor :STMicroelectronics FP-ATR-ASTRA1 2.0.0
2023-05-14 14:09:54,518 [INFO] ThirdParty:1030 - CMSIS Pack Vendor :STMicroelectronics lwIP 2.1.2
2023-05-14 14:09:54,518 [INFO] ThirdParty:1030 - CMSIS Pack Vendor :STMicroelectronics X-CUBE-SFXS2LP1 4.0.0
2023-05-14 14:09:54,518 [INFO] ThirdParty:1030 - CMSIS Pack Vendor :STMicroelectronics X-CUBE-BLE2 3.3.0
2023-05-14 14:09:54,518 [INFO] ThirdParty:1030 - CMSIS Pack Vendor :STMicroelectronics X-CUBE-TOF1 3.2.0
2023-05-14 14:09:54,518 [INFO] ThirdParty:1030 - CMSIS Pack Vendor :STMicroelectronics PDM2PCM 3.2.0
2023-05-14 14:09:54,518 [INFO] ThirdParty:1030 - CMSIS Pack Vendor :STMicroelectronics X-CUBE-AZRTOS-H7 3.0.0
2023-05-14 14:09:54,519 [INFO] ThirdParty:841 - exiting critical section [change project]
2023-05-14 14:09:54,941 [INFO] PinOutPanel:1499 - setPackage(No Configuration,No Configuration)
2023-05-14 14:09:54,947 [INFO] PinOutPanel:1499 - setPackage(STM32F303VCTx,LQFP100)
2023-05-14 14:09:55,191 [INFO] UtilMem:75 - Before build in PCC Used Memory: 559907896 Bytes (934281216)
2023-05-14 14:09:55,342 [INFO] UtilMem:75 - After build in PCC Used Memory: 604474424 Bytes (934281216)
2023-05-14 14:09:55,383 [INFO] IPUIPlugin:80 - create IPUIPlugin
2023-05-14 14:09:55,383 [INFO] IPUIPlugin:80 - create IPUIPlugin
2023-05-14 14:09:55,383 [INFO] IPUIPlugin:80 - create IPUIPlugin
2023-05-14 14:09:55,383 [INFO] IPUIPlugin:80 - create IPUIPlugin
2023-05-14 14:09:55,383 [INFO] IPUIPlugin:80 - create IPUIPlugin
2023-05-14 14:09:55,383 [INFO] IPUIPlugin:80 - create IPUIPlugin
2023-05-14 14:09:55,383 [INFO] IPUIPlugin:80 - create IPUIPlugin
2023-05-14 14:09:55,384 [INFO] IPUIPlugin:80 - create IPUIPlugin
2023-05-14 14:09:55,384 [INFO] IPUIPlugin:80 - create IPUIPlugin
2023-05-14 14:09:55,384 [INFO] IPUIPlugin:80 - create IPUIPlugin
2023-05-14 14:09:55,384 [INFO] IPUIPlugin:80 - create IPUIPlugin
2023-05-14 14:09:55,384 [INFO] IPUIPlugin:80 - create IPUIPlugin
2023-05-14 14:09:55,384 [INFO] IPUIPlugin:80 - create IPUIPlugin
2023-05-14 14:09:55,384 [INFO] IPUIPlugin:80 - create IPUIPlugin
2023-05-14 14:09:55,384 [INFO] IPUIPlugin:80 - create IPUIPlugin
2023-05-14 14:09:55,384 [INFO] IPUIPlugin:80 - create IPUIPlugin
2023-05-14 14:09:55,384 [INFO] IPUIPlugin:80 - create IPUIPlugin
2023-05-14 14:09:55,384 [INFO] IPUIPlugin:80 - create IPUIPlugin
2023-05-14 14:09:55,385 [INFO] IPUIPlugin:80 - create IPUIPlugin
2023-05-14 14:09:55,385 [INFO] IPUIPlugin:80 - create IPUIPlugin
2023-05-14 14:09:55,385 [INFO] IPUIPlugin:80 - create IPUIPlugin
2023-05-14 14:09:55,385 [INFO] IPUIPlugin:80 - create IPUIPlugin
2023-05-14 14:09:55,385 [INFO] IPUIPlugin:80 - create IPUIPlugin
2023-05-14 14:09:55,385 [INFO] IPUIPlugin:80 - create IPUIPlugin
2023-05-14 14:09:55,385 [INFO] IPUIPlugin:80 - create IPUIPlugin
2023-05-14 14:09:55,385 [INFO] IPUIPlugin:80 - create IPUIPlugin
2023-05-14 14:09:55,385 [INFO] IPUIPlugin:80 - create IPUIPlugin
2023-05-14 14:09:55,385 [INFO] IPUIPlugin:80 - create IPUIPlugin
2023-05-14 14:09:55,386 [INFO] IPUIPlugin:80 - create IPUIPlugin
2023-05-14 14:09:55,386 [INFO] IPUIPlugin:80 - create IPUIPlugin
2023-05-14 14:09:55,386 [INFO] IPUIPlugin:80 - create IPUIPlugin
2023-05-14 14:09:55,386 [INFO] IPUIPlugin:80 - create IPUIPlugin
2023-05-14 14:09:55,386 [INFO] IPUIPlugin:80 - create IPUIPlugin
2023-05-14 14:09:55,386 [INFO] IPUIPlugin:80 - create IPUIPlugin
2023-05-14 14:09:55,386 [INFO] IPUIPlugin:80 - create IPUIPlugin
2023-05-14 14:09:55,386 [INFO] IPUIPlugin:80 - create IPUIPlugin
2023-05-14 14:09:55,386 [INFO] IPUIPlugin:80 - create IPUIPlugin
2023-05-14 14:09:55,386 [INFO] IPUIPlugin:80 - create IPUIPlugin
2023-05-14 14:09:55,386 [INFO] IPUIPlugin:80 - create IPUIPlugin
2023-05-14 14:09:55,386 [INFO] IPUIPlugin:80 - create IPUIPlugin
2023-05-14 14:09:55,387 [INFO] IPUIPlugin:80 - create IPUIPlugin
2023-05-14 14:09:55,387 [INFO] IPUIPlugin:80 - create IPUIPlugin
2023-05-14 14:09:55,387 [INFO] IPUIPlugin:80 - create IPUIPlugin
2023-05-14 14:09:55,387 [INFO] IPUIPlugin:80 - create IPUIPlugin
2023-05-14 14:09:55,387 [INFO] IPUIPlugin:80 - create IPUIPlugin
2023-05-14 14:09:55,387 [INFO] IPUIPlugin:80 - create IPUIPlugin
2023-05-14 14:09:55,387 [INFO] IPUIPlugin:80 - create IPUIPlugin
2023-05-14 14:09:55,387 [INFO] IPUIPlugin:80 - create IPUIPlugin
2023-05-14 14:09:55,387 [INFO] IPUIPlugin:80 - create IPUIPlugin
2023-05-14 14:09:55,387 [INFO] IPUIPlugin:80 - create IPUIPlugin
2023-05-14 14:09:55,387 [INFO] IPUIPlugin:80 - create IPUIPlugin
2023-05-14 14:09:55,387 [INFO] IPUIPlugin:80 - create IPUIPlugin
2023-05-14 14:09:55,388 [INFO] IPUIPlugin:80 - create IPUIPlugin
2023-05-14 14:09:55,388 [INFO] IPUIPlugin:80 - create IPUIPlugin
2023-05-14 14:09:55,388 [INFO] IPUIPlugin:80 - create IPUIPlugin
2023-05-14 14:09:55,599 [INFO] CADModel:165 - CPN selected for project levelSTM32F303VCT6
2023-05-14 14:09:55,602 [INFO] CADModel:114 - Register for checkConnection events
2023-05-14 14:09:55,661 [INFO] OpenFileManager:328 - Restore cursor
2023-05-14 14:09:55,847 [WARN] IP:2113 - lpm_enable not found: check if there is a RefParameter without a condition.
2023-05-14 14:09:55,848 [WARN] IP:2113 - lpm_enable not found: check if there is a RefParameter without a condition.
2023-05-14 14:10:42,414 [INFO] MainUpdater:2854 - connection check result : 10
2023-05-14 14:10:42,417 [INFO] MainUpdater:2854 - connection check result : 10
2023-05-14 14:10:42,615 [INFO] I2cTimingTraitement:330 - 0x2000090E
2023-05-14 14:10:42,618 [INFO] MicroXplorer:468 - Change Database Path : 
2023-05-14 14:10:42,619 [INFO] MicroXplorer:498 - Change Database Version : DB.6.0.80
2023-05-14 14:10:42,742 [WARN] ThirdParty:871 - waiting for thirdparty lock release [close project]
2023-05-14 14:10:42,742 [INFO] ThirdParty:873 - entering critical section [close project]
2023-05-14 14:10:42,742 [INFO] ThirdParty:883 - exiting critical section [close project]
2023-05-14 14:10:42,747 [INFO] PinOutPanel:1499 - setPackage(No Configuration,No Configuration)
2023-05-14 14:10:42,756 [INFO] UtilMem:75 - Begin LoadConfig() Used Memory: 738641392 Bytes (934281216)
2023-05-14 14:10:42,756 [INFO] MicroXplorer:468 - Change Database Path : 
2023-05-14 14:10:42,756 [INFO] MicroXplorer:498 - Change Database Version : DB.6.0.80
2023-05-14 14:10:42,756 [INFO] OpenFileManager:308 - Change cursor
2023-05-14 14:10:42,768 [INFO] Mcu:1937 - Initializing MCU STM32F303V(B-C)Tx STM32F303VCTx STM32F303VCT6
2023-05-14 14:10:43,722 [INFO] Context:659 - Trying to add GPIOservice into a context  which must be forbidden
2023-05-14 14:10:44,118 [INFO] RtosManager:555 - Registered RTOS mode: class=CMSIS, group=RTOS, mode=CMSIS_V1, owner=FREERTOS
2023-05-14 14:10:44,118 [INFO] RtosManager:555 - Registered RTOS mode: class=CMSIS, group=RTOS2, mode=CMSIS_V2, owner=FREERTOS
2023-05-14 14:10:44,118 [INFO] RtosManager:555 - Registered RTOS mode: class=RTOS, group=Core, mode=CMSIS_V1, owner=FREERTOS
2023-05-14 14:10:44,118 [INFO] RtosManager:555 - Registered RTOS mode: class=RTOS, group=Core, mode=CMSIS_V2, owner=FREERTOS
2023-05-14 14:10:44,118 [WARN] ModelIntegratedComponent:184 - Missing modes for component STMicroelectronics:FreeRTOS:0.0.1:STMicroelectronics:RTOS:FreeRTOS:Core:::10.2.0:
2023-05-14 14:10:44,124 [WARN] ModelIntegratedComponent:63 - No mode defined for component null
2023-05-14 14:10:44,124 [WARN] ModelIntegratedComponent:63 - No mode defined for component null
2023-05-14 14:10:44,124 [WARN] ModelIntegratedComponent:63 - No mode defined for component null
2023-05-14 14:10:44,124 [WARN] ModelIntegratedComponent:63 - No mode defined for component null
2023-05-14 14:10:44,124 [WARN] ModelIntegratedComponent:63 - No mode defined for component null
2023-05-14 14:10:44,124 [WARN] ModelIntegratedComponent:63 - No mode defined for component null
2023-05-14 14:10:44,124 [WARN] ModelIntegratedComponent:63 - No mode defined for component null
2023-05-14 14:10:44,124 [WARN] ModelIntegratedComponent:63 - No mode defined for component null
2023-05-14 14:10:44,124 [WARN] ModelIntegratedComponent:63 - No mode defined for component null
2023-05-14 14:10:44,124 [WARN] ModelIntegratedComponent:63 - No mode defined for component null
2023-05-14 14:10:44,124 [WARN] ModelIntegratedComponent:63 - No mode defined for component null
2023-05-14 14:10:44,124 [WARN] ModelIntegratedComponent:63 - No mode defined for component null
2023-05-14 14:10:44,124 [WARN] ModelIntegratedComponent:63 - No mode defined for component null
2023-05-14 14:10:44,124 [WARN] ModelIntegratedComponent:63 - No mode defined for component null
2023-05-14 14:10:44,124 [WARN] ModelIntegratedComponent:63 - No mode defined for component null
2023-05-14 14:10:44,124 [WARN] ModelIntegratedComponent:63 - No mode defined for component null
2023-05-14 14:10:44,124 [WARN] ModelIntegratedComponent:63 - No mode defined for component null
2023-05-14 14:10:44,124 [WARN] ModelIntegratedComponent:63 - No mode defined for component null
2023-05-14 14:10:44,124 [WARN] ModelIntegratedComponent:63 - No mode defined for component null
2023-05-14 14:10:44,125 [WARN] ModelIntegratedComponent:63 - No mode defined for component null
2023-05-14 14:10:44,125 [WARN] ModelIntegratedComponent:63 - No mode defined for component null
2023-05-14 14:10:44,125 [WARN] ModelIntegratedComponent:63 - No mode defined for component null
2023-05-14 14:10:44,125 [WARN] ModelIntegratedComponent:63 - No mode defined for component null
2023-05-14 14:10:44,125 [WARN] ModelIntegratedComponent:63 - No mode defined for component null
2023-05-14 14:10:44,125 [WARN] ModelIntegratedComponent:63 - No mode defined for component null
2023-05-14 14:10:44,125 [WARN] ModelIntegratedComponent:63 - No mode defined for component null
2023-05-14 14:10:44,125 [WARN] ModelIntegratedComponent:63 - No mode defined for component null
2023-05-14 14:10:44,125 [WARN] ModelIntegratedComponent:63 - No mode defined for component null
2023-05-14 14:10:44,125 [WARN] ModelIntegratedComponent:63 - No mode defined for component null
2023-05-14 14:10:44,125 [WARN] ModelIntegratedComponent:63 - No mode defined for component null
2023-05-14 14:10:44,125 [WARN] ModelIntegratedComponent:63 - No mode defined for component null
2023-05-14 14:10:44,125 [WARN] ModelIntegratedComponent:63 - No mode defined for component null
2023-05-14 14:10:44,125 [WARN] ModelIntegratedComponent:63 - No mode defined for component null
2023-05-14 14:10:44,198 [INFO] ThirdPartyModel:298 - Start build external matchings
2023-05-14 14:10:44,744 [INFO] ThirdPartyModel:316 - End build external matchings
2023-05-14 14:10:44,783 [INFO] ImportTextPane:194 - (OptionalMessage_ERROR) IP (RCC) : Invalid parameter (FamilyName)
2023-05-14 14:10:44,785 [INFO] ImportTextPane:194 - (OptionalMessage_ERROR) IP (RCC) : Invalid parameter (TIM2Freq_Value)
2023-05-14 14:10:44,983 [INFO] UtilMem:75 - End LoadConfig() Used Memory: 566159856 Bytes (934281216)
2023-05-14 14:10:45,025 [WARN] ThirdParty:833 - waiting for thirdparty lock release [change project]
2023-05-14 14:10:45,025 [INFO] ThirdParty:835 - entering critical section [change project]
2023-05-14 14:10:45,025 [INFO] ThirdParty:1030 - CMSIS Pack Vendor :STMicroelectronics X-CUBE-ISPU 1.1.0
2023-05-14 14:10:45,025 [INFO] ThirdParty:1030 - CMSIS Pack Vendor :RoweBots I-CUBE-UNISONRTOS 5.5.0-4
2023-05-14 14:10:45,025 [INFO] ThirdParty:1030 - CMSIS Pack Vendor :STMicroelectronics X-CUBE-GNSS1 6.0.0
2023-05-14 14:10:45,025 [INFO] ThirdParty:1030 - CMSIS Pack Vendor :STMicroelectronics USB_HOST 2.0.0
2023-05-14 14:10:45,025 [INFO] ThirdParty:1030 - CMSIS Pack Vendor :STMicroelectronics X-CUBE-AZRTOS-F4 1.1.0
2023-05-14 14:10:45,025 [INFO] ThirdParty:1030 - CMSIS Pack Vendor :STMicroelectronics LIBJPEG 8.0.0
2023-05-14 14:10:45,025 [INFO] ThirdParty:1030 - CMSIS Pack Vendor :STMicroelectronics X-CUBE-SMBUS 2.1.0
2023-05-14 14:10:45,025 [INFO] ThirdParty:1030 - CMSIS Pack Vendor :STMicroelectronics USB_DEVICE 3.0.0
2023-05-14 14:10:45,025 [INFO] ThirdParty:1030 - CMSIS Pack Vendor :STMicroelectronics X-CUBE-AI 8.0.0
2023-05-14 14:10:45,025 [INFO] ThirdParty:1030 - CMSIS Pack Vendor :STMicroelectronics X-CUBE-FREERTOS 1.0.0
2023-05-14 14:10:45,025 [INFO] ThirdParty:1030 - CMSIS Pack Vendor :STMicroelectronics X-CUBE-FREERTOS 1.0.1
2023-05-14 14:10:45,025 [INFO] ThirdParty:1030 - CMSIS Pack Vendor :STMicroelectronics X-CUBE-TOUCHGFX 4.21.1
2023-05-14 14:10:45,025 [INFO] ThirdParty:1030 - CMSIS Pack Vendor :STMicroelectronics X-CUBE-TOUCHGFX 4.21.3
2023-05-14 14:10:45,025 [INFO] ThirdParty:1030 - CMSIS Pack Vendor :STMicroelectronics X-CUBE-AZRTOS-F7 1.1.0
2023-05-14 14:10:45,025 [INFO] ThirdParty:1030 - CMSIS Pack Vendor :STMicroelectronics USB_DEVICE 2.0.0
2023-05-14 14:10:45,025 [INFO] ThirdParty:1030 - CMSIS Pack Vendor :STMicroelectronics X-CUBE-MEMS1 9.6.0
2023-05-14 14:10:45,025 [INFO] ThirdParty:1030 - CMSIS Pack Vendor :STMicroelectronics FP-SNS-MOTENV1 4.3.0
2023-05-14 14:10:45,025 [INFO] ThirdParty:1030 - CMSIS Pack Vendor :STMicroelectronics FP-SNS-FLIGHT1 5.0.0
2023-05-14 14:10:45,025 [INFO] ThirdParty:1030 - CMSIS Pack Vendor :STMicroelectronics X-CUBE-ALGOBUILD 1.3.0
2023-05-14 14:10:45,025 [INFO] ThirdParty:1030 - CMSIS Pack Vendor :STMicroelectronics X-CUBE-BLE1 6.2.4
2023-05-14 14:10:45,025 [INFO] ThirdParty:1030 - CMSIS Pack Vendor :STMicroelectronics X-CUBE-AZRTOS-L5 1.1.0
2023-05-14 14:10:45,025 [INFO] ThirdParty:1030 - CMSIS Pack Vendor :STMicroelectronics FreeRTOS 0.0.1
2023-05-14 14:10:45,025 [INFO] ThirdParty:1030 - CMSIS Pack Vendor :emotas I-CUBE-CANOPEN 1.1.3
2023-05-14 14:10:45,025 [INFO] ThirdParty:1030 - CMSIS Pack Vendor :STMicroelectronics X-CUBE-AZRTOS-G0 1.1.0
2023-05-14 14:10:45,025 [INFO] ThirdParty:1030 - CMSIS Pack Vendor :STMicroelectronics X-CUBE-BLEMGR 2.0.0
2023-05-14 14:10:45,025 [INFO] ThirdParty:1030 - CMSIS Pack Vendor :STMicroelectronics X-CUBE-SUBG2 5.0.0
2023-05-14 14:10:45,025 [INFO] ThirdParty:1030 - CMSIS Pack Vendor :STMicroelectronics X-CUBE-NFC4 3.0.0
2023-05-14 14:10:45,025 [INFO] ThirdParty:1030 - CMSIS Pack Vendor :STMicroelectronics STM32_WPAN 1.0.0
2023-05-14 14:10:45,025 [INFO] ThirdParty:1030 - CMSIS Pack Vendor :STMicroelectronics lwIP 2.0.3
2023-05-14 14:10:45,025 [INFO] ThirdParty:1030 - CMSIS Pack Vendor :STMicroelectronics USB_HOST 1.0.0
2023-05-14 14:10:45,025 [INFO] ThirdParty:1030 - CMSIS Pack Vendor :STMicroelectronics X-CUBE-AZRTOS-G4 2.0.0
2023-05-14 14:10:45,025 [INFO] ThirdParty:1030 - CMSIS Pack Vendor :STMicroelectronics PDM2PCM 3.1.0
2023-05-14 14:10:45,025 [INFO] ThirdParty:1030 - CMSIS Pack Vendor :STMicroelectronics X-CUBE-AZRTOS-H7 3.1.0
2023-05-14 14:10:45,025 [INFO] ThirdParty:1030 - CMSIS Pack Vendor :STMicroelectronics X-CUBE-TOF1 3.3.0
2023-05-14 14:10:45,025 [INFO] ThirdParty:1030 - CMSIS Pack Vendor :STMicroelectronics FP-ATR-ASTRA1 1.1.1
2023-05-14 14:10:45,025 [INFO] ThirdParty:1030 - CMSIS Pack Vendor :STMicroelectronics PDM2PCM 3.3.0
2023-05-14 14:10:45,025 [INFO] ThirdParty:1030 - CMSIS Pack Vendor :STMicroelectronics X-CUBE-DISPLAY 3.0.0
2023-05-14 14:10:45,026 [INFO] ThirdParty:1030 - CMSIS Pack Vendor :STMicroelectronics X-CUBE-AZRTOS-G4 1.0.0
2023-05-14 14:10:45,026 [INFO] ThirdParty:1030 - CMSIS Pack Vendor :STMicroelectronics FP-ATR-SIGFOX1 3.2.0
2023-05-14 14:10:45,026 [INFO] ThirdParty:1030 - CMSIS Pack Vendor :wolfSSL I-CUBE-wolfSSL 5.5.4
2023-05-14 14:10:45,026 [INFO] ThirdParty:1030 - CMSIS Pack Vendor :STMicroelectronics X-CUBE-AZRTOS-L4 1.0.0
2023-05-14 14:10:45,026 [INFO] ThirdParty:1030 - CMSIS Pack Vendor :STMicroelectronics HAL Drivers 0.0.0
2023-05-14 14:10:45,026 [INFO] ThirdParty:1030 - CMSIS Pack Vendor :STMicroelectronics MBEDTLS 2.16.2
2023-05-14 14:10:45,026 [INFO] ThirdParty:1030 - CMSIS Pack Vendor :STMicroelectronics MBEDTLS 2.14.1
2023-05-14 14:10:45,026 [INFO] ThirdParty:1030 - CMSIS Pack Vendor :STMicroelectronics X-CUBE-NFC7 1.0.0
2023-05-14 14:10:45,026 [INFO] ThirdParty:1030 - CMSIS Pack Vendor :STMicroelectronics X-CUBE-AZRTOS-WL 1.0.0
2023-05-14 14:10:45,026 [INFO] ThirdParty:1030 - CMSIS Pack Vendor :STMicroelectronics X-CUBE-EEPRMA1 4.1.0
2023-05-14 14:10:45,026 [INFO] ThirdParty:1030 - CMSIS Pack Vendor :portGmbH I-Cube-SoM-uGOAL 1.1.0
2023-05-14 14:10:45,026 [INFO] ThirdParty:1030 - CMSIS Pack Vendor :STMicroelectronics X-CUBE-ALS 1.0.1
2023-05-14 14:10:45,026 [INFO] ThirdParty:1030 - CMSIS Pack Vendor :STMicroelectronics X-CUBE-MEMS1 9.5.0
2023-05-14 14:10:45,026 [INFO] ThirdParty:1030 - CMSIS Pack Vendor :STMicroelectronics ThreadX 1.0.0
2023-05-14 14:10:45,026 [INFO] ThirdParty:1030 - CMSIS Pack Vendor :STMicroelectronics X-CUBE-AZRTOS-WB 1.1.0
2023-05-14 14:10:45,026 [INFO] ThirdParty:1030 - CMSIS Pack Vendor :SEGGER I-CUBE-embOS 1.3.1
2023-05-14 14:10:45,026 [INFO] ThirdParty:1030 - CMSIS Pack Vendor :STMicroelectronics USB_DEVICE 1.0.0
2023-05-14 14:10:45,026 [INFO] ThirdParty:1030 - CMSIS Pack Vendor :STMicroelectronics ThreadX 0.0.2
2023-05-14 14:10:45,026 [INFO] ThirdParty:1030 - CMSIS Pack Vendor :WES I-CUBE-Cesium 1.3.0
2023-05-14 14:10:45,026 [INFO] ThirdParty:1030 - CMSIS Pack Vendor :STMicroelectronics FP-ATR-ASTRA1 2.0.0
2023-05-14 14:10:45,026 [INFO] ThirdParty:1030 - CMSIS Pack Vendor :STMicroelectronics lwIP 2.1.2
2023-05-14 14:10:45,026 [INFO] ThirdParty:1030 - CMSIS Pack Vendor :STMicroelectronics X-CUBE-SFXS2LP1 4.0.0
2023-05-14 14:10:45,026 [INFO] ThirdParty:1030 - CMSIS Pack Vendor :STMicroelectronics X-CUBE-BLE2 3.3.0
2023-05-14 14:10:45,026 [INFO] ThirdParty:1030 - CMSIS Pack Vendor :STMicroelectronics X-CUBE-TOF1 3.2.0
2023-05-14 14:10:45,026 [INFO] ThirdParty:1030 - CMSIS Pack Vendor :STMicroelectronics PDM2PCM 3.2.0
2023-05-14 14:10:45,026 [INFO] ThirdParty:1030 - CMSIS Pack Vendor :STMicroelectronics X-CUBE-AZRTOS-H7 3.0.0
2023-05-14 14:10:45,027 [INFO] ThirdParty:841 - exiting critical section [change project]
2023-05-14 14:10:45,412 [INFO] PinOutPanel:1499 - setPackage(No Configuration,No Configuration)
2023-05-14 14:10:45,414 [INFO] PinOutPanel:1499 - setPackage(STM32F303VCTx,LQFP100)
2023-05-14 14:10:45,651 [INFO] UtilMem:75 - Before build in PCC Used Memory: 567788616 Bytes (934281216)
2023-05-14 14:10:45,811 [INFO] UtilMem:75 - After build in PCC Used Memory: 612355144 Bytes (934281216)
2023-05-14 14:10:45,832 [INFO] IPUIPlugin:80 - create IPUIPlugin
2023-05-14 14:10:45,832 [INFO] IPUIPlugin:80 - create IPUIPlugin
2023-05-14 14:10:45,832 [INFO] IPUIPlugin:80 - create IPUIPlugin
2023-05-14 14:10:45,832 [INFO] IPUIPlugin:80 - create IPUIPlugin
2023-05-14 14:10:45,832 [INFO] IPUIPlugin:80 - create IPUIPlugin
2023-05-14 14:10:45,832 [INFO] IPUIPlugin:80 - create IPUIPlugin
2023-05-14 14:10:45,832 [INFO] IPUIPlugin:80 - create IPUIPlugin
2023-05-14 14:10:45,832 [INFO] IPUIPlugin:80 - create IPUIPlugin
2023-05-14 14:10:45,832 [INFO] IPUIPlugin:80 - create IPUIPlugin
2023-05-14 14:10:45,833 [INFO] IPUIPlugin:80 - create IPUIPlugin
2023-05-14 14:10:45,833 [INFO] IPUIPlugin:80 - create IPUIPlugin
2023-05-14 14:10:45,833 [INFO] IPUIPlugin:80 - create IPUIPlugin
2023-05-14 14:10:45,833 [INFO] IPUIPlugin:80 - create IPUIPlugin
2023-05-14 14:10:45,833 [INFO] IPUIPlugin:80 - create IPUIPlugin
2023-05-14 14:10:45,833 [INFO] IPUIPlugin:80 - create IPUIPlugin
2023-05-14 14:10:45,833 [INFO] IPUIPlugin:80 - create IPUIPlugin
2023-05-14 14:10:45,833 [INFO] IPUIPlugin:80 - create IPUIPlugin
2023-05-14 14:10:45,833 [INFO] IPUIPlugin:80 - create IPUIPlugin
2023-05-14 14:10:45,833 [INFO] IPUIPlugin:80 - create IPUIPlugin
2023-05-14 14:10:45,833 [INFO] IPUIPlugin:80 - create IPUIPlugin
2023-05-14 14:10:45,834 [INFO] IPUIPlugin:80 - create IPUIPlugin
2023-05-14 14:10:45,834 [INFO] IPUIPlugin:80 - create IPUIPlugin
2023-05-14 14:10:45,834 [INFO] IPUIPlugin:80 - create IPUIPlugin
2023-05-14 14:10:45,834 [INFO] IPUIPlugin:80 - create IPUIPlugin
2023-05-14 14:10:45,834 [INFO] IPUIPlugin:80 - create IPUIPlugin
2023-05-14 14:10:45,834 [INFO] IPUIPlugin:80 - create IPUIPlugin
2023-05-14 14:10:45,834 [INFO] IPUIPlugin:80 - create IPUIPlugin
2023-05-14 14:10:45,834 [INFO] IPUIPlugin:80 - create IPUIPlugin
2023-05-14 14:10:45,834 [INFO] IPUIPlugin:80 - create IPUIPlugin
2023-05-14 14:10:45,834 [INFO] IPUIPlugin:80 - create IPUIPlugin
2023-05-14 14:10:45,835 [INFO] IPUIPlugin:80 - create IPUIPlugin
2023-05-14 14:10:45,835 [INFO] IPUIPlugin:80 - create IPUIPlugin
2023-05-14 14:10:45,835 [INFO] IPUIPlugin:80 - create IPUIPlugin
2023-05-14 14:10:45,835 [INFO] IPUIPlugin:80 - create IPUIPlugin
2023-05-14 14:10:45,835 [INFO] IPUIPlugin:80 - create IPUIPlugin
2023-05-14 14:10:45,835 [INFO] IPUIPlugin:80 - create IPUIPlugin
2023-05-14 14:10:45,835 [INFO] IPUIPlugin:80 - create IPUIPlugin
2023-05-14 14:10:45,835 [INFO] IPUIPlugin:80 - create IPUIPlugin
2023-05-14 14:10:45,835 [INFO] IPUIPlugin:80 - create IPUIPlugin
2023-05-14 14:10:45,835 [INFO] IPUIPlugin:80 - create IPUIPlugin
2023-05-14 14:10:45,835 [INFO] IPUIPlugin:80 - create IPUIPlugin
2023-05-14 14:10:45,835 [INFO] IPUIPlugin:80 - create IPUIPlugin
2023-05-14 14:10:45,835 [INFO] IPUIPlugin:80 - create IPUIPlugin
2023-05-14 14:10:45,835 [INFO] IPUIPlugin:80 - create IPUIPlugin
2023-05-14 14:10:45,835 [INFO] IPUIPlugin:80 - create IPUIPlugin
2023-05-14 14:10:45,835 [INFO] IPUIPlugin:80 - create IPUIPlugin
2023-05-14 14:10:45,836 [INFO] IPUIPlugin:80 - create IPUIPlugin
2023-05-14 14:10:45,836 [INFO] IPUIPlugin:80 - create IPUIPlugin
2023-05-14 14:10:45,836 [INFO] IPUIPlugin:80 - create IPUIPlugin
2023-05-14 14:10:45,836 [INFO] IPUIPlugin:80 - create IPUIPlugin
2023-05-14 14:10:45,836 [INFO] IPUIPlugin:80 - create IPUIPlugin
2023-05-14 14:10:45,836 [INFO] IPUIPlugin:80 - create IPUIPlugin
2023-05-14 14:10:45,836 [INFO] IPUIPlugin:80 - create IPUIPlugin
2023-05-14 14:10:45,836 [INFO] IPUIPlugin:80 - create IPUIPlugin
2023-05-14 14:10:45,837 [INFO] IPUIPlugin:80 - create IPUIPlugin
2023-05-14 14:10:46,050 [INFO] CADModel:165 - CPN selected for project levelSTM32F303VCT6
2023-05-14 14:10:46,053 [INFO] CADModel:114 - Register for checkConnection events
2023-05-14 14:10:46,101 [INFO] OpenFileManager:328 - Restore cursor
2023-05-14 14:10:46,252 [WARN] IP:2113 - lpm_enable not found: check if there is a RefParameter without a condition.
2023-05-14 14:10:46,252 [WARN] IP:2113 - lpm_enable not found: check if there is a RefParameter without a condition.
2023-05-14 14:11:24,639 [INFO] MainUpdater:2854 - connection check result : 10
2023-05-14 14:11:24,642 [INFO] MainUpdater:2854 - connection check result : 10
2023-05-14 14:11:25,352 [INFO] I2cTimingTraitement:330 - 0x2000090E
2023-05-14 14:11:25,408 [INFO] MicroXplorer:468 - Change Database Path : 
2023-05-14 14:11:25,408 [INFO] MicroXplorer:498 - Change Database Version : DB.6.0.80
2023-05-14 14:11:25,449 [WARN] ThirdParty:871 - waiting for thirdparty lock release [close project]
2023-05-14 14:11:25,449 [INFO] ThirdParty:873 - entering critical section [close project]
2023-05-14 14:11:25,450 [INFO] ThirdParty:883 - exiting critical section [close project]
2023-05-14 14:11:25,451 [INFO] PinOutPanel:1499 - setPackage(No Configuration,No Configuration)
2023-05-14 14:11:25,454 [INFO] UtilMem:75 - Begin LoadConfig() Used Memory: 702310152 Bytes (934281216)
2023-05-14 14:11:25,454 [INFO] MicroXplorer:468 - Change Database Path : 
2023-05-14 14:11:25,454 [INFO] MicroXplorer:498 - Change Database Version : DB.6.0.80
2023-05-14 14:11:25,454 [INFO] OpenFileManager:308 - Change cursor
2023-05-14 14:11:25,465 [INFO] Mcu:1937 - Initializing MCU STM32F303V(B-C)Tx STM32F303VCTx STM32F303VCT6
2023-05-14 14:11:26,440 [INFO] Context:659 - Trying to add GPIOservice into a context  which must be forbidden
2023-05-14 14:11:26,821 [INFO] RtosManager:555 - Registered RTOS mode: class=CMSIS, group=RTOS, mode=CMSIS_V1, owner=FREERTOS
2023-05-14 14:11:26,821 [INFO] RtosManager:555 - Registered RTOS mode: class=CMSIS, group=RTOS2, mode=CMSIS_V2, owner=FREERTOS
2023-05-14 14:11:26,821 [INFO] RtosManager:555 - Registered RTOS mode: class=RTOS, group=Core, mode=CMSIS_V1, owner=FREERTOS
2023-05-14 14:11:26,821 [INFO] RtosManager:555 - Registered RTOS mode: class=RTOS, group=Core, mode=CMSIS_V2, owner=FREERTOS
2023-05-14 14:11:26,821 [WARN] ModelIntegratedComponent:184 - Missing modes for component STMicroelectronics:FreeRTOS:0.0.1:STMicroelectronics:RTOS:FreeRTOS:Core:::10.2.0:
2023-05-14 14:11:26,826 [WARN] ModelIntegratedComponent:63 - No mode defined for component null
2023-05-14 14:11:26,826 [WARN] ModelIntegratedComponent:63 - No mode defined for component null
2023-05-14 14:11:26,826 [WARN] ModelIntegratedComponent:63 - No mode defined for component null
2023-05-14 14:11:26,826 [WARN] ModelIntegratedComponent:63 - No mode defined for component null
2023-05-14 14:11:26,826 [WARN] ModelIntegratedComponent:63 - No mode defined for component null
2023-05-14 14:11:26,826 [WARN] ModelIntegratedComponent:63 - No mode defined for component null
2023-05-14 14:11:26,826 [WARN] ModelIntegratedComponent:63 - No mode defined for component null
2023-05-14 14:11:26,826 [WARN] ModelIntegratedComponent:63 - No mode defined for component null
2023-05-14 14:11:26,826 [WARN] ModelIntegratedComponent:63 - No mode defined for component null
2023-05-14 14:11:26,826 [WARN] ModelIntegratedComponent:63 - No mode defined for component null
2023-05-14 14:11:26,826 [WARN] ModelIntegratedComponent:63 - No mode defined for component null
2023-05-14 14:11:26,826 [WARN] ModelIntegratedComponent:63 - No mode defined for component null
2023-05-14 14:11:26,826 [WARN] ModelIntegratedComponent:63 - No mode defined for component null
2023-05-14 14:11:26,826 [WARN] ModelIntegratedComponent:63 - No mode defined for component null
2023-05-14 14:11:26,826 [WARN] ModelIntegratedComponent:63 - No mode defined for component null
2023-05-14 14:11:26,826 [WARN] ModelIntegratedComponent:63 - No mode defined for component null
2023-05-14 14:11:26,826 [WARN] ModelIntegratedComponent:63 - No mode defined for component null
2023-05-14 14:11:26,826 [WARN] ModelIntegratedComponent:63 - No mode defined for component null
2023-05-14 14:11:26,826 [WARN] ModelIntegratedComponent:63 - No mode defined for component null
2023-05-14 14:11:26,826 [WARN] ModelIntegratedComponent:63 - No mode defined for component null
2023-05-14 14:11:26,826 [WARN] ModelIntegratedComponent:63 - No mode defined for component null
2023-05-14 14:11:26,826 [WARN] ModelIntegratedComponent:63 - No mode defined for component null
2023-05-14 14:11:26,826 [WARN] ModelIntegratedComponent:63 - No mode defined for component null
2023-05-14 14:11:26,826 [WARN] ModelIntegratedComponent:63 - No mode defined for component null
2023-05-14 14:11:26,826 [WARN] ModelIntegratedComponent:63 - No mode defined for component null
2023-05-14 14:11:26,826 [WARN] ModelIntegratedComponent:63 - No mode defined for component null
2023-05-14 14:11:26,826 [WARN] ModelIntegratedComponent:63 - No mode defined for component null
2023-05-14 14:11:26,826 [WARN] ModelIntegratedComponent:63 - No mode defined for component null
2023-05-14 14:11:26,826 [WARN] ModelIntegratedComponent:63 - No mode defined for component null
2023-05-14 14:11:26,826 [WARN] ModelIntegratedComponent:63 - No mode defined for component null
2023-05-14 14:11:26,826 [WARN] ModelIntegratedComponent:63 - No mode defined for component null
2023-05-14 14:11:26,826 [WARN] ModelIntegratedComponent:63 - No mode defined for component null
2023-05-14 14:11:26,826 [WARN] ModelIntegratedComponent:63 - No mode defined for component null
2023-05-14 14:11:26,904 [INFO] ThirdPartyModel:298 - Start build external matchings
2023-05-14 14:11:27,458 [INFO] ThirdPartyModel:316 - End build external matchings
2023-05-14 14:11:27,500 [INFO] ImportTextPane:194 - (OptionalMessage_ERROR) IP (DMA) : Parameter (Instance) has Id (TIM2_CH1) currently not set
2023-05-14 14:11:27,500 [INFO] ImportTextPane:194 - (OptionalMessage_ERROR) IP (DMA) : Parameter (Direction) has Id (TIM2_CH1) currently not set
2023-05-14 14:11:27,501 [INFO] ImportTextPane:194 - (OptionalMessage_ERROR) IP (DMA) : Parameter (PeriphInc) has Id (TIM2_CH1) currently not set
2023-05-14 14:11:27,501 [INFO] ImportTextPane:194 - (OptionalMessage_ERROR) IP (DMA) : Parameter (MemInc) has Id (TIM2_CH1) currently not set
2023-05-14 14:11:27,501 [INFO] ImportTextPane:194 - (OptionalMessage_ERROR) IP (DMA) : Parameter (PeriphDataAlignment) has Id (TIM2_CH1) currently not set
2023-05-14 14:11:27,501 [INFO] ImportTextPane:194 - (OptionalMessage_ERROR) IP (DMA) : Parameter (MemDataAlignment) has Id (TIM2_CH1) currently not set
2023-05-14 14:11:27,501 [INFO] ImportTextPane:194 - (OptionalMessage_ERROR) IP (DMA) : Parameter (Mode) has Id (TIM2_CH1) currently not set
2023-05-14 14:11:27,501 [INFO] ImportTextPane:194 - (OptionalMessage_ERROR) IP (DMA) : Parameter (Priority) has Id (TIM2_CH1) currently not set
2023-05-14 14:11:27,506 [INFO] ImportTextPane:194 - (OptionalMessage_ERROR) IP (RCC) : Invalid parameter (FamilyName)
2023-05-14 14:11:27,509 [INFO] ImportTextPane:194 - (OptionalMessage_ERROR) IP (RCC) : Invalid parameter (TIM2Freq_Value)
2023-05-14 14:11:27,740 [INFO] UtilMem:75 - End LoadConfig() Used Memory: 584251792 Bytes (934281216)
2023-05-14 14:11:27,786 [WARN] ThirdParty:833 - waiting for thirdparty lock release [change project]
2023-05-14 14:11:27,786 [INFO] ThirdParty:835 - entering critical section [change project]
2023-05-14 14:11:27,786 [INFO] ThirdParty:1030 - CMSIS Pack Vendor :STMicroelectronics X-CUBE-ISPU 1.1.0
2023-05-14 14:11:27,786 [INFO] ThirdParty:1030 - CMSIS Pack Vendor :RoweBots I-CUBE-UNISONRTOS 5.5.0-4
2023-05-14 14:11:27,786 [INFO] ThirdParty:1030 - CMSIS Pack Vendor :STMicroelectronics X-CUBE-GNSS1 6.0.0
2023-05-14 14:11:27,786 [INFO] ThirdParty:1030 - CMSIS Pack Vendor :STMicroelectronics USB_HOST 2.0.0
2023-05-14 14:11:27,786 [INFO] ThirdParty:1030 - CMSIS Pack Vendor :STMicroelectronics X-CUBE-AZRTOS-F4 1.1.0
2023-05-14 14:11:27,786 [INFO] ThirdParty:1030 - CMSIS Pack Vendor :STMicroelectronics LIBJPEG 8.0.0
2023-05-14 14:11:27,786 [INFO] ThirdParty:1030 - CMSIS Pack Vendor :STMicroelectronics X-CUBE-SMBUS 2.1.0
2023-05-14 14:11:27,786 [INFO] ThirdParty:1030 - CMSIS Pack Vendor :STMicroelectronics USB_DEVICE 3.0.0
2023-05-14 14:11:27,786 [INFO] ThirdParty:1030 - CMSIS Pack Vendor :STMicroelectronics X-CUBE-AI 8.0.0
2023-05-14 14:11:27,786 [INFO] ThirdParty:1030 - CMSIS Pack Vendor :STMicroelectronics X-CUBE-FREERTOS 1.0.0
2023-05-14 14:11:27,786 [INFO] ThirdParty:1030 - CMSIS Pack Vendor :STMicroelectronics X-CUBE-FREERTOS 1.0.1
2023-05-14 14:11:27,786 [INFO] ThirdParty:1030 - CMSIS Pack Vendor :STMicroelectronics X-CUBE-TOUCHGFX 4.21.1
2023-05-14 14:11:27,786 [INFO] ThirdParty:1030 - CMSIS Pack Vendor :STMicroelectronics X-CUBE-TOUCHGFX 4.21.3
2023-05-14 14:11:27,786 [INFO] ThirdParty:1030 - CMSIS Pack Vendor :STMicroelectronics X-CUBE-AZRTOS-F7 1.1.0
2023-05-14 14:11:27,786 [INFO] ThirdParty:1030 - CMSIS Pack Vendor :STMicroelectronics USB_DEVICE 2.0.0
2023-05-14 14:11:27,786 [INFO] ThirdParty:1030 - CMSIS Pack Vendor :STMicroelectronics X-CUBE-MEMS1 9.6.0
2023-05-14 14:11:27,786 [INFO] ThirdParty:1030 - CMSIS Pack Vendor :STMicroelectronics FP-SNS-MOTENV1 4.3.0
2023-05-14 14:11:27,786 [INFO] ThirdParty:1030 - CMSIS Pack Vendor :STMicroelectronics FP-SNS-FLIGHT1 5.0.0
2023-05-14 14:11:27,786 [INFO] ThirdParty:1030 - CMSIS Pack Vendor :STMicroelectronics X-CUBE-ALGOBUILD 1.3.0
2023-05-14 14:11:27,786 [INFO] ThirdParty:1030 - CMSIS Pack Vendor :STMicroelectronics X-CUBE-BLE1 6.2.4
2023-05-14 14:11:27,786 [INFO] ThirdParty:1030 - CMSIS Pack Vendor :STMicroelectronics X-CUBE-AZRTOS-L5 1.1.0
2023-05-14 14:11:27,786 [INFO] ThirdParty:1030 - CMSIS Pack Vendor :STMicroelectronics FreeRTOS 0.0.1
2023-05-14 14:11:27,786 [INFO] ThirdParty:1030 - CMSIS Pack Vendor :emotas I-CUBE-CANOPEN 1.1.3
2023-05-14 14:11:27,786 [INFO] ThirdParty:1030 - CMSIS Pack Vendor :STMicroelectronics X-CUBE-AZRTOS-G0 1.1.0
2023-05-14 14:11:27,786 [INFO] ThirdParty:1030 - CMSIS Pack Vendor :STMicroelectronics X-CUBE-BLEMGR 2.0.0
2023-05-14 14:11:27,787 [INFO] ThirdParty:1030 - CMSIS Pack Vendor :STMicroelectronics X-CUBE-SUBG2 5.0.0
2023-05-14 14:11:27,787 [INFO] ThirdParty:1030 - CMSIS Pack Vendor :STMicroelectronics X-CUBE-NFC4 3.0.0
2023-05-14 14:11:27,787 [INFO] ThirdParty:1030 - CMSIS Pack Vendor :STMicroelectronics STM32_WPAN 1.0.0
2023-05-14 14:11:27,787 [INFO] ThirdParty:1030 - CMSIS Pack Vendor :STMicroelectronics lwIP 2.0.3
2023-05-14 14:11:27,787 [INFO] ThirdParty:1030 - CMSIS Pack Vendor :STMicroelectronics USB_HOST 1.0.0
2023-05-14 14:11:27,787 [INFO] ThirdParty:1030 - CMSIS Pack Vendor :STMicroelectronics X-CUBE-AZRTOS-G4 2.0.0
2023-05-14 14:11:27,787 [INFO] ThirdParty:1030 - CMSIS Pack Vendor :STMicroelectronics PDM2PCM 3.1.0
2023-05-14 14:11:27,787 [INFO] ThirdParty:1030 - CMSIS Pack Vendor :STMicroelectronics X-CUBE-AZRTOS-H7 3.1.0
2023-05-14 14:11:27,787 [INFO] ThirdParty:1030 - CMSIS Pack Vendor :STMicroelectronics X-CUBE-TOF1 3.3.0
2023-05-14 14:11:27,787 [INFO] ThirdParty:1030 - CMSIS Pack Vendor :STMicroelectronics FP-ATR-ASTRA1 1.1.1
2023-05-14 14:11:27,787 [INFO] ThirdParty:1030 - CMSIS Pack Vendor :STMicroelectronics PDM2PCM 3.3.0
2023-05-14 14:11:27,787 [INFO] ThirdParty:1030 - CMSIS Pack Vendor :STMicroelectronics X-CUBE-DISPLAY 3.0.0
2023-05-14 14:11:27,787 [INFO] ThirdParty:1030 - CMSIS Pack Vendor :STMicroelectronics X-CUBE-AZRTOS-G4 1.0.0
2023-05-14 14:11:27,787 [INFO] ThirdParty:1030 - CMSIS Pack Vendor :STMicroelectronics FP-ATR-SIGFOX1 3.2.0
2023-05-14 14:11:27,787 [INFO] ThirdParty:1030 - CMSIS Pack Vendor :wolfSSL I-CUBE-wolfSSL 5.5.4
2023-05-14 14:11:27,787 [INFO] ThirdParty:1030 - CMSIS Pack Vendor :STMicroelectronics X-CUBE-AZRTOS-L4 1.0.0
2023-05-14 14:11:27,787 [INFO] ThirdParty:1030 - CMSIS Pack Vendor :STMicroelectronics HAL Drivers 0.0.0
2023-05-14 14:11:27,787 [INFO] ThirdParty:1030 - CMSIS Pack Vendor :STMicroelectronics MBEDTLS 2.16.2
2023-05-14 14:11:27,787 [INFO] ThirdParty:1030 - CMSIS Pack Vendor :STMicroelectronics MBEDTLS 2.14.1
2023-05-14 14:11:27,787 [INFO] ThirdParty:1030 - CMSIS Pack Vendor :STMicroelectronics X-CUBE-NFC7 1.0.0
2023-05-14 14:11:27,787 [INFO] ThirdParty:1030 - CMSIS Pack Vendor :STMicroelectronics X-CUBE-AZRTOS-WL 1.0.0
2023-05-14 14:11:27,787 [INFO] ThirdParty:1030 - CMSIS Pack Vendor :STMicroelectronics X-CUBE-EEPRMA1 4.1.0
2023-05-14 14:11:27,787 [INFO] ThirdParty:1030 - CMSIS Pack Vendor :portGmbH I-Cube-SoM-uGOAL 1.1.0
2023-05-14 14:11:27,787 [INFO] ThirdParty:1030 - CMSIS Pack Vendor :STMicroelectronics X-CUBE-ALS 1.0.1
2023-05-14 14:11:27,787 [INFO] ThirdParty:1030 - CMSIS Pack Vendor :STMicroelectronics X-CUBE-MEMS1 9.5.0
2023-05-14 14:11:27,787 [INFO] ThirdParty:1030 - CMSIS Pack Vendor :STMicroelectronics ThreadX 1.0.0
2023-05-14 14:11:27,787 [INFO] ThirdParty:1030 - CMSIS Pack Vendor :STMicroelectronics X-CUBE-AZRTOS-WB 1.1.0
2023-05-14 14:11:27,787 [INFO] ThirdParty:1030 - CMSIS Pack Vendor :SEGGER I-CUBE-embOS 1.3.1
2023-05-14 14:11:27,787 [INFO] ThirdParty:1030 - CMSIS Pack Vendor :STMicroelectronics USB_DEVICE 1.0.0
2023-05-14 14:11:27,787 [INFO] ThirdParty:1030 - CMSIS Pack Vendor :STMicroelectronics ThreadX 0.0.2
2023-05-14 14:11:27,787 [INFO] ThirdParty:1030 - CMSIS Pack Vendor :WES I-CUBE-Cesium 1.3.0
2023-05-14 14:11:27,787 [INFO] ThirdParty:1030 - CMSIS Pack Vendor :STMicroelectronics FP-ATR-ASTRA1 2.0.0
2023-05-14 14:11:27,787 [INFO] ThirdParty:1030 - CMSIS Pack Vendor :STMicroelectronics lwIP 2.1.2
2023-05-14 14:11:27,787 [INFO] ThirdParty:1030 - CMSIS Pack Vendor :STMicroelectronics X-CUBE-SFXS2LP1 4.0.0
2023-05-14 14:11:27,787 [INFO] ThirdParty:1030 - CMSIS Pack Vendor :STMicroelectronics X-CUBE-BLE2 3.3.0
2023-05-14 14:11:27,787 [INFO] ThirdParty:1030 - CMSIS Pack Vendor :STMicroelectronics X-CUBE-TOF1 3.2.0
2023-05-14 14:11:27,787 [INFO] ThirdParty:1030 - CMSIS Pack Vendor :STMicroelectronics PDM2PCM 3.2.0
2023-05-14 14:11:27,787 [INFO] ThirdParty:1030 - CMSIS Pack Vendor :STMicroelectronics X-CUBE-AZRTOS-H7 3.0.0
2023-05-14 14:11:27,788 [INFO] ThirdParty:841 - exiting critical section [change project]
2023-05-14 14:11:28,142 [INFO] PinOutPanel:1499 - setPackage(No Configuration,No Configuration)
2023-05-14 14:11:28,144 [INFO] PinOutPanel:1499 - setPackage(STM32F303VCTx,LQFP100)
2023-05-14 14:11:28,372 [INFO] UtilMem:75 - Before build in PCC Used Memory: 567106104 Bytes (934281216)
2023-05-14 14:11:28,527 [INFO] UtilMem:75 - After build in PCC Used Memory: 611672632 Bytes (934281216)
2023-05-14 14:11:28,547 [INFO] IPUIPlugin:80 - create IPUIPlugin
2023-05-14 14:11:28,547 [INFO] IPUIPlugin:80 - create IPUIPlugin
2023-05-14 14:11:28,547 [INFO] IPUIPlugin:80 - create IPUIPlugin
2023-05-14 14:11:28,547 [INFO] IPUIPlugin:80 - create IPUIPlugin
2023-05-14 14:11:28,547 [INFO] IPUIPlugin:80 - create IPUIPlugin
2023-05-14 14:11:28,547 [INFO] IPUIPlugin:80 - create IPUIPlugin
2023-05-14 14:11:28,547 [INFO] IPUIPlugin:80 - create IPUIPlugin
2023-05-14 14:11:28,547 [INFO] IPUIPlugin:80 - create IPUIPlugin
2023-05-14 14:11:28,548 [INFO] IPUIPlugin:80 - create IPUIPlugin
2023-05-14 14:11:28,548 [INFO] IPUIPlugin:80 - create IPUIPlugin
2023-05-14 14:11:28,548 [INFO] IPUIPlugin:80 - create IPUIPlugin
2023-05-14 14:11:28,548 [INFO] IPUIPlugin:80 - create IPUIPlugin
2023-05-14 14:11:28,548 [INFO] IPUIPlugin:80 - create IPUIPlugin
2023-05-14 14:11:28,548 [INFO] IPUIPlugin:80 - create IPUIPlugin
2023-05-14 14:11:28,548 [INFO] IPUIPlugin:80 - create IPUIPlugin
2023-05-14 14:11:28,548 [INFO] IPUIPlugin:80 - create IPUIPlugin
2023-05-14 14:11:28,548 [INFO] IPUIPlugin:80 - create IPUIPlugin
2023-05-14 14:11:28,548 [INFO] IPUIPlugin:80 - create IPUIPlugin
2023-05-14 14:11:28,548 [INFO] IPUIPlugin:80 - create IPUIPlugin
2023-05-14 14:11:28,548 [INFO] IPUIPlugin:80 - create IPUIPlugin
2023-05-14 14:11:28,548 [INFO] IPUIPlugin:80 - create IPUIPlugin
2023-05-14 14:11:28,549 [INFO] IPUIPlugin:80 - create IPUIPlugin
2023-05-14 14:11:28,549 [INFO] IPUIPlugin:80 - create IPUIPlugin
2023-05-14 14:11:28,549 [INFO] IPUIPlugin:80 - create IPUIPlugin
2023-05-14 14:11:28,549 [INFO] IPUIPlugin:80 - create IPUIPlugin
2023-05-14 14:11:28,549 [INFO] IPUIPlugin:80 - create IPUIPlugin
2023-05-14 14:11:28,549 [INFO] IPUIPlugin:80 - create IPUIPlugin
2023-05-14 14:11:28,549 [INFO] IPUIPlugin:80 - create IPUIPlugin
2023-05-14 14:11:28,549 [INFO] IPUIPlugin:80 - create IPUIPlugin
2023-05-14 14:11:28,550 [INFO] IPUIPlugin:80 - create IPUIPlugin
2023-05-14 14:11:28,550 [INFO] IPUIPlugin:80 - create IPUIPlugin
2023-05-14 14:11:28,550 [INFO] IPUIPlugin:80 - create IPUIPlugin
2023-05-14 14:11:28,550 [INFO] IPUIPlugin:80 - create IPUIPlugin
2023-05-14 14:11:28,550 [INFO] IPUIPlugin:80 - create IPUIPlugin
2023-05-14 14:11:28,550 [INFO] IPUIPlugin:80 - create IPUIPlugin
2023-05-14 14:11:28,550 [INFO] IPUIPlugin:80 - create IPUIPlugin
2023-05-14 14:11:28,550 [INFO] IPUIPlugin:80 - create IPUIPlugin
2023-05-14 14:11:28,550 [INFO] IPUIPlugin:80 - create IPUIPlugin
2023-05-14 14:11:28,550 [INFO] IPUIPlugin:80 - create IPUIPlugin
2023-05-14 14:11:28,550 [INFO] IPUIPlugin:80 - create IPUIPlugin
2023-05-14 14:11:28,550 [INFO] IPUIPlugin:80 - create IPUIPlugin
2023-05-14 14:11:28,550 [INFO] IPUIPlugin:80 - create IPUIPlugin
2023-05-14 14:11:28,550 [INFO] IPUIPlugin:80 - create IPUIPlugin
2023-05-14 14:11:28,550 [INFO] IPUIPlugin:80 - create IPUIPlugin
2023-05-14 14:11:28,551 [INFO] IPUIPlugin:80 - create IPUIPlugin
2023-05-14 14:11:28,551 [INFO] IPUIPlugin:80 - create IPUIPlugin
2023-05-14 14:11:28,551 [INFO] IPUIPlugin:80 - create IPUIPlugin
2023-05-14 14:11:28,551 [INFO] IPUIPlugin:80 - create IPUIPlugin
2023-05-14 14:11:28,551 [INFO] IPUIPlugin:80 - create IPUIPlugin
2023-05-14 14:11:28,551 [INFO] IPUIPlugin:80 - create IPUIPlugin
2023-05-14 14:11:28,551 [INFO] IPUIPlugin:80 - create IPUIPlugin
2023-05-14 14:11:28,551 [INFO] IPUIPlugin:80 - create IPUIPlugin
2023-05-14 14:11:28,552 [INFO] IPUIPlugin:80 - create IPUIPlugin
2023-05-14 14:11:28,552 [INFO] IPUIPlugin:80 - create IPUIPlugin
2023-05-14 14:11:28,552 [INFO] IPUIPlugin:80 - create IPUIPlugin
2023-05-14 14:11:28,743 [INFO] CADModel:165 - CPN selected for project levelSTM32F303VCT6
2023-05-14 14:11:28,746 [INFO] CADModel:114 - Register for checkConnection events
2023-05-14 14:11:28,799 [INFO] OpenFileManager:328 - Restore cursor
2023-05-14 14:11:28,991 [WARN] IP:2113 - lpm_enable not found: check if there is a RefParameter without a condition.
2023-05-14 14:11:28,991 [WARN] IP:2113 - lpm_enable not found: check if there is a RefParameter without a condition.
2023-05-14 14:28:36,036 [INFO] MainUpdater:2854 - connection check result : 10
2023-05-14 14:28:36,040 [INFO] MainUpdater:2854 - connection check result : 10
2023-05-14 14:28:36,619 [INFO] I2cTimingTraitement:330 - 0x2000090E
2023-05-14 14:28:36,627 [INFO] MicroXplorer:468 - Change Database Path : 
2023-05-14 14:28:36,627 [INFO] MicroXplorer:498 - Change Database Version : DB.6.0.80
2023-05-14 14:28:36,758 [WARN] ThirdParty:871 - waiting for thirdparty lock release [close project]
2023-05-14 14:28:36,759 [INFO] ThirdParty:873 - entering critical section [close project]
2023-05-14 14:28:36,759 [INFO] ThirdParty:883 - exiting critical section [close project]
2023-05-14 14:28:36,762 [INFO] PinOutPanel:1499 - setPackage(No Configuration,No Configuration)
2023-05-14 14:28:36,769 [INFO] UtilMem:75 - Begin LoadConfig() Used Memory: 741693248 Bytes (934281216)
2023-05-14 14:28:36,770 [INFO] MicroXplorer:468 - Change Database Path : 
2023-05-14 14:28:36,770 [INFO] MicroXplorer:498 - Change Database Version : DB.6.0.80
2023-05-14 14:28:36,770 [INFO] OpenFileManager:308 - Change cursor
2023-05-14 14:28:36,792 [INFO] Mcu:1937 - Initializing MCU STM32F303V(B-C)Tx STM32F303VCTx STM32F303VCT6
2023-05-14 14:28:37,853 [INFO] Context:659 - Trying to add GPIOservice into a context  which must be forbidden
2023-05-14 14:28:38,279 [INFO] RtosManager:555 - Registered RTOS mode: class=CMSIS, group=RTOS, mode=CMSIS_V1, owner=FREERTOS
2023-05-14 14:28:38,279 [INFO] RtosManager:555 - Registered RTOS mode: class=CMSIS, group=RTOS2, mode=CMSIS_V2, owner=FREERTOS
2023-05-14 14:28:38,280 [INFO] RtosManager:555 - Registered RTOS mode: class=RTOS, group=Core, mode=CMSIS_V1, owner=FREERTOS
2023-05-14 14:28:38,280 [INFO] RtosManager:555 - Registered RTOS mode: class=RTOS, group=Core, mode=CMSIS_V2, owner=FREERTOS
2023-05-14 14:28:38,280 [WARN] ModelIntegratedComponent:184 - Missing modes for component STMicroelectronics:FreeRTOS:0.0.1:STMicroelectronics:RTOS:FreeRTOS:Core:::10.2.0:
2023-05-14 14:28:38,285 [WARN] ModelIntegratedComponent:63 - No mode defined for component null
2023-05-14 14:28:38,285 [WARN] ModelIntegratedComponent:63 - No mode defined for component null
2023-05-14 14:28:38,285 [WARN] ModelIntegratedComponent:63 - No mode defined for component null
2023-05-14 14:28:38,285 [WARN] ModelIntegratedComponent:63 - No mode defined for component null
2023-05-14 14:28:38,285 [WARN] ModelIntegratedComponent:63 - No mode defined for component null
2023-05-14 14:28:38,285 [WARN] ModelIntegratedComponent:63 - No mode defined for component null
2023-05-14 14:28:38,285 [WARN] ModelIntegratedComponent:63 - No mode defined for component null
2023-05-14 14:28:38,285 [WARN] ModelIntegratedComponent:63 - No mode defined for component null
2023-05-14 14:28:38,286 [WARN] ModelIntegratedComponent:63 - No mode defined for component null
2023-05-14 14:28:38,286 [WARN] ModelIntegratedComponent:63 - No mode defined for component null
2023-05-14 14:28:38,286 [WARN] ModelIntegratedComponent:63 - No mode defined for component null
2023-05-14 14:28:38,286 [WARN] ModelIntegratedComponent:63 - No mode defined for component null
2023-05-14 14:28:38,286 [WARN] ModelIntegratedComponent:63 - No mode defined for component null
2023-05-14 14:28:38,286 [WARN] ModelIntegratedComponent:63 - No mode defined for component null
2023-05-14 14:28:38,286 [WARN] ModelIntegratedComponent:63 - No mode defined for component null
2023-05-14 14:28:38,286 [WARN] ModelIntegratedComponent:63 - No mode defined for component null
2023-05-14 14:28:38,286 [WARN] ModelIntegratedComponent:63 - No mode defined for component null
2023-05-14 14:28:38,286 [WARN] ModelIntegratedComponent:63 - No mode defined for component null
2023-05-14 14:28:38,286 [WARN] ModelIntegratedComponent:63 - No mode defined for component null
2023-05-14 14:28:38,286 [WARN] ModelIntegratedComponent:63 - No mode defined for component null
2023-05-14 14:28:38,286 [WARN] ModelIntegratedComponent:63 - No mode defined for component null
2023-05-14 14:28:38,286 [WARN] ModelIntegratedComponent:63 - No mode defined for component null
2023-05-14 14:28:38,286 [WARN] ModelIntegratedComponent:63 - No mode defined for component null
2023-05-14 14:28:38,286 [WARN] ModelIntegratedComponent:63 - No mode defined for component null
2023-05-14 14:28:38,286 [WARN] ModelIntegratedComponent:63 - No mode defined for component null
2023-05-14 14:28:38,286 [WARN] ModelIntegratedComponent:63 - No mode defined for component null
2023-05-14 14:28:38,286 [WARN] ModelIntegratedComponent:63 - No mode defined for component null
2023-05-14 14:28:38,286 [WARN] ModelIntegratedComponent:63 - No mode defined for component null
2023-05-14 14:28:38,286 [WARN] ModelIntegratedComponent:63 - No mode defined for component null
2023-05-14 14:28:38,286 [WARN] ModelIntegratedComponent:63 - No mode defined for component null
2023-05-14 14:28:38,286 [WARN] ModelIntegratedComponent:63 - No mode defined for component null
2023-05-14 14:28:38,286 [WARN] ModelIntegratedComponent:63 - No mode defined for component null
2023-05-14 14:28:38,286 [WARN] ModelIntegratedComponent:63 - No mode defined for component null
2023-05-14 14:28:38,393 [INFO] ThirdPartyModel:298 - Start build external matchings
2023-05-14 14:28:38,964 [INFO] ThirdPartyModel:316 - End build external matchings
2023-05-14 14:28:39,004 [INFO] ImportTextPane:194 - (OptionalMessage_ERROR) IP (DMA) : Parameter (Instance) has Id (TIM2_CH1) currently not set
2023-05-14 14:28:39,005 [INFO] ImportTextPane:194 - (OptionalMessage_ERROR) IP (DMA) : Parameter (Direction) has Id (TIM2_CH1) currently not set
2023-05-14 14:28:39,005 [INFO] ImportTextPane:194 - (OptionalMessage_ERROR) IP (DMA) : Parameter (PeriphInc) has Id (TIM2_CH1) currently not set
2023-05-14 14:28:39,005 [INFO] ImportTextPane:194 - (OptionalMessage_ERROR) IP (DMA) : Parameter (MemInc) has Id (TIM2_CH1) currently not set
2023-05-14 14:28:39,005 [INFO] ImportTextPane:194 - (OptionalMessage_ERROR) IP (DMA) : Parameter (PeriphDataAlignment) has Id (TIM2_CH1) currently not set
2023-05-14 14:28:39,005 [INFO] ImportTextPane:194 - (OptionalMessage_ERROR) IP (DMA) : Parameter (MemDataAlignment) has Id (TIM2_CH1) currently not set
2023-05-14 14:28:39,005 [INFO] ImportTextPane:194 - (OptionalMessage_ERROR) IP (DMA) : Parameter (Mode) has Id (TIM2_CH1) currently not set
2023-05-14 14:28:39,005 [INFO] ImportTextPane:194 - (OptionalMessage_ERROR) IP (DMA) : Parameter (Priority) has Id (TIM2_CH1) currently not set
2023-05-14 14:28:39,017 [INFO] ImportTextPane:194 - (OptionalMessage_ERROR) IP (RCC) : Invalid parameter (FamilyName)
2023-05-14 14:28:39,019 [INFO] ImportTextPane:194 - (OptionalMessage_ERROR) IP (RCC) : Invalid parameter (TIM2Freq_Value)
2023-05-14 14:28:39,245 [INFO] UtilMem:75 - End LoadConfig() Used Memory: 744531808 Bytes (934281216)
2023-05-14 14:28:39,287 [WARN] ThirdParty:833 - waiting for thirdparty lock release [change project]
2023-05-14 14:28:39,287 [INFO] ThirdParty:835 - entering critical section [change project]
2023-05-14 14:28:39,288 [INFO] ThirdParty:1030 - CMSIS Pack Vendor :STMicroelectronics X-CUBE-ISPU 1.1.0
2023-05-14 14:28:39,288 [INFO] ThirdParty:1030 - CMSIS Pack Vendor :RoweBots I-CUBE-UNISONRTOS 5.5.0-4
2023-05-14 14:28:39,288 [INFO] ThirdParty:1030 - CMSIS Pack Vendor :STMicroelectronics X-CUBE-GNSS1 6.0.0
2023-05-14 14:28:39,288 [INFO] ThirdParty:1030 - CMSIS Pack Vendor :STMicroelectronics USB_HOST 2.0.0
2023-05-14 14:28:39,288 [INFO] ThirdParty:1030 - CMSIS Pack Vendor :STMicroelectronics X-CUBE-AZRTOS-F4 1.1.0
2023-05-14 14:28:39,288 [INFO] ThirdParty:1030 - CMSIS Pack Vendor :STMicroelectronics LIBJPEG 8.0.0
2023-05-14 14:28:39,288 [INFO] ThirdParty:1030 - CMSIS Pack Vendor :STMicroelectronics X-CUBE-SMBUS 2.1.0
2023-05-14 14:28:39,288 [INFO] ThirdParty:1030 - CMSIS Pack Vendor :STMicroelectronics USB_DEVICE 3.0.0
2023-05-14 14:28:39,288 [INFO] ThirdParty:1030 - CMSIS Pack Vendor :STMicroelectronics X-CUBE-AI 8.0.0
2023-05-14 14:28:39,288 [INFO] ThirdParty:1030 - CMSIS Pack Vendor :STMicroelectronics X-CUBE-FREERTOS 1.0.0
2023-05-14 14:28:39,288 [INFO] ThirdParty:1030 - CMSIS Pack Vendor :STMicroelectronics X-CUBE-FREERTOS 1.0.1
2023-05-14 14:28:39,288 [INFO] ThirdParty:1030 - CMSIS Pack Vendor :STMicroelectronics X-CUBE-TOUCHGFX 4.21.1
2023-05-14 14:28:39,288 [INFO] ThirdParty:1030 - CMSIS Pack Vendor :STMicroelectronics X-CUBE-TOUCHGFX 4.21.3
2023-05-14 14:28:39,288 [INFO] ThirdParty:1030 - CMSIS Pack Vendor :STMicroelectronics X-CUBE-AZRTOS-F7 1.1.0
2023-05-14 14:28:39,288 [INFO] ThirdParty:1030 - CMSIS Pack Vendor :STMicroelectronics USB_DEVICE 2.0.0
2023-05-14 14:28:39,288 [INFO] ThirdParty:1030 - CMSIS Pack Vendor :STMicroelectronics X-CUBE-MEMS1 9.6.0
2023-05-14 14:28:39,288 [INFO] ThirdParty:1030 - CMSIS Pack Vendor :STMicroelectronics FP-SNS-MOTENV1 4.3.0
2023-05-14 14:28:39,288 [INFO] ThirdParty:1030 - CMSIS Pack Vendor :STMicroelectronics FP-SNS-FLIGHT1 5.0.0
2023-05-14 14:28:39,288 [INFO] ThirdParty:1030 - CMSIS Pack Vendor :STMicroelectronics X-CUBE-ALGOBUILD 1.3.0
2023-05-14 14:28:39,288 [INFO] ThirdParty:1030 - CMSIS Pack Vendor :STMicroelectronics X-CUBE-BLE1 6.2.4
2023-05-14 14:28:39,288 [INFO] ThirdParty:1030 - CMSIS Pack Vendor :STMicroelectronics X-CUBE-AZRTOS-L5 1.1.0
2023-05-14 14:28:39,288 [INFO] ThirdParty:1030 - CMSIS Pack Vendor :STMicroelectronics FreeRTOS 0.0.1
2023-05-14 14:28:39,288 [INFO] ThirdParty:1030 - CMSIS Pack Vendor :emotas I-CUBE-CANOPEN 1.1.3
2023-05-14 14:28:39,288 [INFO] ThirdParty:1030 - CMSIS Pack Vendor :STMicroelectronics X-CUBE-AZRTOS-G0 1.1.0
2023-05-14 14:28:39,288 [INFO] ThirdParty:1030 - CMSIS Pack Vendor :STMicroelectronics X-CUBE-BLEMGR 2.0.0
2023-05-14 14:28:39,288 [INFO] ThirdParty:1030 - CMSIS Pack Vendor :STMicroelectronics X-CUBE-SUBG2 5.0.0
2023-05-14 14:28:39,288 [INFO] ThirdParty:1030 - CMSIS Pack Vendor :STMicroelectronics X-CUBE-NFC4 3.0.0
2023-05-14 14:28:39,288 [INFO] ThirdParty:1030 - CMSIS Pack Vendor :STMicroelectronics STM32_WPAN 1.0.0
2023-05-14 14:28:39,288 [INFO] ThirdParty:1030 - CMSIS Pack Vendor :STMicroelectronics lwIP 2.0.3
2023-05-14 14:28:39,288 [INFO] ThirdParty:1030 - CMSIS Pack Vendor :STMicroelectronics USB_HOST 1.0.0
2023-05-14 14:28:39,288 [INFO] ThirdParty:1030 - CMSIS Pack Vendor :STMicroelectronics X-CUBE-AZRTOS-G4 2.0.0
2023-05-14 14:28:39,288 [INFO] ThirdParty:1030 - CMSIS Pack Vendor :STMicroelectronics PDM2PCM 3.1.0
2023-05-14 14:28:39,288 [INFO] ThirdParty:1030 - CMSIS Pack Vendor :STMicroelectronics X-CUBE-AZRTOS-H7 3.1.0
2023-05-14 14:28:39,288 [INFO] ThirdParty:1030 - CMSIS Pack Vendor :STMicroelectronics X-CUBE-TOF1 3.3.0
2023-05-14 14:28:39,288 [INFO] ThirdParty:1030 - CMSIS Pack Vendor :STMicroelectronics FP-ATR-ASTRA1 1.1.1
2023-05-14 14:28:39,288 [INFO] ThirdParty:1030 - CMSIS Pack Vendor :STMicroelectronics PDM2PCM 3.3.0
2023-05-14 14:28:39,288 [INFO] ThirdParty:1030 - CMSIS Pack Vendor :STMicroelectronics X-CUBE-DISPLAY 3.0.0
2023-05-14 14:28:39,288 [INFO] ThirdParty:1030 - CMSIS Pack Vendor :STMicroelectronics X-CUBE-AZRTOS-G4 1.0.0
2023-05-14 14:28:39,288 [INFO] ThirdParty:1030 - CMSIS Pack Vendor :STMicroelectronics FP-ATR-SIGFOX1 3.2.0
2023-05-14 14:28:39,288 [INFO] ThirdParty:1030 - CMSIS Pack Vendor :wolfSSL I-CUBE-wolfSSL 5.5.4
2023-05-14 14:28:39,288 [INFO] ThirdParty:1030 - CMSIS Pack Vendor :STMicroelectronics X-CUBE-AZRTOS-L4 1.0.0
2023-05-14 14:28:39,288 [INFO] ThirdParty:1030 - CMSIS Pack Vendor :STMicroelectronics HAL Drivers 0.0.0
2023-05-14 14:28:39,288 [INFO] ThirdParty:1030 - CMSIS Pack Vendor :STMicroelectronics MBEDTLS 2.16.2
2023-05-14 14:28:39,288 [INFO] ThirdParty:1030 - CMSIS Pack Vendor :STMicroelectronics MBEDTLS 2.14.1
2023-05-14 14:28:39,288 [INFO] ThirdParty:1030 - CMSIS Pack Vendor :STMicroelectronics X-CUBE-NFC7 1.0.0
2023-05-14 14:28:39,288 [INFO] ThirdParty:1030 - CMSIS Pack Vendor :STMicroelectronics X-CUBE-AZRTOS-WL 1.0.0
2023-05-14 14:28:39,288 [INFO] ThirdParty:1030 - CMSIS Pack Vendor :STMicroelectronics X-CUBE-EEPRMA1 4.1.0
2023-05-14 14:28:39,288 [INFO] ThirdParty:1030 - CMSIS Pack Vendor :portGmbH I-Cube-SoM-uGOAL 1.1.0
2023-05-14 14:28:39,288 [INFO] ThirdParty:1030 - CMSIS Pack Vendor :STMicroelectronics X-CUBE-ALS 1.0.1
2023-05-14 14:28:39,288 [INFO] ThirdParty:1030 - CMSIS Pack Vendor :STMicroelectronics X-CUBE-MEMS1 9.5.0
2023-05-14 14:28:39,288 [INFO] ThirdParty:1030 - CMSIS Pack Vendor :STMicroelectronics ThreadX 1.0.0
2023-05-14 14:28:39,288 [INFO] ThirdParty:1030 - CMSIS Pack Vendor :STMicroelectronics X-CUBE-AZRTOS-WB 1.1.0
2023-05-14 14:28:39,288 [INFO] ThirdParty:1030 - CMSIS Pack Vendor :SEGGER I-CUBE-embOS 1.3.1
2023-05-14 14:28:39,288 [INFO] ThirdParty:1030 - CMSIS Pack Vendor :STMicroelectronics USB_DEVICE 1.0.0
2023-05-14 14:28:39,288 [INFO] ThirdParty:1030 - CMSIS Pack Vendor :STMicroelectronics ThreadX 0.0.2
2023-05-14 14:28:39,288 [INFO] ThirdParty:1030 - CMSIS Pack Vendor :WES I-CUBE-Cesium 1.3.0
2023-05-14 14:28:39,288 [INFO] ThirdParty:1030 - CMSIS Pack Vendor :STMicroelectronics FP-ATR-ASTRA1 2.0.0
2023-05-14 14:28:39,288 [INFO] ThirdParty:1030 - CMSIS Pack Vendor :STMicroelectronics lwIP 2.1.2
2023-05-14 14:28:39,288 [INFO] ThirdParty:1030 - CMSIS Pack Vendor :STMicroelectronics X-CUBE-SFXS2LP1 4.0.0
2023-05-14 14:28:39,288 [INFO] ThirdParty:1030 - CMSIS Pack Vendor :STMicroelectronics X-CUBE-BLE2 3.3.0
2023-05-14 14:28:39,288 [INFO] ThirdParty:1030 - CMSIS Pack Vendor :STMicroelectronics X-CUBE-TOF1 3.2.0
2023-05-14 14:28:39,288 [INFO] ThirdParty:1030 - CMSIS Pack Vendor :STMicroelectronics PDM2PCM 3.2.0
2023-05-14 14:28:39,288 [INFO] ThirdParty:1030 - CMSIS Pack Vendor :STMicroelectronics X-CUBE-AZRTOS-H7 3.0.0
2023-05-14 14:28:39,289 [INFO] ThirdParty:841 - exiting critical section [change project]
2023-05-14 14:28:39,819 [INFO] PinOutPanel:1499 - setPackage(No Configuration,No Configuration)
2023-05-14 14:28:39,825 [INFO] PinOutPanel:1499 - setPackage(STM32F303VCTx,LQFP100)
2023-05-14 14:28:40,125 [INFO] UtilMem:75 - Before build in PCC Used Memory: 566131688 Bytes (934281216)
2023-05-14 14:28:40,461 [INFO] UtilMem:75 - After build in PCC Used Memory: 610739280 Bytes (934281216)
2023-05-14 14:28:40,535 [INFO] IPUIPlugin:80 - create IPUIPlugin
2023-05-14 14:28:40,536 [INFO] IPUIPlugin:80 - create IPUIPlugin
2023-05-14 14:28:40,536 [INFO] IPUIPlugin:80 - create IPUIPlugin
2023-05-14 14:28:40,536 [INFO] IPUIPlugin:80 - create IPUIPlugin
2023-05-14 14:28:40,536 [INFO] IPUIPlugin:80 - create IPUIPlugin
2023-05-14 14:28:40,536 [INFO] IPUIPlugin:80 - create IPUIPlugin
2023-05-14 14:28:40,536 [INFO] IPUIPlugin:80 - create IPUIPlugin
2023-05-14 14:28:40,536 [INFO] IPUIPlugin:80 - create IPUIPlugin
2023-05-14 14:28:40,536 [INFO] IPUIPlugin:80 - create IPUIPlugin
2023-05-14 14:28:40,536 [INFO] IPUIPlugin:80 - create IPUIPlugin
2023-05-14 14:28:40,536 [INFO] IPUIPlugin:80 - create IPUIPlugin
2023-05-14 14:28:40,536 [INFO] IPUIPlugin:80 - create IPUIPlugin
2023-05-14 14:28:40,536 [INFO] IPUIPlugin:80 - create IPUIPlugin
2023-05-14 14:28:40,536 [INFO] IPUIPlugin:80 - create IPUIPlugin
2023-05-14 14:28:40,536 [INFO] IPUIPlugin:80 - create IPUIPlugin
2023-05-14 14:28:40,536 [INFO] IPUIPlugin:80 - create IPUIPlugin
2023-05-14 14:28:40,537 [INFO] IPUIPlugin:80 - create IPUIPlugin
2023-05-14 14:28:40,537 [INFO] IPUIPlugin:80 - create IPUIPlugin
2023-05-14 14:28:40,537 [INFO] IPUIPlugin:80 - create IPUIPlugin
2023-05-14 14:28:40,537 [INFO] IPUIPlugin:80 - create IPUIPlugin
2023-05-14 14:28:40,537 [INFO] IPUIPlugin:80 - create IPUIPlugin
2023-05-14 14:28:40,537 [INFO] IPUIPlugin:80 - create IPUIPlugin
2023-05-14 14:28:40,537 [INFO] IPUIPlugin:80 - create IPUIPlugin
2023-05-14 14:28:40,537 [INFO] IPUIPlugin:80 - create IPUIPlugin
2023-05-14 14:28:40,537 [INFO] IPUIPlugin:80 - create IPUIPlugin
2023-05-14 14:28:40,537 [INFO] IPUIPlugin:80 - create IPUIPlugin
2023-05-14 14:28:40,538 [INFO] IPUIPlugin:80 - create IPUIPlugin
2023-05-14 14:28:40,538 [INFO] IPUIPlugin:80 - create IPUIPlugin
2023-05-14 14:28:40,538 [INFO] IPUIPlugin:80 - create IPUIPlugin
2023-05-14 14:28:40,538 [INFO] IPUIPlugin:80 - create IPUIPlugin
2023-05-14 14:28:40,538 [INFO] IPUIPlugin:80 - create IPUIPlugin
2023-05-14 14:28:40,538 [INFO] IPUIPlugin:80 - create IPUIPlugin
2023-05-14 14:28:40,538 [INFO] IPUIPlugin:80 - create IPUIPlugin
2023-05-14 14:28:40,538 [INFO] IPUIPlugin:80 - create IPUIPlugin
2023-05-14 14:28:40,538 [INFO] IPUIPlugin:80 - create IPUIPlugin
2023-05-14 14:28:40,538 [INFO] IPUIPlugin:80 - create IPUIPlugin
2023-05-14 14:28:40,538 [INFO] IPUIPlugin:80 - create IPUIPlugin
2023-05-14 14:28:40,538 [INFO] IPUIPlugin:80 - create IPUIPlugin
2023-05-14 14:28:40,538 [INFO] IPUIPlugin:80 - create IPUIPlugin
2023-05-14 14:28:40,538 [INFO] IPUIPlugin:80 - create IPUIPlugin
2023-05-14 14:28:40,539 [INFO] IPUIPlugin:80 - create IPUIPlugin
2023-05-14 14:28:40,539 [INFO] IPUIPlugin:80 - create IPUIPlugin
2023-05-14 14:28:40,539 [INFO] IPUIPlugin:80 - create IPUIPlugin
2023-05-14 14:28:40,539 [INFO] IPUIPlugin:80 - create IPUIPlugin
2023-05-14 14:28:40,539 [INFO] IPUIPlugin:80 - create IPUIPlugin
2023-05-14 14:28:40,539 [INFO] IPUIPlugin:80 - create IPUIPlugin
2023-05-14 14:28:40,539 [INFO] IPUIPlugin:80 - create IPUIPlugin
2023-05-14 14:28:40,539 [INFO] IPUIPlugin:80 - create IPUIPlugin
2023-05-14 14:28:40,539 [INFO] IPUIPlugin:80 - create IPUIPlugin
2023-05-14 14:28:40,539 [INFO] IPUIPlugin:80 - create IPUIPlugin
2023-05-14 14:28:40,539 [INFO] IPUIPlugin:80 - create IPUIPlugin
2023-05-14 14:28:40,539 [INFO] IPUIPlugin:80 - create IPUIPlugin
2023-05-14 14:28:40,540 [INFO] IPUIPlugin:80 - create IPUIPlugin
2023-05-14 14:28:40,540 [INFO] IPUIPlugin:80 - create IPUIPlugin
2023-05-14 14:28:40,540 [INFO] IPUIPlugin:80 - create IPUIPlugin
2023-05-14 14:28:40,640 [INFO] CADModel:165 - CPN selected for project levelSTM32F303VCT6
2023-05-14 14:28:40,640 [INFO] CADModel:114 - Register for checkConnection events
2023-05-14 14:28:40,690 [INFO] OpenFileManager:328 - Restore cursor
2023-05-14 14:28:40,899 [WARN] IP:2113 - lpm_enable not found: check if there is a RefParameter without a condition.
2023-05-14 14:28:40,899 [WARN] IP:2113 - lpm_enable not found: check if there is a RefParameter without a condition.
2023-05-14 14:53:01,458 [INFO] I2cTimingTraitement:330 - 0x2000090E
2023-05-14 15:10:42,162 [INFO] MainUpdater:2854 - connection check result : 10
2023-05-14 15:10:42,166 [INFO] MainUpdater:2854 - connection check result : 10
2023-05-14 15:10:46,083 [INFO] I2cTimingTraitement:330 - 0x2000090E
2023-05-14 15:10:46,100 [INFO] MicroXplorer:468 - Change Database Path : 
2023-05-14 15:10:46,100 [INFO] MicroXplorer:498 - Change Database Version : DB.6.0.80
2023-05-14 15:10:46,311 [WARN] ThirdParty:871 - waiting for thirdparty lock release [close project]
2023-05-14 15:10:46,311 [INFO] ThirdParty:873 - entering critical section [close project]
2023-05-14 15:10:46,311 [INFO] ThirdParty:883 - exiting critical section [close project]
2023-05-14 15:10:46,319 [INFO] PinOutPanel:1499 - setPackage(No Configuration,No Configuration)
2023-05-14 15:10:46,330 [INFO] UtilMem:75 - Begin LoadConfig() Used Memory: 647620880 Bytes (934281216)
2023-05-14 15:10:46,358 [INFO] MicroXplorer:468 - Change Database Path : /Users/neelbagayatkar/.stm32cubemx/databases/DB.6.0.60/db/
2023-05-14 15:10:46,358 [INFO] MicroXplorer:498 - Change Database Version : DB.6.0.60
2023-05-14 15:11:00,470 [INFO] OpenFileManager:308 - Change cursor
2023-05-14 15:11:00,514 [INFO] Mcu:1937 - Initializing MCU STM32F303V(B-C)Tx STM32F303VCTx STM32F303VCT6
2023-05-14 15:11:01,796 [INFO] Context:659 - Trying to add GPIOservice into a context  which must be forbidden
2023-05-14 15:11:02,500 [INFO] RtosManager:555 - Registered RTOS mode: class=CMSIS, group=RTOS, mode=CMSIS_V1, owner=FREERTOS
2023-05-14 15:11:02,500 [INFO] RtosManager:555 - Registered RTOS mode: class=CMSIS, group=RTOS2, mode=CMSIS_V2, owner=FREERTOS
2023-05-14 15:11:02,500 [INFO] RtosManager:555 - Registered RTOS mode: class=RTOS, group=Core, mode=CMSIS_V1, owner=FREERTOS
2023-05-14 15:11:02,500 [INFO] RtosManager:555 - Registered RTOS mode: class=RTOS, group=Core, mode=CMSIS_V2, owner=FREERTOS
2023-05-14 15:11:02,500 [WARN] ModelIntegratedComponent:184 - Missing modes for component STMicroelectronics:FreeRTOS:0.0.1:STMicroelectronics:RTOS:FreeRTOS:Core:::10.2.0:
2023-05-14 15:11:02,506 [WARN] ModelIntegratedComponent:63 - No mode defined for component null
2023-05-14 15:11:02,506 [WARN] ModelIntegratedComponent:63 - No mode defined for component null
2023-05-14 15:11:02,506 [WARN] ModelIntegratedComponent:63 - No mode defined for component null
2023-05-14 15:11:02,506 [WARN] ModelIntegratedComponent:63 - No mode defined for component null
2023-05-14 15:11:02,506 [WARN] ModelIntegratedComponent:63 - No mode defined for component null
2023-05-14 15:11:02,506 [WARN] ModelIntegratedComponent:63 - No mode defined for component null
2023-05-14 15:11:02,506 [WARN] ModelIntegratedComponent:63 - No mode defined for component null
2023-05-14 15:11:02,506 [WARN] ModelIntegratedComponent:63 - No mode defined for component null
2023-05-14 15:11:02,506 [WARN] ModelIntegratedComponent:63 - No mode defined for component null
2023-05-14 15:11:02,506 [WARN] ModelIntegratedComponent:63 - No mode defined for component null
2023-05-14 15:11:02,506 [WARN] ModelIntegratedComponent:63 - No mode defined for component null
2023-05-14 15:11:02,506 [WARN] ModelIntegratedComponent:63 - No mode defined for component null
2023-05-14 15:11:02,506 [WARN] ModelIntegratedComponent:63 - No mode defined for component null
2023-05-14 15:11:02,506 [WARN] ModelIntegratedComponent:63 - No mode defined for component null
2023-05-14 15:11:02,506 [WARN] ModelIntegratedComponent:63 - No mode defined for component null
2023-05-14 15:11:02,506 [WARN] ModelIntegratedComponent:63 - No mode defined for component null
2023-05-14 15:11:02,506 [WARN] ModelIntegratedComponent:63 - No mode defined for component null
2023-05-14 15:11:02,506 [WARN] ModelIntegratedComponent:63 - No mode defined for component null
2023-05-14 15:11:02,506 [WARN] ModelIntegratedComponent:63 - No mode defined for component null
2023-05-14 15:11:02,506 [WARN] ModelIntegratedComponent:63 - No mode defined for component null
2023-05-14 15:11:02,506 [WARN] ModelIntegratedComponent:63 - No mode defined for component null
2023-05-14 15:11:02,506 [WARN] ModelIntegratedComponent:63 - No mode defined for component null
2023-05-14 15:11:02,506 [WARN] ModelIntegratedComponent:63 - No mode defined for component null
2023-05-14 15:11:02,506 [WARN] ModelIntegratedComponent:63 - No mode defined for component null
2023-05-14 15:11:02,506 [WARN] ModelIntegratedComponent:63 - No mode defined for component null
2023-05-14 15:11:02,506 [WARN] ModelIntegratedComponent:63 - No mode defined for component null
2023-05-14 15:11:02,506 [WARN] ModelIntegratedComponent:63 - No mode defined for component null
2023-05-14 15:11:02,506 [WARN] ModelIntegratedComponent:63 - No mode defined for component null
2023-05-14 15:11:02,506 [WARN] ModelIntegratedComponent:63 - No mode defined for component null
2023-05-14 15:11:02,506 [WARN] ModelIntegratedComponent:63 - No mode defined for component null
2023-05-14 15:11:02,507 [WARN] ModelIntegratedComponent:63 - No mode defined for component null
2023-05-14 15:11:02,507 [WARN] ModelIntegratedComponent:63 - No mode defined for component null
2023-05-14 15:11:02,507 [WARN] ModelIntegratedComponent:63 - No mode defined for component null
2023-05-14 15:11:02,579 [INFO] ThirdPartyModel:298 - Start build external matchings
2023-05-14 15:11:03,013 [INFO] ThirdPartyModel:316 - End build external matchings
2023-05-14 15:11:03,036 [INFO] ImportTextPane:194 - (OptionalMessage_ERROR) IP (RCC) : Invalid parameter (FamilyName)
2023-05-14 15:11:03,036 [INFO] ImportTextPane:194 - (OptionalMessage_ERROR) IP (RCC) : Invalid parameter (TIM2Freq_Value)
2023-05-14 15:11:03,264 [INFO] UtilMem:75 - End LoadConfig() Used Memory: 710566312 Bytes (934281216)
2023-05-14 15:11:03,341 [WARN] ThirdParty:833 - waiting for thirdparty lock release [change project]
2023-05-14 15:11:03,341 [INFO] ThirdParty:835 - entering critical section [change project]
2023-05-14 15:11:03,342 [INFO] ThirdParty:1030 - CMSIS Pack Vendor :STMicroelectronics X-CUBE-ISPU 1.1.0
2023-05-14 15:11:03,342 [INFO] ThirdParty:1030 - CMSIS Pack Vendor :RoweBots I-CUBE-UNISONRTOS 5.5.0-4
2023-05-14 15:11:03,342 [INFO] ThirdParty:1030 - CMSIS Pack Vendor :STMicroelectronics X-CUBE-GNSS1 6.0.0
2023-05-14 15:11:03,342 [INFO] ThirdParty:1030 - CMSIS Pack Vendor :STMicroelectronics USB_HOST 2.0.0
2023-05-14 15:11:03,342 [INFO] ThirdParty:1030 - CMSIS Pack Vendor :STMicroelectronics X-CUBE-AZRTOS-F4 1.1.0
2023-05-14 15:11:03,342 [INFO] ThirdParty:1030 - CMSIS Pack Vendor :STMicroelectronics LIBJPEG 8.0.0
2023-05-14 15:11:03,342 [INFO] ThirdParty:1030 - CMSIS Pack Vendor :STMicroelectronics X-CUBE-SMBUS 2.1.0
2023-05-14 15:11:03,342 [INFO] ThirdParty:1030 - CMSIS Pack Vendor :STMicroelectronics USB_DEVICE 3.0.0
2023-05-14 15:11:03,342 [INFO] ThirdParty:1030 - CMSIS Pack Vendor :STMicroelectronics X-CUBE-AI 8.0.0
2023-05-14 15:11:03,342 [INFO] ThirdParty:1030 - CMSIS Pack Vendor :STMicroelectronics X-CUBE-FREERTOS 1.0.0
2023-05-14 15:11:03,342 [INFO] ThirdParty:1030 - CMSIS Pack Vendor :STMicroelectronics X-CUBE-FREERTOS 1.0.1
2023-05-14 15:11:03,342 [INFO] ThirdParty:1030 - CMSIS Pack Vendor :STMicroelectronics X-CUBE-TOUCHGFX 4.21.1
2023-05-14 15:11:03,342 [INFO] ThirdParty:1030 - CMSIS Pack Vendor :STMicroelectronics X-CUBE-TOUCHGFX 4.21.3
2023-05-14 15:11:03,342 [INFO] ThirdParty:1030 - CMSIS Pack Vendor :STMicroelectronics X-CUBE-AZRTOS-F7 1.1.0
2023-05-14 15:11:03,342 [INFO] ThirdParty:1030 - CMSIS Pack Vendor :STMicroelectronics USB_DEVICE 2.0.0
2023-05-14 15:11:03,342 [INFO] ThirdParty:1030 - CMSIS Pack Vendor :STMicroelectronics X-CUBE-MEMS1 9.6.0
2023-05-14 15:11:03,342 [INFO] ThirdParty:1030 - CMSIS Pack Vendor :STMicroelectronics FP-SNS-MOTENV1 4.3.0
2023-05-14 15:11:03,342 [INFO] ThirdParty:1030 - CMSIS Pack Vendor :STMicroelectronics FP-SNS-FLIGHT1 5.0.0
2023-05-14 15:11:03,342 [INFO] ThirdParty:1030 - CMSIS Pack Vendor :STMicroelectronics X-CUBE-ALGOBUILD 1.3.0
2023-05-14 15:11:03,342 [INFO] ThirdParty:1030 - CMSIS Pack Vendor :STMicroelectronics X-CUBE-BLE1 6.2.4
2023-05-14 15:11:03,342 [INFO] ThirdParty:1030 - CMSIS Pack Vendor :STMicroelectronics X-CUBE-AZRTOS-L5 1.1.0
2023-05-14 15:11:03,342 [INFO] ThirdParty:1030 - CMSIS Pack Vendor :STMicroelectronics FreeRTOS 0.0.1
2023-05-14 15:11:03,342 [INFO] ThirdParty:1030 - CMSIS Pack Vendor :emotas I-CUBE-CANOPEN 1.1.3
2023-05-14 15:11:03,342 [INFO] ThirdParty:1030 - CMSIS Pack Vendor :STMicroelectronics X-CUBE-AZRTOS-G0 1.1.0
2023-05-14 15:11:03,342 [INFO] ThirdParty:1030 - CMSIS Pack Vendor :STMicroelectronics X-CUBE-BLEMGR 2.0.0
2023-05-14 15:11:03,342 [INFO] ThirdParty:1030 - CMSIS Pack Vendor :STMicroelectronics X-CUBE-SUBG2 5.0.0
2023-05-14 15:11:03,342 [INFO] ThirdParty:1030 - CMSIS Pack Vendor :STMicroelectronics X-CUBE-NFC4 3.0.0
2023-05-14 15:11:03,342 [INFO] ThirdParty:1030 - CMSIS Pack Vendor :STMicroelectronics STM32_WPAN 1.0.0
2023-05-14 15:11:03,342 [INFO] ThirdParty:1030 - CMSIS Pack Vendor :STMicroelectronics lwIP 2.0.3
2023-05-14 15:11:03,342 [INFO] ThirdParty:1030 - CMSIS Pack Vendor :STMicroelectronics USB_HOST 1.0.0
2023-05-14 15:11:03,342 [INFO] ThirdParty:1030 - CMSIS Pack Vendor :STMicroelectronics X-CUBE-AZRTOS-G4 2.0.0
2023-05-14 15:11:03,342 [INFO] ThirdParty:1030 - CMSIS Pack Vendor :STMicroelectronics PDM2PCM 3.1.0
2023-05-14 15:11:03,342 [INFO] ThirdParty:1030 - CMSIS Pack Vendor :STMicroelectronics X-CUBE-AZRTOS-H7 3.1.0
2023-05-14 15:11:03,342 [INFO] ThirdParty:1030 - CMSIS Pack Vendor :STMicroelectronics X-CUBE-TOF1 3.3.0
2023-05-14 15:11:03,342 [INFO] ThirdParty:1030 - CMSIS Pack Vendor :STMicroelectronics FP-ATR-ASTRA1 1.1.1
2023-05-14 15:11:03,342 [INFO] ThirdParty:1030 - CMSIS Pack Vendor :STMicroelectronics PDM2PCM 3.3.0
2023-05-14 15:11:03,342 [INFO] ThirdParty:1030 - CMSIS Pack Vendor :STMicroelectronics X-CUBE-DISPLAY 3.0.0
2023-05-14 15:11:03,342 [INFO] ThirdParty:1030 - CMSIS Pack Vendor :STMicroelectronics X-CUBE-AZRTOS-G4 1.0.0
2023-05-14 15:11:03,342 [INFO] ThirdParty:1030 - CMSIS Pack Vendor :STMicroelectronics FP-ATR-SIGFOX1 3.2.0
2023-05-14 15:11:03,342 [INFO] ThirdParty:1030 - CMSIS Pack Vendor :wolfSSL I-CUBE-wolfSSL 5.5.4
2023-05-14 15:11:03,342 [INFO] ThirdParty:1030 - CMSIS Pack Vendor :STMicroelectronics X-CUBE-AZRTOS-L4 1.0.0
2023-05-14 15:11:03,342 [INFO] ThirdParty:1030 - CMSIS Pack Vendor :STMicroelectronics HAL Drivers 0.0.0
2023-05-14 15:11:03,342 [INFO] ThirdParty:1030 - CMSIS Pack Vendor :STMicroelectronics MBEDTLS 2.16.2
2023-05-14 15:11:03,342 [INFO] ThirdParty:1030 - CMSIS Pack Vendor :STMicroelectronics MBEDTLS 2.14.1
2023-05-14 15:11:03,342 [INFO] ThirdParty:1030 - CMSIS Pack Vendor :STMicroelectronics X-CUBE-NFC7 1.0.0
2023-05-14 15:11:03,342 [INFO] ThirdParty:1030 - CMSIS Pack Vendor :STMicroelectronics X-CUBE-AZRTOS-WL 1.0.0
2023-05-14 15:11:03,342 [INFO] ThirdParty:1030 - CMSIS Pack Vendor :STMicroelectronics X-CUBE-EEPRMA1 4.1.0
2023-05-14 15:11:03,342 [INFO] ThirdParty:1030 - CMSIS Pack Vendor :portGmbH I-Cube-SoM-uGOAL 1.1.0
2023-05-14 15:11:03,342 [INFO] ThirdParty:1030 - CMSIS Pack Vendor :STMicroelectronics X-CUBE-ALS 1.0.1
2023-05-14 15:11:03,342 [INFO] ThirdParty:1030 - CMSIS Pack Vendor :STMicroelectronics X-CUBE-MEMS1 9.5.0
2023-05-14 15:11:03,342 [INFO] ThirdParty:1030 - CMSIS Pack Vendor :STMicroelectronics ThreadX 1.0.0
2023-05-14 15:11:03,342 [INFO] ThirdParty:1030 - CMSIS Pack Vendor :STMicroelectronics X-CUBE-AZRTOS-WB 1.1.0
2023-05-14 15:11:03,342 [INFO] ThirdParty:1030 - CMSIS Pack Vendor :SEGGER I-CUBE-embOS 1.3.1
2023-05-14 15:11:03,342 [INFO] ThirdParty:1030 - CMSIS Pack Vendor :STMicroelectronics USB_DEVICE 1.0.0
2023-05-14 15:11:03,342 [INFO] ThirdParty:1030 - CMSIS Pack Vendor :STMicroelectronics ThreadX 0.0.2
2023-05-14 15:11:03,342 [INFO] ThirdParty:1030 - CMSIS Pack Vendor :WES I-CUBE-Cesium 1.3.0
2023-05-14 15:11:03,342 [INFO] ThirdParty:1030 - CMSIS Pack Vendor :STMicroelectronics FP-ATR-ASTRA1 2.0.0
2023-05-14 15:11:03,342 [INFO] ThirdParty:1030 - CMSIS Pack Vendor :STMicroelectronics lwIP 2.1.2
2023-05-14 15:11:03,342 [INFO] ThirdParty:1030 - CMSIS Pack Vendor :STMicroelectronics X-CUBE-SFXS2LP1 4.0.0
2023-05-14 15:11:03,342 [INFO] ThirdParty:1030 - CMSIS Pack Vendor :STMicroelectronics X-CUBE-BLE2 3.3.0
2023-05-14 15:11:03,342 [INFO] ThirdParty:1030 - CMSIS Pack Vendor :STMicroelectronics X-CUBE-TOF1 3.2.0
2023-05-14 15:11:03,342 [INFO] ThirdParty:1030 - CMSIS Pack Vendor :STMicroelectronics PDM2PCM 3.2.0
2023-05-14 15:11:03,342 [INFO] ThirdParty:1030 - CMSIS Pack Vendor :STMicroelectronics X-CUBE-AZRTOS-H7 3.0.0
2023-05-14 15:11:03,343 [INFO] ThirdParty:841 - exiting critical section [change project]
2023-05-14 15:11:03,873 [INFO] PinOutPanel:1499 - setPackage(No Configuration,No Configuration)
2023-05-14 15:11:03,874 [INFO] PinOutPanel:1499 - setPackage(STM32F303VCTx,LQFP100)
2023-05-14 15:11:04,199 [INFO] UtilMem:75 - Before build in PCC Used Memory: 673486528 Bytes (934281216)
2023-05-14 15:11:04,412 [INFO] UtilMem:75 - After build in PCC Used Memory: 718575296 Bytes (934281216)
2023-05-14 15:11:04,436 [INFO] IPUIPlugin:80 - create IPUIPlugin
2023-05-14 15:11:04,437 [INFO] IPUIPlugin:80 - create IPUIPlugin
2023-05-14 15:11:04,437 [INFO] IPUIPlugin:80 - create IPUIPlugin
2023-05-14 15:11:04,437 [INFO] IPUIPlugin:80 - create IPUIPlugin
2023-05-14 15:11:04,437 [INFO] IPUIPlugin:80 - create IPUIPlugin
2023-05-14 15:11:04,437 [INFO] IPUIPlugin:80 - create IPUIPlugin
2023-05-14 15:11:04,437 [INFO] IPUIPlugin:80 - create IPUIPlugin
2023-05-14 15:11:04,437 [INFO] IPUIPlugin:80 - create IPUIPlugin
2023-05-14 15:11:04,437 [INFO] IPUIPlugin:80 - create IPUIPlugin
2023-05-14 15:11:04,437 [INFO] IPUIPlugin:80 - create IPUIPlugin
2023-05-14 15:11:04,437 [INFO] IPUIPlugin:80 - create IPUIPlugin
2023-05-14 15:11:04,437 [INFO] IPUIPlugin:80 - create IPUIPlugin
2023-05-14 15:11:04,437 [INFO] IPUIPlugin:80 - create IPUIPlugin
2023-05-14 15:11:04,438 [INFO] IPUIPlugin:80 - create IPUIPlugin
2023-05-14 15:11:04,438 [INFO] IPUIPlugin:80 - create IPUIPlugin
2023-05-14 15:11:04,438 [INFO] IPUIPlugin:80 - create IPUIPlugin
2023-05-14 15:11:04,438 [INFO] IPUIPlugin:80 - create IPUIPlugin
2023-05-14 15:11:04,438 [INFO] IPUIPlugin:80 - create IPUIPlugin
2023-05-14 15:11:04,438 [INFO] IPUIPlugin:80 - create IPUIPlugin
2023-05-14 15:11:04,438 [INFO] IPUIPlugin:80 - create IPUIPlugin
2023-05-14 15:11:04,438 [INFO] IPUIPlugin:80 - create IPUIPlugin
2023-05-14 15:11:04,438 [INFO] IPUIPlugin:80 - create IPUIPlugin
2023-05-14 15:11:04,438 [INFO] IPUIPlugin:80 - create IPUIPlugin
2023-05-14 15:11:04,438 [INFO] IPUIPlugin:80 - create IPUIPlugin
2023-05-14 15:11:04,439 [INFO] IPUIPlugin:80 - create IPUIPlugin
2023-05-14 15:11:04,439 [INFO] IPUIPlugin:80 - create IPUIPlugin
2023-05-14 15:11:04,439 [INFO] IPUIPlugin:80 - create IPUIPlugin
2023-05-14 15:11:04,439 [INFO] IPUIPlugin:80 - create IPUIPlugin
2023-05-14 15:11:04,439 [INFO] IPUIPlugin:80 - create IPUIPlugin
2023-05-14 15:11:04,439 [INFO] IPUIPlugin:80 - create IPUIPlugin
2023-05-14 15:11:04,439 [INFO] IPUIPlugin:80 - create IPUIPlugin
2023-05-14 15:11:04,439 [INFO] IPUIPlugin:80 - create IPUIPlugin
2023-05-14 15:11:04,439 [INFO] IPUIPlugin:80 - create IPUIPlugin
2023-05-14 15:11:04,439 [INFO] IPUIPlugin:80 - create IPUIPlugin
2023-05-14 15:11:04,439 [INFO] IPUIPlugin:80 - create IPUIPlugin
2023-05-14 15:11:04,439 [INFO] IPUIPlugin:80 - create IPUIPlugin
2023-05-14 15:11:04,440 [INFO] IPUIPlugin:80 - create IPUIPlugin
2023-05-14 15:11:04,440 [INFO] IPUIPlugin:80 - create IPUIPlugin
2023-05-14 15:11:04,440 [INFO] IPUIPlugin:80 - create IPUIPlugin
2023-05-14 15:11:04,440 [INFO] IPUIPlugin:80 - create IPUIPlugin
2023-05-14 15:11:04,440 [INFO] IPUIPlugin:80 - create IPUIPlugin
2023-05-14 15:11:04,440 [INFO] IPUIPlugin:80 - create IPUIPlugin
2023-05-14 15:11:04,440 [INFO] IPUIPlugin:80 - create IPUIPlugin
2023-05-14 15:11:04,440 [INFO] IPUIPlugin:80 - create IPUIPlugin
2023-05-14 15:11:04,440 [INFO] IPUIPlugin:80 - create IPUIPlugin
2023-05-14 15:11:04,440 [INFO] IPUIPlugin:80 - create IPUIPlugin
2023-05-14 15:11:04,440 [INFO] IPUIPlugin:80 - create IPUIPlugin
2023-05-14 15:11:04,440 [INFO] IPUIPlugin:80 - create IPUIPlugin
2023-05-14 15:11:04,440 [INFO] IPUIPlugin:80 - create IPUIPlugin
2023-05-14 15:11:04,440 [INFO] IPUIPlugin:80 - create IPUIPlugin
2023-05-14 15:11:04,441 [INFO] IPUIPlugin:80 - create IPUIPlugin
2023-05-14 15:11:04,441 [INFO] IPUIPlugin:80 - create IPUIPlugin
2023-05-14 15:11:04,441 [INFO] IPUIPlugin:80 - create IPUIPlugin
2023-05-14 15:11:04,441 [INFO] IPUIPlugin:80 - create IPUIPlugin
2023-05-14 15:11:04,441 [INFO] IPUIPlugin:80 - create IPUIPlugin
2023-05-14 15:11:04,506 [INFO] CADModel:165 - CPN selected for project levelSTM32F303VCT6
2023-05-14 15:11:04,506 [INFO] CADModel:114 - Register for checkConnection events
2023-05-14 15:11:04,548 [INFO] OpenFileManager:328 - Restore cursor
2023-05-14 15:11:04,744 [WARN] IP:2113 - lpm_enable not found: check if there is a RefParameter without a condition.
2023-05-14 15:11:04,744 [WARN] IP:2113 - lpm_enable not found: check if there is a RefParameter without a condition.
2023-05-14 15:25:39,742 [INFO] I2cTimingTraitement:330 - 0x2000090E
